{"type":"FeatureCollection","metadados":{"descricao":"Áreas de concessão das distribuidoras de energia elétrica do Brasil (camada 'Área de Atuação' do SIGEL/ANEEL), convertida de Esri JSON para GeoJSON padrão.","fonte":"ANEEL SIGEL — https://sigel.aneel.gov.br/arcgis/rest/services/PORTAL/Área_de_Atuação/FeatureServer/0","sistema_de_coordenadas":"SIRGAS 2000 (EPSG:4674) — geodésicamente equivalente a WGS84 (EPSG:4326) para fins práticos; diferença de poucos centímetros, irrelevante para cruzar com grade climática de 9km (ERA5-Land).","simplificacao_geometrica":"Contornos simplificados na consulta original (maxAllowableOffset=0.01 grau, ~1km) — adequado para cruzamento com grade de 9km, não usar para precisão cadastral/jurídica.","total_areas":103,"areas_com_multiplas_partes":38,"nota_importante":"Cada polígono é a área de concessão de UMA distribuidora — não existem 'regiões genéricas' nesta camada. Os campos de identificação da empresa (sigla, razao_social, cnpj) podem ser ignorados se só a forma geográfica interessar; a geometria continua válida e utilizável de qualquer forma.","gerado_em":"2026-09-19"},"features":[{"type":"Feature","properties":{"codigo_area_atuacao":"C.085.AM.2019","sigla":"AME","num_municipios":63,"populacao_estimada_2018":4074837,"area_km2":1559179.59379021,"tipo_outorga":"CONCESSIONÁRIA","uf":"AM","regiao":"NORTE","num_unidades_consumidoras":1065509,"cnpj":"02.341.467/0001-20","razao_social":"AMAZONAS ENERGIA S.A","ato_legal":"ECT 001/2019 de 11/04/2019; PRT 420/2016 de 03/08/2016; ECT 020/2001-2 de 04/11/2008","inicio_vigencia_epoch_ms":1199156400000,"cnpj_digits":"02341467000120","subsystem_id":"N","subsystem_mapping_method":"GEOGRAPHIC_REGION_PROXY_MVP"},"geometry":{"type":"Polygon","coordinates":[[[-63.289,2.157],[-63.194,2.181],[-63.146,2.173],[-63.12,2.096],[-63.054,2.029],[-63.024,2.015],[-62.948,2.031],[-62.839,2.016],[-62.703,1.934],[-62.704,1.874],[-62.731,1.818],[-62.724,1.712],[-62.793,1.635],[-62.805,1.591],[-62.736,1.53],[-62.721,1.489],[-62.636,1.432],[-62.541,1.112],[-62.521,1.084],[-62.472,1.086],[-62.478,1.028],[-62.443,0.959],[-62.486,0.858],[-62.458,0.785],[-62.533,0.701],[-62.518,0.584],[-62.533,0.509],[-62.519,0.444],[-62.485,0.454],[-62.446,0.379],[-62.467,0.333],[-62.468,0.276],[-62.453,0.207],[-62.429,0.174],[-62.422,0.098],[-62.337,0.022],[-62.313,-0.047],[-62.331,-0.055],[-62.315,-0.069],[-62.32,-0.096],[-62.242,-0.17],[-62.248,-0.296],[-62.231,-0.316],[-62.219,-0.306],[-62.187,-0.326],[-62.208,-0.368],[-62.202,-0.387],[-62.226,-0.421],[-62.28,-0.443],[-62.267,-0.469],[-62.285,-0.472],[-62.285,-0.493],[-62.307,-0.508],[-62.3,-0.529],[-62.318,-0.545],[-62.291,-0.598],[-62.302,-0.615],[-62.289,-0.622],[-62.293,-0.648],[-62.327,-0.653],[-62.342,-0.673],[-62.37,-0.668],[-62.357,-0.702],[-62.403,-0.722],[-62.427,-0.69],[-62.487,-0.681],[-62.508,-0.714],[-62.495,-0.751],[-62.51,-0.759],[-62.481,-0.795],[-62.466,-0.789],[-62.448,-0.81],[-62.396,-0.82],[-62.376,-0.836],[-62.376,-0.866],[-62.294,-0.948],[-62.272,-0.952],[-62.259,-0.976],[-62.204,-0.983],[-62.2,-1.0],[-62.126,-1.037],[-62.1,-1.097],[-62.062,-1.1],[-62.032,-1.126],[-61.897,-1.395],[-61.827,-1.402],[-61.79,-1.379],[-61.624,-1.439],[-61.475,-1.579],[-61.473,-1.528],[-61.516,-1.502],[-61.538,-1.433],[-61.574,-1.429],[-61.582,-1.41],[-61.619,-1.395],[-61.582,-1.353],[-61.629,-1.301],[-61.571,-1.183],[-61.581,-1.157],[-61.566,-1.129],[-61.58,-1.111],[-61.566,-1.1],[-61.578,-1.08],[-61.543,-1.062],[-61.559,-1.011],[-61.543,-0.993],[-61.579,-0.983],[-61.583,-0.937],[-61.538,-0.848],[-61.549,-0.804],[-61.536,-0.754],[-61.485,-0.717],[-61.465,-0.66],[-61.432,-0.654],[-61.434,-0.633],[-61.36,-0.597],[-61.234,-0.562],[-61.223,-0.5],[-61.169,-0.516],[-61.158,-0.498],[-61.098,-0.499],[-61.07,-0.513],[-61.057,-0.544],[-60.995,-0.561],[-60.934,-0.548],[-60.92,-0.62],[-60.895,-0.644],[-60.862,-0.645],[-60.855,-0.686],[-60.807,-0.694],[-60.806,-0.74],[-60.771,-0.756],[-60.788,-0.783],[-60.756,-0.791],[-60.77,-0.801],[-60.765,-0.86],[-60.684,-0.865],[-60.669,-0.888],[-60.621,-0.852],[-60.596,-0.866],[-60.588,-0.843],[-60.53,-0.867],[-60.503,-0.841],[-60.519,-0.826],[-60.493,-0.811],[-60.498,-0.781],[-60.475,-0.762],[-60.426,-0.771],[-60.418,-0.757],[-60.385,-0.754],[-60.374,-0.732],[-60.363,-0.743],[-60.311,-0.718],[-60.303,-0.69],[-60.315,-0.636],[-60.354,-0.617],[-60.368,-0.582],[-60.382,-0.588],[-60.389,-0.574],[-60.377,-0.57],[-60.406,-0.515],[-60.383,-0.459],[-60.345,-0.435],[-60.352,-0.407],[-60.327,-0.381],[-60.324,-0.333],[-60.304,-0.325],[-60.293,-0.295],[-60.31,-0.264],[-60.297,-0.25],[-60.303,-0.21],[-60.281,-0.21],[-60.269,-0.177],[-60.221,-0.142],[-60.239,-0.112],[-60.212,-0.039],[-60.133,0.028],[-60.14,0.045],[-60.118,0.081],[-60.134,0.103],[-60.11,0.135],[-60.059,0.163],[-60.038,0.264],[-58.895,0.264],[-58.898,-0.018],[-58.863,-0.087],[-58.863,-0.161],[-58.881,-0.197],[-58.865,-0.266],[-58.873,-0.344],[-58.843,-0.37],[-58.783,-0.389],[-58.725,-0.438],[-58.737,-0.472],[-58.709,-0.546],[-58.73,-0.564],[-58.726,-0.608],[-58.738,-0.618],[-58.708,-0.652],[-58.708,-0.678],[-58.664,-0.718],[-58.634,-0.719],[-58.613,-0.758],[-58.573,-0.782],[-58.556,-0.814],[-58.534,-0.817],[-58.534,-0.83],[-58.49,-0.833],[-58.489,-0.86],[-58.44,-0.874],[-58.435,-0.894],[-58.455,-0.899],[-58.449,-0.935],[-58.41,-0.981],[-58.429,-1.029],[-58.412,-1.048],[-58.391,-1.041],[-58.321,-1.146],[-58.256,-1.131],[-58.154,-1.233],[-58.118,-1.188],[-58.124,-1.164],[-58.093,-1.162],[-58.059,-1.107],[-58.017,-1.104],[-58.012,-1.136],[-57.966,-1.169],[-57.976,-1.193],[-57.959,-1.223],[-57.972,-1.229],[-57.999,-1.331],[-57.969,-1.359],[-57.973,-1.375],[-57.954,-1.38],[-57.958,-1.403],[-57.911,-1.405],[-57.91,-1.429],[-57.823,-1.439],[-57.795,-1.487],[-57.772,-1.487],[-57.78,-1.51],[-57.712,-1.503],[-57.706,-1.572],[-57.678,-1.595],[-57.659,-1.581],[-57.622,-1.589],[-57.601,-1.572],[-57.588,-1.581],[-57.595,-1.6],[-57.522,-1.629],[-57.526,-1.655],[-57.506,-1.642],[-57.473,-1.679],[-57.44,-1.665],[-57.436,-1.691],[-57.402,-1.677],[-57.386,-1.698],[-57.392,-1.725],[-57.373,-1.714],[-57.351,-1.737],[-57.332,-1.716],[-57.305,-1.733],[-57.292,-1.708],[-57.264,-1.722],[-57.259,-1.697],[-57.231,-1.728],[-57.204,-1.711],[-57.201,-1.735],[-57.167,-1.719],[-57.164,-1.769],[-57.127,-1.766],[-57.114,-1.793],[-57.085,-1.78],[-57.061,-1.811],[-57.073,-1.839],[-57.028,-1.918],[-56.988,-1.907],[-56.953,-1.96],[-56.897,-1.976],[-56.85,-2.02],[-56.739,-2.017],[-56.721,-2.059],[-56.769,-2.141],[-56.769,-2.166],[-56.708,-2.184],[-56.69,-2.209],[-56.613,-2.21],[-56.598,-2.175],[-56.57,-2.175],[-56.527,-2.139],[-56.478,-2.17],[-56.444,-2.154],[-56.414,-2.176],[-56.375,-2.139],[-56.317,-2.14],[-56.297,-2.101],[-56.256,-2.088],[-56.228,-2.056],[-56.098,-2.027],[-56.204,-2.183],[-56.384,-2.27],[-56.466,-2.423],[-56.402,-2.457],[-58.255,-6.454],[-58.286,-6.49],[-58.327,-6.5],[-58.35,-6.562],[-58.427,-6.616],[-58.478,-6.7],[-58.482,-6.781],[-58.435,-6.909],[-58.38,-6.971],[-58.335,-6.986],[-58.288,-7.062],[-58.21,-7.134],[-58.17,-7.222],[-58.17,-7.313],[-58.137,-7.356],[-58.213,-7.459],[-58.223,-7.524],[-58.202,-7.621],[-58.281,-7.706],[-58.294,-7.772],[-58.385,-7.844],[-58.373,-7.907],[-58.332,-7.969],[-58.322,-8.025],[-58.288,-8.08],[-58.287,-8.129],[-58.322,-8.17],[-58.313,-8.209],[-58.328,-8.286],[-58.315,-8.323],[-58.35,-8.346],[-58.355,-8.393],[-58.418,-8.49],[-58.41,-8.57],[-58.39,-8.595],[-58.437,-8.703],[-58.412,-8.721],[-58.351,-8.702],[-58.328,-8.712],[-58.332,-8.726],[-58.395,-8.78],[-58.443,-8.799],[-61.583,-8.799],[-61.606,-8.795],[-61.631,-8.722],[-61.705,-8.708],[-61.713,-8.688],[-61.742,-8.695],[-61.775,-8.748],[-61.837,-8.733],[-61.861,-8.804],[-61.86,-8.853],[-61.914,-8.877],[-61.985,-8.879],[-62.031,-8.8],[-62.125,-8.802],[-62.155,-8.74],[-62.149,-8.718],[-62.172,-8.695],[-62.165,-8.679],[-62.201,-8.644],[-62.177,-8.637],[-62.188,-8.591],[-62.269,-8.576],[-62.293,-8.596],[-62.281,-8.639],[-62.336,-8.609],[-62.326,-8.564],[-62.337,-8.517],[-62.366,-8.494],[-62.365,-8.391],[-62.432,-8.372],[-62.465,-8.34],[-62.526,-8.383],[-62.552,-8.358],[-62.562,-8.284],[-62.65,-8.237],[-62.66,-8.2],[-62.683,-8.181],[-62.673,-8.145],[-62.692,-8.093],[-62.744,-8.045],[-62.81,-8.025],[-62.845,-7.987],[-62.867,-7.976],[-63.621,-7.977],[-63.622,-8.03],[-63.667,-8.082],[-63.67,-8.122],[-63.747,-8.199],[-63.723,-8.249],[-63.774,-8.321],[-63.791,-8.333],[-63.871,-8.289],[-63.911,-8.329],[-63.944,-8.331],[-63.945,-8.388],[-63.978,-8.42],[-63.944,-8.435],[-63.941,-8.452],[-63.975,-8.487],[-63.925,-8.576],[-63.946,-8.609],[-63.986,-8.586],[-64.035,-8.694],[-64.028,-8.716],[-64.131,-8.722],[-64.145,-8.776],[-64.129,-8.805],[-64.158,-8.843],[-64.149,-8.959],[-64.233,-8.992],[-64.311,-8.996],[-64.326,-8.98],[-64.31,-8.934],[-64.323,-8.929],[-64.447,-8.977],[-64.55,-8.978],[-64.611,-9.016],[-64.671,-9.015],[-64.699,-8.988],[-64.754,-9.021],[-64.792,-8.986],[-64.839,-8.994],[-64.894,-9.044],[-64.917,-9.043],[-64.94,-9.125],[-64.92,-9.22],[-64.936,-9.256],[-64.963,-9.293],[-65.001,-9.305],[-65.006,-9.344],[-65.039,-9.36],[-65.054,-9.402],[-65.092,-9.409],[-65.098,-9.433],[-65.143,-9.447],[-65.185,-9.427],[-65.174,-9.385],[-65.196,-9.375],[-65.188,-9.345],[-65.208,-9.286],[-65.247,-9.258],[-65.385,-9.338],[-65.447,-9.316],[-65.457,-9.401],[-65.435,-9.466],[-65.468,-9.459],[-65.493,-9.474],[-65.507,-9.448],[-65.597,-9.414],[-65.679,-9.451],[-65.681,-9.5],[-65.724,-9.559],[-65.75,-9.554],[-65.792,-9.586],[-65.818,-9.562],[-65.825,-9.53],[-65.848,-9.532],[-65.847,-9.516],[-65.881,-9.487],[-65.913,-9.484],[-65.97,-9.413],[-66.027,-9.401],[-66.06,-9.418],[-66.124,-9.409],[-66.174,-9.434],[-66.243,-9.429],[-66.268,-9.41],[-66.29,-9.412],[-66.284,-9.432],[-66.307,-9.437],[-66.319,-9.42],[-66.375,-9.426],[-66.409,-9.407],[-66.415,-9.422],[-66.39,-9.456],[-66.392,-9.5],[-66.495,-9.602],[-66.501,-9.634],[-66.586,-9.674],[-66.609,-9.665],[-66.725,-9.756],[-66.775,-9.753],[-66.781,-9.791],[-66.81,-9.818],[-67.326,-9.592],[-67.517,-9.561],[-68.647,-9.049],[-70.055,-7.845],[-72.585,-7.552],[-73.802,-7.112],[-73.727,-7.023],[-73.753,-6.933],[-73.707,-6.84],[-73.643,-6.762],[-73.56,-6.721],[-73.516,-6.677],[-73.381,-6.635],[-73.354,-6.595],[-73.247,-6.584],[-73.222,-6.565],[-73.213,-6.578],[-73.184,-6.528],[-73.159,-6.525],[-73.138,-6.498],[-73.109,-6.41],[-73.134,-6.387],[-73.165,-6.274],[-73.219,-6.222],[-73.221,-6.179],[-73.25,-6.145],[-73.251,-6.105],[-73.232,-6.074],[-73.237,-6.032],[-73.189,-5.999],[-73.188,-5.939],[-73.157,-5.869],[-73.115,-5.854],[-73.117,-5.829],[-73.055,-5.789],[-73.043,-5.749],[-72.985,-5.694],[-72.986,-5.662],[-72.962,-5.655],[-72.974,-5.624],[-72.951,-5.584],[-72.957,-5.465],[-72.864,-5.273],[-72.864,-5.217],[-72.885,-5.167],[-72.856,-5.144],[-72.816,-5.138],[-72.815,-5.11],[-72.783,-5.113],[-72.754,-5.083],[-72.739,-5.092],[-72.734,-5.064],[-72.708,-5.053],[-72.692,-5.065],[-72.63,-5.052],[-72.611,-5.037],[-72.607,-4.996],[-72.528,-4.958],[-72.522,-4.937],[-72.498,-4.954],[-72.491,-4.937],[-72.482,-4.954],[-72.477,-4.929],[-72.458,-4.926],[-72.464,-4.896],[-72.433,-4.911],[-72.42,-4.898],[-72.427,-4.881],[-72.386,-4.872],[-72.372,-4.807],[-72.324,-4.797],[-72.321,-4.778],[-72.272,-4.796],[-72.254,-4.765],[-72.247,-4.781],[-72.231,-4.777],[-72.206,-4.751],[-72.192,-4.762],[-72.193,-4.747],[-72.141,-4.714],[-72.127,-4.723],[-72.063,-4.653],[-72.045,-4.652],[-72.039,-4.623],[-72.006,-4.642],[-71.977,-4.608],[-71.945,-4.605],[-71.927,-4.545],[-71.903,-4.544],[-71.904,-4.528],[-71.885,-4.534],[-71.883,-4.516],[-71.868,-4.527],[-71.777,-4.488],[-71.761,-4.504],[-71.749,-4.473],[-71.715,-4.512],[-71.655,-4.496],[-71.654,-4.508],[-71.619,-4.47],[-71.634,-4.519],[-71.606,-4.534],[-71.538,-4.467],[-71.495,-4.487],[-71.509,-4.448],[-71.489,-4.46],[-71.46,-4.439],[-71.418,-4.466],[-71.396,-4.433],[-71.354,-4.428],[-71.315,-4.459],[-71.303,-4.452],[-71.324,-4.422],[-71.31,-4.418],[-71.286,-4.443],[-71.267,-4.429],[-71.278,-4.388],[-71.229,-4.388],[-71.231,-4.408],[-71.207,-4.38],[-71.201,-4.426],[-71.185,-4.393],[-71.15,-4.4],[-71.154,-4.383],[-71.118,-4.411],[-71.101,-4.377],[-71.08,-4.38],[-71.08,-4.396],[-71.048,-4.375],[-71.043,-4.401],[-70.996,-4.385],[-70.997,-4.345],[-70.943,-4.386],[-70.909,-4.333],[-70.88,-4.323],[-70.879,-4.293],[-70.85,-4.279],[-70.869,-4.251],[-70.833,-4.25],[-70.808,-4.184],[-70.759,-4.16],[-70.681,-4.2],[-70.675,-4.145],[-70.656,-4.167],[-70.653,-4.127],[-70.624,-4.132],[-70.639,-4.166],[-70.625,-4.193],[-70.565,-4.169],[-70.549,-4.137],[-70.521,-4.143],[-70.509,-4.164],[-70.522,-4.191],[-70.503,-4.197],[-70.488,-4.162],[-70.473,-4.177],[-70.444,-4.165],[-70.44,-4.134],[-70.376,-4.142],[-70.341,-4.187],[-70.326,-4.146],[-70.292,-4.177],[-70.285,-4.234],[-70.316,-4.26],[-70.29,-4.282],[-70.298,-4.291],[-70.256,-4.278],[-70.267,-4.312],[-70.217,-4.319],[-70.199,-4.366],[-70.152,-4.336],[-70.168,-4.315],[-70.158,-4.284],[-70.12,-4.29],[-70.108,-4.264],[-70.098,-4.297],[-70.071,-4.297],[-70.079,-4.325],[-70.033,-4.355],[-69.981,-4.327],[-69.964,-4.301],[-69.951,-4.227],[-69.935,-4.216],[-69.712,-3.001],[-69.453,-1.531],[-69.457,-1.493],[-69.435,-1.458],[-69.43,-1.387],[-69.4,-1.371],[-69.431,-1.233],[-69.396,-1.133],[-69.425,-1.084],[-69.424,-1.049],[-69.443,-1.037],[-69.422,-1.0],[-69.45,-0.998],[-69.464,-0.967],[-69.524,-0.93],[-69.523,-0.886],[-69.574,-0.842],[-69.563,-0.812],[-69.626,-0.75],[-69.564,-0.64],[-69.605,-0.6],[-69.593,-0.568],[-69.615,-0.54],[-69.615,-0.506],[-69.733,-0.446],[-69.775,-0.4],[-69.824,-0.381],[-69.845,-0.346],[-69.893,-0.349],[-69.923,-0.332],[-69.997,-0.235],[-70.057,-0.187],[-70.041,-0.114],[-70.044,0.559],[-70.016,0.539],[-69.995,0.548],[-69.999,0.57],[-69.942,0.554],[-69.915,0.585],[-69.887,0.575],[-69.832,0.59],[-69.809,0.572],[-69.75,0.622],[-69.725,0.617],[-69.718,0.643],[-69.68,0.671],[-69.607,0.629],[-69.566,0.684],[-69.534,0.684],[-69.528,0.708],[-69.481,0.736],[-69.438,0.71],[-69.359,0.612],[-69.341,0.639],[-69.325,0.633],[-69.302,0.649],[-69.288,0.646],[-69.298,0.603],[-69.204,0.605],[-69.193,0.652],[-69.117,0.635],[-69.115,0.65],[-69.145,0.703],[-69.186,0.733],[-69.187,0.749],[-69.145,0.783],[-69.166,0.852],[-69.142,0.852],[-69.136,0.877],[-69.185,0.903],[-69.191,0.933],[-69.163,0.946],[-69.221,0.985],[-69.206,1.01],[-69.265,1.064],[-69.307,1.071],[-69.322,1.096],[-69.38,1.095],[-69.417,1.052],[-69.448,1.084],[-69.566,1.081],[-69.607,1.105],[-69.685,1.076],[-69.706,1.082],[-69.711,1.127],[-69.766,1.113],[-69.812,1.069],[-69.844,1.085],[-69.843,1.721],[-69.786,1.705],[-69.742,1.744],[-69.636,1.737],[-69.552,1.792],[-69.487,1.762],[-69.426,1.757],[-69.393,1.724],[-68.157,1.732],[-68.188,1.785],[-68.237,1.773],[-68.234,1.83],[-68.267,1.827],[-68.243,1.927],[-68.183,1.979],[-68.141,1.985],[-68.088,1.901],[-68.043,1.9],[-67.974,1.833],[-67.941,1.831],[-67.907,1.866],[-67.913,1.898],[-67.86,1.92],[-67.769,2.039],[-67.62,2.024],[-67.586,2.085],[-67.558,2.106],[-67.54,2.156],[-67.448,2.208],[-67.431,2.242],[-67.389,2.244],[-67.343,2.205],[-67.326,2.03],[-67.287,1.889],[-67.244,1.858],[-67.157,1.849],[-67.097,1.733],[-67.072,1.443],[-67.088,1.167],[-66.857,1.23],[-66.319,0.755],[-66.316,0.736],[-66.318,0.755],[-66.213,0.781],[-66.188,0.779],[-66.151,0.744],[-66.115,0.763],[-66.089,0.759],[-66.07,0.805],[-65.964,0.809],[-65.933,0.863],[-65.937,0.882],[-65.901,0.884],[-65.882,0.902],[-65.88,0.933],[-65.774,0.959],[-65.739,1.0],[-65.696,1.004],[-65.679,0.989],[-65.653,1.012],[-65.625,0.989],[-65.627,1.009],[-65.586,1.009],[-65.572,0.985],[-65.558,0.993],[-65.558,0.976],[-65.542,0.976],[-65.508,0.916],[-65.512,0.885],[-65.494,0.882],[-65.5,0.842],[-65.528,0.833],[-65.531,0.805],[-65.574,0.764],[-65.591,0.722],[-65.541,0.649],[-65.531,0.668],[-65.453,0.685],[-65.424,0.708],[-65.414,0.755],[-65.396,0.758],[-65.413,0.816],[-65.352,0.873],[-65.329,0.932],[-65.27,0.943],[-65.264,0.92],[-65.209,0.929],[-65.207,0.907],[-65.182,0.922],[-65.147,1.009],[-65.169,1.018],[-65.154,1.056],[-65.155,1.125],[-65.103,1.157],[-65.071,1.153],[-65.061,1.112],[-65.022,1.115],[-64.961,1.19],[-64.961,1.23],[-64.935,1.211],[-64.898,1.253],[-64.887,1.232],[-64.869,1.232],[-64.862,1.269],[-64.825,1.295],[-64.823,1.278],[-64.803,1.311],[-64.764,1.231],[-64.729,1.235],[-64.702,1.291],[-64.66,1.291],[-64.635,1.32],[-64.591,1.337],[-64.576,1.354],[-64.583,1.375],[-64.528,1.444],[-64.501,1.443],[-64.454,1.48],[-64.439,1.472],[-64.397,1.527],[-64.351,1.518],[-64.349,1.502],[-64.379,1.464],[-64.4,1.395],[-64.359,1.39],[-64.338,1.364],[-64.326,1.436],[-64.302,1.468],[-64.247,1.508],[-64.216,1.508],[-64.174,1.571],[-64.126,1.578],[-64.095,1.617],[-64.061,1.702],[-64.078,1.759],[-64.055,1.825],[-64.071,1.852],[-64.062,1.931],[-63.996,1.98],[-63.899,1.992],[-63.837,1.965],[-63.824,1.991],[-63.785,1.982],[-63.76,2.004],[-63.741,2.0],[-63.703,2.046],[-63.692,2.023],[-63.668,2.017],[-63.662,2.065],[-63.638,2.069],[-63.617,2.107],[-63.562,2.132],[-63.509,2.114],[-63.467,2.141],[-63.444,2.125],[-63.421,2.131],[-63.394,2.157],[-63.395,2.2],[-63.372,2.212],[-63.289,2.157]]]}},{"type":"Feature","properties":{"codigo_area_atuacao":"C.003.RJ.1996","sigla":"ENEL RJ","num_municipios":66,"populacao_estimada_2018":5935731,"area_km2":31112.86694405,"tipo_outorga":"CONCESSIONÁRIA","uf":"RJ","regiao":"SUDESTE","num_unidades_consumidoras":2766570,"cnpj":"33.050.071/0001-58","razao_social":"AMPLA ENERGIA E SERVIÇOS S.A.","ato_legal":"ECT 05/1996 de 09/12/1996","inicio_vigencia_epoch_ms":820465200000,"cnpj_digits":"33050071000158","subsystem_id":"SE/CO","subsystem_mapping_method":"GEOGRAPHIC_REGION_PROXY_MVP"},"geometry":{"type":"MultiPolygon","coordinates":[[[[-41.859,-20.765],[-41.828,-20.797],[-41.806,-20.798],[-41.814,-20.805],[-41.782,-20.798],[-41.746,-20.813],[-41.741,-20.873],[-41.712,-20.869],[-41.722,-20.923],[-41.737,-20.931],[-41.71,-20.991],[-41.736,-21.101],[-41.705,-21.109],[-41.717,-21.125],[-41.694,-21.115],[-41.613,-21.157],[-41.587,-21.149],[-41.565,-21.184],[-41.556,-21.172],[-41.517,-21.188],[-41.512,-21.176],[-41.487,-21.18],[-41.446,-21.215],[-41.377,-21.196],[-41.316,-21.214],[-41.297,-21.235],[-41.261,-21.237],[-41.241,-21.22],[-41.191,-21.249],[-41.092,-21.218],[-41.041,-21.255],[-41.005,-21.251],[-40.996,-21.286],[-40.979,-21.28],[-40.959,-21.303],[-40.961,-21.361],[-41.073,-21.517],[-41.05,-21.616],[-41.012,-21.621],[-41.025,-21.725],[-40.975,-21.941],[-40.986,-22.004],[-41.211,-22.136],[-41.494,-22.215],[-41.674,-22.291],[-41.765,-22.354],[-41.777,-22.371],[-41.768,-22.391],[-41.839,-22.433],[-41.861,-22.477],[-41.893,-22.488],[-41.933,-22.538],[-41.962,-22.535],[-41.998,-22.609],[-41.988,-22.71],[-41.926,-22.77],[-41.872,-22.737],[-41.864,-22.755],[-41.878,-22.776],[-41.889,-22.771],[-41.881,-22.784],[-41.922,-22.787],[-41.928,-22.814],[-41.971,-22.823],[-41.986,-22.853],[-41.98,-22.874],[-42.029,-22.898],[-42.034,-22.945],[-41.995,-22.962],[-42.02,-22.971],[-42.013,-22.997],[-42.038,-22.967],[-42.074,-22.956],[-42.328,-22.937],[-42.602,-22.934],[-42.674,-22.944],[-42.69,-22.962],[-43.052,-22.982],[-43.052,-22.964],[-43.114,-22.952],[-43.117,-22.937],[-43.135,-22.938],[-43.121,-22.922],[-43.102,-22.935],[-43.096,-22.916],[-43.131,-22.911],[-43.135,-22.882],[-43.114,-22.881],[-43.125,-22.872],[-43.114,-22.865],[-43.112,-22.878],[-43.097,-22.828],[-43.065,-22.803],[-43.082,-22.789],[-43.069,-22.77],[-43.027,-22.746],[-43.033,-22.694],[-43.085,-22.677],[-43.128,-22.715],[-43.221,-22.725],[-43.225,-22.675],[-43.194,-22.623],[-43.225,-22.564],[-43.255,-22.573],[-43.261,-22.561],[-43.246,-22.527],[-43.222,-22.522],[-43.302,-22.474],[-43.288,-22.462],[-43.298,-22.451],[-43.32,-22.459],[-43.377,-22.442],[-43.288,-22.371],[-43.245,-22.305],[-43.177,-22.299],[-43.16,-22.193],[-43.109,-22.2],[-43.039,-22.163],[-43.059,-22.19],[-43.048,-22.209],[-43.017,-22.148],[-42.955,-22.139],[-42.974,-22.097],[-42.957,-22.084],[-42.904,-22.113],[-42.872,-22.101],[-42.864,-22.165],[-42.794,-22.122],[-42.753,-22.119],[-42.752,-22.191],[-42.732,-22.209],[-42.744,-22.234],[-42.716,-22.253],[-42.711,-22.287],[-42.728,-22.356],[-42.694,-22.389],[-42.651,-22.396],[-42.585,-22.355],[-42.564,-22.359],[-42.556,-22.424],[-42.576,-22.44],[-42.542,-22.458],[-42.512,-22.435],[-42.471,-22.449],[-42.39,-22.42],[-42.329,-22.428],[-42.279,-22.403],[-42.294,-22.392],[-42.257,-22.366],[-42.226,-22.352],[-42.205,-22.369],[-42.216,-22.341],[-42.262,-22.32],[-42.251,-22.306],[-42.278,-22.292],[-42.359,-22.302],[-42.475,-22.224],[-42.523,-22.159],[-42.573,-22.163],[-42.577,-22.141],[-42.618,-22.133],[-42.591,-22.106],[-42.603,-22.084],[-42.574,-22.064],[-42.571,-22.011],[-42.547,-21.998],[-42.559,-21.958],[-42.538,-21.916],[-42.43,-21.871],[-42.453,-21.852],[-42.44,-21.829],[-42.469,-21.798],[-42.46,-21.785],[-42.267,-21.714],[-42.274,-21.677],[-42.301,-21.655],[-42.34,-21.662],[-42.348,-21.642],[-42.37,-21.64],[-42.355,-21.625],[-42.369,-21.619],[-42.33,-21.56],[-42.309,-21.551],[-42.306,-21.529],[-42.286,-21.528],[-42.255,-21.487],[-42.292,-21.459],[-42.275,-21.404],[-42.238,-21.402],[-42.252,-21.387],[-42.23,-21.366],[-42.229,-21.282],[-42.19,-21.251],[-42.208,-21.178],[-42.164,-21.101],[-42.14,-21.103],[-42.101,-21.034],[-42.08,-21.035],[-42.151,-20.974],[-42.094,-20.936],[-42.023,-20.925],[-41.976,-20.936],[-41.954,-20.865],[-41.927,-20.839],[-41.929,-20.794],[-41.902,-20.797],[-41.859,-20.765]]],[[[-44.719,-23.359],[-44.721,-23.359],[-44.719,-23.357],[-44.719,-23.359]]],[[[-44.672,-23.357],[-44.673,-23.356],[-44.671,-23.355],[-44.672,-23.357]]],[[[-44.666,-23.352],[-44.666,-23.351],[-44.665,-23.351],[-44.666,-23.352]],[[-44.665,-23.35],[-44.665,-23.35],[-44.665,-23.35],[-44.665,-23.35]]],[[[-44.568,-23.348],[-44.567,-23.348],[-44.57,-23.353],[-44.568,-23.348]]],[[[-44.68,-23.343],[-44.681,-23.342],[-44.679,-23.342],[-44.68,-23.343]],[[-44.681,-23.342],[-44.681,-23.342],[-44.681,-23.341],[-44.681,-23.342]],[[-44.636,-23.28],[-44.637,-23.28],[-44.636,-23.28],[-44.636,-23.28]]],[[[-44.63,-23.273],[-44.63,-23.274],[-44.632,-23.273],[-44.63,-23.273]]],[[[-44.57,-23.267],[-44.572,-23.267],[-44.568,-23.264],[-44.57,-23.267]]],[[[-44.668,-23.239],[-44.669,-23.24],[-44.672,-23.24],[-44.668,-23.239]]],[[[-44.637,-23.224],[-44.634,-23.226],[-44.651,-23.231],[-44.637,-23.224]]],[[[-44.554,-23.22],[-44.557,-23.224],[-44.557,-23.221],[-44.554,-23.22]]],[[[-44.691,-23.215],[-44.693,-23.218],[-44.693,-23.216],[-44.691,-23.215]]],[[[-44.151,-23.216],[-44.149,-23.223],[-44.162,-23.226],[-44.151,-23.216]]],[[[-44.357,-23.212],[-44.358,-23.214],[-44.361,-23.215],[-44.357,-23.212]]],[[[-44.583,-23.21],[-44.584,-23.212],[-44.585,-23.211],[-44.583,-23.21]]],[[[-44.689,-23.21],[-44.69,-23.209],[-44.689,-23.209],[-44.689,-23.21]],[[-44.689,-23.208],[-44.69,-23.208],[-44.689,-23.208],[-44.689,-23.208]],[[-44.707,-23.206],[-44.707,-23.206],[-44.707,-23.205],[-44.707,-23.206]],[[-44.683,-23.206],[-44.683,-23.206],[-44.682,-23.205],[-44.683,-23.206]]],[[[-44.709,-23.204],[-44.709,-23.205],[-44.711,-23.205],[-44.709,-23.204]]],[[[-44.591,-23.204],[-44.602,-23.222],[-44.621,-23.223],[-44.591,-23.204]],[[-44.672,-23.2],[-44.673,-23.201],[-44.673,-23.201],[-44.672,-23.2]]],[[[-44.581,-23.198],[-44.58,-23.203],[-44.584,-23.202],[-44.581,-23.198]]],[[[-44.573,-23.195],[-44.572,-23.196],[-44.574,-23.196],[-44.573,-23.195]]],[[[-44.608,-23.195],[-44.607,-23.196],[-44.609,-23.196],[-44.608,-23.195]],[[-44.625,-23.195],[-44.626,-23.195],[-44.626,-23.195],[-44.625,-23.195]]],[[[-44.635,-23.193],[-44.637,-23.195],[-44.636,-23.193],[-44.635,-23.193]]],[[[-44.622,-23.19],[-44.621,-23.19],[-44.624,-23.192],[-44.622,-23.19]]],[[[-44.183,-23.184],[-44.184,-23.184],[-44.182,-23.183],[-44.183,-23.184]]],[[[-44.18,-23.184],[-44.181,-23.183],[-44.179,-23.183],[-44.18,-23.184]]],[[[-44.574,-23.183],[-44.573,-23.188],[-44.577,-23.189],[-44.574,-23.183]]],[[[-44.657,-23.183],[-44.659,-23.188],[-44.66,-23.182],[-44.657,-23.183]]],[[[-44.685,-23.182],[-44.687,-23.182],[-44.686,-23.181],[-44.685,-23.182]],[[-44.679,-23.181],[-44.679,-23.181],[-44.679,-23.181],[-44.679,-23.181]]],[[[-44.683,-23.177],[-44.682,-23.178],[-44.684,-23.179],[-44.683,-23.177]],[[-44.635,-23.176],[-44.635,-23.177],[-44.635,-23.176],[-44.635,-23.176]],[[-44.68,-23.175],[-44.68,-23.175],[-44.679,-23.175],[-44.68,-23.175]],[[-44.094,-23.175],[-44.094,-23.175],[-44.094,-23.175],[-44.094,-23.175]]],[[[-44.634,-23.175],[-44.635,-23.175],[-44.634,-23.174],[-44.634,-23.175]],[[-44.68,-23.174],[-44.68,-23.173],[-44.68,-23.173],[-44.68,-23.174]]],[[[-44.091,-23.173],[-44.092,-23.174],[-44.093,-23.173],[-44.091,-23.173]]],[[[-44.677,-23.17],[-44.674,-23.17],[-44.679,-23.172],[-44.677,-23.17]]],[[[-44.663,-23.159],[-44.662,-23.16],[-44.665,-23.163],[-44.663,-23.159]]],[[[-44.683,-23.151],[-44.692,-23.17],[-44.695,-23.156],[-44.683,-23.151]],[[-44.121,-23.148],[-44.121,-23.148],[-44.121,-23.147],[-44.121,-23.148]]],[[[-44.108,-23.143],[-44.108,-23.144],[-44.109,-23.143],[-44.108,-23.143]],[[-44.103,-23.139],[-44.103,-23.139],[-44.103,-23.138],[-44.103,-23.139]]],[[[-44.167,-23.138],[-44.168,-23.138],[-44.168,-23.137],[-44.167,-23.138]]],[[[-44.104,-23.137],[-44.11,-23.142],[-44.109,-23.139],[-44.104,-23.137]]],[[[-44.167,-23.135],[-44.166,-23.136],[-44.167,-23.137],[-44.167,-23.135]],[[-44.667,-23.132],[-44.667,-23.132],[-44.667,-23.132],[-44.667,-23.132]]],[[[-44.676,-23.133],[-44.676,-23.132],[-44.675,-23.132],[-44.676,-23.133]]],[[[-44.684,-23.128],[-44.685,-23.131],[-44.687,-23.131],[-44.684,-23.128]]],[[[-44.15,-23.125],[-44.15,-23.126],[-44.151,-23.126],[-44.15,-23.125]]],[[[-44.678,-23.127],[-44.68,-23.126],[-44.678,-23.125],[-44.678,-23.127]],[[-44.668,-23.123],[-44.668,-23.123],[-44.666,-23.121],[-44.668,-23.123]],[[-44.141,-23.12],[-44.141,-23.12],[-44.14,-23.119],[-44.141,-23.12]]],[[[-44.167,-23.115],[-44.166,-23.114],[-44.165,-23.114],[-44.167,-23.115]]],[[[-44.677,-23.111],[-44.673,-23.112],[-44.678,-23.114],[-44.677,-23.111]]],[[[-44.679,-23.109],[-44.681,-23.109],[-44.68,-23.108],[-44.679,-23.109]],[[-44.141,-23.107],[-44.142,-23.107],[-44.141,-23.107],[-44.141,-23.107]]],[[[-44.687,-23.108],[-44.689,-23.11],[-44.686,-23.106],[-44.687,-23.108]]],[[[-44.14,-23.107],[-44.141,-23.107],[-44.14,-23.106],[-44.14,-23.107]],[[-44.399,-23.099],[-44.399,-23.099],[-44.4,-23.1],[-44.399,-23.099]]],[[[-44.118,-23.099],[-44.121,-23.101],[-44.119,-23.099],[-44.118,-23.099]]],[[[-44.669,-23.097],[-44.674,-23.099],[-44.672,-23.097],[-44.669,-23.097]],[[-44.676,-23.096],[-44.677,-23.096],[-44.676,-23.096],[-44.676,-23.096]],[[-44.658,-23.093],[-44.658,-23.093],[-44.658,-23.093],[-44.658,-23.093]]],[[[-44.31,-23.092],[-44.31,-23.091],[-44.309,-23.09],[-44.31,-23.092]],[[-44.683,-23.087],[-44.683,-23.087],[-44.685,-23.089],[-44.683,-23.087]],[[-44.215,-23.086],[-44.216,-23.086],[-44.215,-23.086],[-44.215,-23.086]]],[[[-44.24,-23.086],[-44.24,-23.087],[-44.241,-23.087],[-44.24,-23.086]]],[[[-44.011,-23.087],[-44.012,-23.086],[-44.011,-23.085],[-44.011,-23.087]]],[[[-44.594,-23.086],[-44.593,-23.087],[-44.596,-23.089],[-44.594,-23.086]],[[-44.24,-23.085],[-44.241,-23.085],[-44.24,-23.085],[-44.24,-23.085]]],[[[-44.312,-23.087],[-44.313,-23.086],[-44.31,-23.085],[-44.312,-23.087]],[[-44.241,-23.084],[-44.241,-23.084],[-44.241,-23.084],[-44.241,-23.084]],[[-44.243,-23.084],[-44.24,-23.084],[-44.244,-23.084],[-44.243,-23.084]]],[[[-44.329,-23.086],[-44.333,-23.085],[-44.329,-23.083],[-44.329,-23.086]]],[[[-44.23,-23.084],[-44.23,-23.083],[-44.228,-23.083],[-44.23,-23.084]]],[[[-44.24,-23.077],[-44.24,-23.078],[-44.241,-23.078],[-44.24,-23.077]]],[[[-44.228,-23.078],[-44.228,-23.077],[-44.227,-23.077],[-44.228,-23.078]],[[-44.557,-23.077],[-44.557,-23.077],[-44.556,-23.076],[-44.557,-23.077]]],[[[-44.231,-23.075],[-44.234,-23.091],[-44.19,-23.103],[-44.218,-23.109],[-44.17,-23.118],[-44.164,-23.142],[-44.127,-23.12],[-44.141,-23.157],[-44.114,-23.148],[-44.095,-23.175],[-44.132,-23.188],[-44.126,-23.173],[-44.146,-23.168],[-44.185,-23.18],[-44.196,-23.204],[-44.207,-23.192],[-44.253,-23.206],[-44.253,-23.189],[-44.271,-23.197],[-44.27,-23.181],[-44.299,-23.177],[-44.348,-23.227],[-44.341,-23.182],[-44.358,-23.192],[-44.377,-23.171],[-44.325,-23.154],[-44.328,-23.138],[-44.295,-23.114],[-44.297,-23.131],[-44.283,-23.137],[-44.231,-23.075]],[[-44.59,-23.071],[-44.59,-23.071],[-44.59,-23.07],[-44.59,-23.071]]],[[[-44.251,-23.071],[-44.255,-23.071],[-44.251,-23.07],[-44.251,-23.071]]],[[[-44.392,-23.068],[-44.396,-23.072],[-44.395,-23.069],[-44.392,-23.068]]],[[[-44.632,-23.068],[-44.629,-23.071],[-44.631,-23.072],[-44.632,-23.068]]],[[[-44.637,-23.07],[-44.642,-23.075],[-44.646,-23.072],[-44.637,-23.07]]],[[[-44.564,-23.067],[-44.563,-23.068],[-44.565,-23.068],[-44.564,-23.067]]],[[[-44.602,-23.067],[-44.602,-23.069],[-44.605,-23.068],[-44.602,-23.067]]],[[[-44.637,-23.067],[-44.638,-23.067],[-44.637,-23.066],[-44.637,-23.067]]],[[[-44.595,-23.065],[-44.595,-23.067],[-44.597,-23.067],[-44.595,-23.065]]],[[[-44.316,-23.065],[-44.316,-23.064],[-44.315,-23.064],[-44.316,-23.065]]],[[[-44.41,-23.063],[-44.41,-23.064],[-44.412,-23.064],[-44.41,-23.063]],[[-44.616,-23.061],[-44.617,-23.062],[-44.617,-23.062],[-44.616,-23.061]]],[[[-44.339,-23.062],[-44.339,-23.061],[-44.338,-23.061],[-44.339,-23.062]]],[[[-44.627,-23.061],[-44.629,-23.063],[-44.629,-23.06],[-44.627,-23.061]]],[[[-44.407,-23.061],[-44.408,-23.06],[-44.407,-23.06],[-44.407,-23.061]],[[-44.406,-23.059],[-44.406,-23.059],[-44.406,-23.06],[-44.406,-23.059]]],[[[-44.66,-23.06],[-44.661,-23.059],[-44.66,-23.058],[-44.66,-23.06]]],[[[-44.377,-23.059],[-44.377,-23.058],[-44.376,-23.058],[-44.377,-23.059]]],[[[-44.31,-23.058],[-44.31,-23.061],[-44.319,-23.062],[-44.31,-23.058]]],[[[-44.412,-23.059],[-44.42,-23.059],[-44.415,-23.057],[-44.412,-23.059]],[[-44.377,-23.057],[-44.378,-23.057],[-44.377,-23.057],[-44.377,-23.057]]],[[[-44.62,-23.058],[-44.624,-23.059],[-44.623,-23.057],[-44.62,-23.058]]],[[[-44.601,-23.057],[-44.609,-23.064],[-44.608,-23.06],[-44.601,-23.057]],[[-44.376,-23.056],[-44.377,-23.056],[-44.377,-23.056],[-44.376,-23.056]],[[-44.412,-23.056],[-44.413,-23.056],[-44.412,-23.056],[-44.412,-23.056]]],[[[-44.329,-23.055],[-44.33,-23.056],[-44.331,-23.055],[-44.329,-23.055]]],[[[-44.555,-23.055],[-44.552,-23.057],[-44.564,-23.067],[-44.555,-23.055]]],[[[-44.329,-23.056],[-44.329,-23.055],[-44.328,-23.055],[-44.329,-23.056]]],[[[-44.333,-23.056],[-44.334,-23.055],[-44.333,-23.055],[-44.333,-23.056]]],[[[-44.403,-23.054],[-44.401,-23.057],[-44.404,-23.058],[-44.403,-23.054]]],[[[-44.609,-23.054],[-44.61,-23.055],[-44.61,-23.054],[-44.609,-23.054]]],[[[-44.269,-23.053],[-44.268,-23.054],[-44.269,-23.055],[-44.269,-23.053]],[[-44.421,-23.054],[-44.421,-23.054],[-44.421,-23.053],[-44.421,-23.054]]],[[[-44.313,-23.054],[-44.317,-23.056],[-44.318,-23.054],[-44.313,-23.054]]],[[[-44.333,-23.053],[-44.332,-23.054],[-44.334,-23.055],[-44.333,-23.053]]],[[[-44.56,-23.052],[-44.56,-23.053],[-44.563,-23.053],[-44.56,-23.052]],[[-44.308,-23.051],[-44.309,-23.05],[-44.309,-23.05],[-44.308,-23.051]]],[[[-44.546,-23.05],[-44.546,-23.049],[-44.544,-23.047],[-44.546,-23.05]]],[[[-44.4,-23.047],[-44.4,-23.046],[-44.399,-23.046],[-44.4,-23.047]]],[[[-44.399,-23.046],[-44.4,-23.046],[-44.4,-23.045],[-44.399,-23.046]],[[-44.544,-23.046],[-44.544,-23.046],[-44.543,-23.045],[-44.544,-23.046]],[[-44.492,-23.044],[-44.493,-23.044],[-44.493,-23.044],[-44.492,-23.044]]],[[[-44.136,-23.043],[-44.14,-23.043],[-44.137,-23.04],[-44.136,-23.043]]],[[[-44.482,-23.04],[-44.503,-23.055],[-44.502,-23.048],[-44.482,-23.04]]],[[[-44.395,-23.039],[-44.391,-23.041],[-44.395,-23.043],[-44.395,-23.039]]],[[[-44.298,-23.039],[-44.299,-23.039],[-44.299,-23.038],[-44.298,-23.039]],[[-44.112,-23.038],[-44.112,-23.039],[-44.112,-23.038],[-44.112,-23.038]],[[-44.298,-23.038],[-44.299,-23.038],[-44.299,-23.038],[-44.298,-23.038]]],[[[-44.341,-23.038],[-44.343,-23.04],[-44.343,-23.038],[-44.341,-23.038]],[[-44.398,-23.037],[-44.398,-23.037],[-44.398,-23.037],[-44.398,-23.037]]],[[[-44.16,-23.037],[-44.159,-23.042],[-44.162,-23.04],[-44.16,-23.037]],[[-44.113,-23.037],[-44.113,-23.037],[-44.113,-23.036],[-44.113,-23.037]]],[[[-44.128,-23.042],[-44.13,-23.036],[-44.123,-23.04],[-44.128,-23.042]]],[[[-44.516,-23.036],[-44.521,-23.039],[-44.519,-23.036],[-44.516,-23.036]]],[[[-44.399,-23.035],[-44.397,-23.035],[-44.4,-23.037],[-44.399,-23.035]],[[-44.28,-23.035],[-44.28,-23.036],[-44.28,-23.034],[-44.28,-23.035]],[[-44.384,-23.034],[-44.384,-23.034],[-44.384,-23.034],[-44.384,-23.034]]],[[[-44.412,-23.035],[-44.413,-23.034],[-44.412,-23.033],[-44.412,-23.035]],[[-44.284,-23.034],[-44.284,-23.034],[-44.284,-23.033],[-44.284,-23.034]]],[[[-44.372,-23.037],[-44.347,-23.039],[-44.346,-23.069],[-44.362,-23.072],[-44.362,-23.046],[-44.392,-23.045],[-44.372,-23.037]]],[[[-44.297,-23.032],[-44.296,-23.031],[-44.296,-23.032],[-44.297,-23.032]]],[[[-44.483,-23.032],[-44.482,-23.03],[-44.48,-23.03],[-44.483,-23.032]],[[-44.327,-23.03],[-44.327,-23.029],[-44.327,-23.029],[-44.327,-23.03]]],[[[-44.445,-23.029],[-44.448,-23.034],[-44.45,-23.034],[-44.445,-23.029]],[[-44.281,-23.027],[-44.281,-23.027],[-44.281,-23.027],[-44.281,-23.027]],[[-44.285,-23.026],[-44.285,-23.026],[-44.286,-23.026],[-44.285,-23.026]]],[[[-44.286,-23.026],[-44.287,-23.028],[-44.288,-23.027],[-44.286,-23.026]]],[[[-44.4,-23.026],[-44.401,-23.032],[-44.405,-23.033],[-44.4,-23.026]]],[[[-44.33,-23.026],[-44.331,-23.028],[-44.334,-23.027],[-44.33,-23.026]],[[-44.11,-23.026],[-44.111,-23.026],[-44.11,-23.026],[-44.11,-23.026]]],[[[-44.279,-23.027],[-44.28,-23.027],[-44.278,-23.025],[-44.279,-23.027]],[[-42.929,-23.025],[-42.929,-23.025],[-42.929,-23.025],[-42.929,-23.025]]],[[[-44.436,-23.025],[-44.435,-23.026],[-44.437,-23.026],[-44.436,-23.025]]],[[[-44.31,-23.027],[-44.31,-23.025],[-44.309,-23.026],[-44.31,-23.027]],[[-44.11,-23.025],[-44.111,-23.025],[-44.11,-23.025],[-44.11,-23.025]]],[[[-44.284,-23.024],[-44.285,-23.026],[-44.285,-23.025],[-44.284,-23.024]]],[[[-44.269,-23.025],[-44.27,-23.025],[-44.269,-23.024],[-44.269,-23.025]],[[-44.109,-23.024],[-44.109,-23.023],[-44.109,-23.023],[-44.109,-23.024]]],[[[-44.332,-23.024],[-44.332,-23.023],[-44.331,-23.023],[-44.332,-23.024]]],[[[-43.953,-23.023],[-43.952,-23.026],[-43.955,-23.023],[-43.953,-23.023]]],[[[-44.11,-23.024],[-44.111,-23.023],[-44.11,-23.022],[-44.11,-23.024]]],[[[-43.865,-23.045],[-43.859,-23.073],[-43.988,-23.102],[-44.008,-23.094],[-44.007,-23.073],[-43.963,-23.042],[-43.882,-23.067],[-43.881,-23.042],[-43.913,-23.021],[-43.865,-23.045]]],[[[-42.925,-23.021],[-42.929,-23.024],[-42.928,-23.022],[-42.925,-23.021]]],[[[-43.944,-23.02],[-43.945,-23.024],[-43.948,-23.025],[-43.944,-23.02]]],[[[-44.319,-23.02],[-44.32,-23.019],[-44.319,-23.018],[-44.319,-23.02]]],[[[-43.943,-23.018],[-43.943,-23.019],[-43.945,-23.019],[-43.943,-23.018]],[[-44.277,-23.018],[-44.276,-23.018],[-44.277,-23.017],[-44.277,-23.018]],[[-44.321,-23.017],[-44.321,-23.017],[-44.321,-23.017],[-44.321,-23.017]]],[[[-43.94,-23.017],[-43.941,-23.016],[-43.94,-23.016],[-43.94,-23.017]],[[-43.94,-23.015],[-43.941,-23.015],[-43.941,-23.015],[-43.94,-23.015]],[[-43.965,-23.015],[-43.966,-23.015],[-43.966,-23.015],[-43.965,-23.015]],[[-44.426,-23.015],[-44.426,-23.015],[-44.426,-23.015],[-44.426,-23.015]],[[-44.363,-23.014],[-44.363,-23.014],[-44.363,-23.014],[-44.363,-23.014]]],[[[-44.268,-23.014],[-44.268,-23.015],[-44.269,-23.015],[-44.268,-23.014]]],[[[-43.965,-23.014],[-43.965,-23.013],[-43.964,-23.013],[-43.965,-23.014]],[[-43.93,-23.013],[-43.93,-23.013],[-43.93,-23.012],[-43.93,-23.013]],[[-44.369,-23.012],[-44.37,-23.012],[-44.369,-23.012],[-44.369,-23.012]],[[-44.077,-23.012],[-44.077,-23.012],[-44.077,-23.012],[-44.077,-23.012]],[[-44.37,-23.01],[-44.37,-23.01],[-44.37,-23.01],[-44.37,-23.01]],[[-44.364,-23.01],[-44.364,-23.01],[-44.363,-23.01],[-44.364,-23.01]],[[-44.302,-23.009],[-44.303,-23.01],[-44.302,-23.009],[-44.302,-23.009]]],[[[-44.309,-23.01],[-44.309,-23.008],[-44.307,-23.008],[-44.309,-23.01]]],[[[-42.915,-23.008],[-42.913,-23.008],[-42.924,-23.019],[-42.915,-23.008]],[[-43.925,-23.008],[-43.925,-23.008],[-43.925,-23.007],[-43.925,-23.008]],[[-44.383,-23.007],[-44.383,-23.007],[-44.384,-23.007],[-44.383,-23.007]]],[[[-42.907,-23.007],[-42.909,-23.008],[-42.907,-23.006],[-42.907,-23.007]]],[[[-42.907,-23.005],[-42.908,-23.006],[-42.909,-23.006],[-42.907,-23.005]]],[[[-43.952,-23.005],[-43.953,-23.01],[-43.955,-23.006],[-43.952,-23.005]]],[[[-43.948,-23.005],[-43.949,-23.005],[-43.948,-23.004],[-43.948,-23.005]],[[-43.945,-23.004],[-43.945,-23.004],[-43.945,-23.004],[-43.945,-23.004]],[[-43.943,-23.004],[-43.944,-23.004],[-43.943,-23.004],[-43.943,-23.004]]],[[[-43.946,-23.004],[-43.947,-23.005],[-43.947,-23.004],[-43.946,-23.004]],[[-43.948,-23.003],[-43.948,-23.004],[-43.948,-23.004],[-43.948,-23.003]],[[-44.422,-23.004],[-44.423,-23.003],[-44.422,-23.004],[-44.422,-23.004]],[[-44.423,-23.002],[-44.424,-23.002],[-44.423,-23.002],[-44.423,-23.002]]],[[[-44.431,-23.002],[-44.432,-23.004],[-44.432,-23.002],[-44.431,-23.002]]],[[[-43.953,-23.004],[-43.955,-23.002],[-43.952,-23.001],[-43.953,-23.004]],[[-44.366,-23.0],[-44.366,-23.0],[-44.366,-22.999],[-44.366,-23.0]]],[[[-43.912,-22.996],[-43.912,-22.997],[-43.913,-22.997],[-43.912,-22.996]]],[[[-44.03,-22.996],[-44.031,-23.008],[-44.053,-23.007],[-44.03,-22.996]],[[-43.916,-22.995],[-43.917,-22.995],[-43.916,-22.995],[-43.916,-22.995]]],[[[-44.422,-22.994],[-44.422,-22.995],[-44.423,-22.995],[-44.422,-22.994]],[[-44.4,-22.994],[-44.4,-22.994],[-44.4,-22.994],[-44.4,-22.994]],[[-44.352,-22.993],[-44.353,-22.993],[-44.352,-22.993],[-44.352,-22.993]]],[[[-44.408,-22.994],[-44.407,-22.997],[-44.41,-22.994],[-44.408,-22.994]]],[[[-44.345,-22.991],[-44.346,-22.991],[-44.345,-22.99],[-44.345,-22.991]]],[[[-44.402,-22.99],[-44.401,-22.993],[-44.404,-22.991],[-44.402,-22.99]]],[[[-43.908,-22.991],[-43.91,-22.995],[-43.913,-22.995],[-43.908,-22.991]]],[[[-43.917,-22.991],[-43.935,-23.015],[-43.937,-22.999],[-43.917,-22.991]]],[[[-44.04,-22.989],[-44.045,-22.989],[-44.043,-22.987],[-44.04,-22.989]]],[[[-43.083,-22.986],[-43.084,-22.989],[-43.089,-22.988],[-43.083,-22.986]]],[[[-44.414,-22.986],[-44.411,-22.993],[-44.417,-22.988],[-44.414,-22.986]]],[[[-44.341,-22.985],[-44.342,-22.987],[-44.342,-22.986],[-44.341,-22.985]]],[[[-43.919,-22.985],[-43.919,-22.987],[-43.923,-22.988],[-43.919,-22.985]]],[[[-44.359,-22.985],[-44.363,-22.987],[-44.361,-22.985],[-44.359,-22.985]]],[[[-42.037,-22.985],[-42.038,-22.984],[-42.037,-22.984],[-42.037,-22.985]],[[-44.411,-22.984],[-44.411,-22.984],[-44.414,-22.984],[-44.411,-22.984]]],[[[-43.923,-22.982],[-43.923,-22.983],[-43.924,-22.984],[-43.923,-22.982]]],[[[-44.335,-22.982],[-44.336,-22.982],[-44.335,-22.981],[-44.335,-22.982]]],[[[-43.062,-22.982],[-43.068,-22.986],[-43.068,-22.983],[-43.062,-22.982]],[[-43.936,-22.982],[-43.935,-22.981],[-43.935,-22.981],[-43.936,-22.982]]],[[[-44.352,-22.985],[-44.358,-22.987],[-44.35,-22.981],[-44.352,-22.985]]],[[[-42.037,-22.981],[-42.038,-22.983],[-42.039,-22.981],[-42.037,-22.981]]],[[[-43.909,-22.98],[-43.91,-22.983],[-43.915,-22.983],[-43.909,-22.98]]],[[[-44.33,-22.981],[-44.331,-22.98],[-44.329,-22.978],[-44.33,-22.981]]],[[[-41.978,-22.978],[-41.979,-22.998],[-42.005,-23.014],[-42.013,-22.999],[-41.978,-22.978]]],[[[-43.916,-22.978],[-43.916,-22.979],[-43.917,-22.979],[-43.916,-22.978]],[[-44.408,-22.978],[-44.407,-22.978],[-44.408,-22.978],[-44.408,-22.978]]],[[[-43.055,-22.981],[-43.053,-22.977],[-43.053,-22.979],[-43.055,-22.981]]],[[[-44.402,-22.976],[-44.395,-22.979],[-44.405,-22.985],[-44.402,-22.976]]],[[[-44.341,-22.979],[-44.34,-22.975],[-44.339,-22.978],[-44.341,-22.979]]],[[[-44.348,-22.978],[-44.348,-22.977],[-44.345,-22.975],[-44.348,-22.978]],[[-44.391,-22.975],[-44.392,-22.975],[-44.392,-22.975],[-44.391,-22.975]]],[[[-44.375,-22.975],[-44.377,-22.976],[-44.375,-22.974],[-44.375,-22.975]]],[[[-44.431,-22.975],[-44.433,-22.974],[-44.431,-22.974],[-44.431,-22.975]]],[[[-44.328,-22.972],[-44.328,-22.973],[-44.329,-22.972],[-44.328,-22.972]]],[[[-44.389,-22.974],[-44.391,-22.973],[-44.387,-22.972],[-44.389,-22.974]]],[[[-44.316,-22.969],[-44.315,-22.969],[-44.316,-22.97],[-44.316,-22.969]]],[[[-44.415,-22.969],[-44.425,-22.972],[-44.417,-22.967],[-44.415,-22.969]]],[[[-44.372,-22.971],[-44.37,-22.967],[-44.368,-22.967],[-44.372,-22.971]],[[-44.312,-22.967],[-44.312,-22.966],[-44.312,-22.967],[-44.312,-22.967]]],[[[-44.319,-22.968],[-44.319,-22.967],[-44.317,-22.966],[-44.319,-22.968]],[[-44.007,-22.965],[-44.007,-22.965],[-44.007,-22.965],[-44.007,-22.965]],[[-44.006,-22.965],[-44.006,-22.964],[-44.006,-22.964],[-44.006,-22.965]]],[[[-44.364,-22.965],[-44.365,-22.964],[-44.363,-22.964],[-44.364,-22.965]]],[[[-41.992,-22.963],[-41.985,-22.964],[-41.992,-22.969],[-41.992,-22.963]]],[[[-44.342,-22.964],[-44.342,-22.963],[-44.341,-22.962],[-44.342,-22.964]]],[[[-44.406,-22.962],[-44.408,-22.963],[-44.409,-22.962],[-44.406,-22.962]],[[-42.691,-22.962],[-42.692,-22.962],[-42.692,-22.962],[-42.691,-22.962]]],[[[-44.001,-22.963],[-44.001,-22.962],[-44.0,-22.962],[-44.001,-22.963]]],[[[-43.912,-22.962],[-43.912,-22.961],[-43.911,-22.96],[-43.912,-22.962]]],[[[-44.343,-22.962],[-44.344,-22.962],[-44.342,-22.96],[-44.343,-22.962]],[[-43.998,-22.96],[-43.998,-22.96],[-43.998,-22.96],[-43.998,-22.96]]],[[[-44.321,-22.96],[-44.321,-22.963],[-44.322,-22.961],[-44.321,-22.96]]],[[[-44.346,-22.963],[-44.352,-22.963],[-44.346,-22.96],[-44.346,-22.963]]],[[[-43.947,-22.96],[-43.947,-22.961],[-43.952,-22.96],[-43.947,-22.96]]],[[[-43.873,-22.959],[-43.874,-22.958],[-43.872,-22.958],[-43.873,-22.959]]],[[[-44.398,-22.959],[-44.398,-22.956],[-44.397,-22.958],[-44.398,-22.959]]],[[[-43.102,-22.957],[-43.106,-22.957],[-43.102,-22.955],[-43.102,-22.957]]],[[[-44.351,-22.953],[-44.352,-22.955],[-44.353,-22.955],[-44.351,-22.953]],[[-43.115,-22.952],[-43.115,-22.952],[-43.117,-22.952],[-43.115,-22.952]]],[[[-44.4,-22.952],[-44.401,-22.952],[-44.399,-22.951],[-44.4,-22.952]]],[[[-44.335,-22.954],[-44.339,-22.955],[-44.335,-22.947],[-44.335,-22.954]]],[[[-43.928,-22.947],[-43.927,-22.948],[-43.929,-22.949],[-43.928,-22.947]]],[[[-44.009,-22.948],[-44.009,-22.947],[-44.008,-22.947],[-44.009,-22.948]],[[-44.369,-22.947],[-44.369,-22.947],[-44.368,-22.947],[-44.369,-22.947]],[[-44.336,-22.947],[-44.336,-22.947],[-44.336,-22.947],[-44.336,-22.947]],[[-44.411,-22.946],[-44.411,-22.946],[-44.411,-22.946],[-44.411,-22.946]],[[-44.411,-22.946],[-44.411,-22.946],[-44.411,-22.946],[-44.411,-22.946]]],[[[-44.369,-22.947],[-44.37,-22.947],[-44.369,-22.946],[-44.369,-22.947]],[[-44.41,-22.945],[-44.41,-22.945],[-44.41,-22.945],[-44.41,-22.945]]],[[[-43.924,-22.946],[-43.923,-22.944],[-43.922,-22.944],[-43.924,-22.946]],[[-44.369,-22.944],[-44.369,-22.944],[-44.369,-22.944],[-44.369,-22.944]],[[-42.468,-22.944],[-42.469,-22.944],[-42.469,-22.944],[-42.468,-22.944]]],[[[-43.967,-22.943],[-43.966,-22.944],[-43.967,-22.946],[-43.967,-22.943]]],[[[-43.963,-22.945],[-43.964,-22.944],[-43.961,-22.943],[-43.963,-22.945]]],[[[-44.368,-22.943],[-44.37,-22.943],[-44.369,-22.942],[-44.368,-22.943]]],[[[-44.369,-22.942],[-44.37,-22.941],[-44.369,-22.941],[-44.369,-22.942]]],[[[-42.029,-22.94],[-42.03,-22.942],[-42.03,-22.941],[-42.029,-22.94]]],[[[-43.915,-22.941],[-43.921,-22.945],[-43.921,-22.942],[-43.915,-22.941]]],[[[-42.476,-22.94],[-42.477,-22.94],[-42.476,-22.939],[-42.476,-22.94]],[[-42.475,-22.939],[-42.476,-22.939],[-42.475,-22.939],[-42.475,-22.939]],[[-42.475,-22.939],[-42.475,-22.939],[-42.475,-22.938],[-42.475,-22.939]],[[-42.474,-22.938],[-42.475,-22.938],[-42.474,-22.938],[-42.474,-22.938]]],[[[-42.473,-22.939],[-42.474,-22.938],[-42.473,-22.938],[-42.473,-22.939]]],[[[-44.339,-22.935],[-44.343,-22.943],[-44.345,-22.939],[-44.339,-22.935]],[[-43.96,-22.933],[-43.96,-22.933],[-43.96,-22.933],[-43.96,-22.933]],[[-43.961,-22.933],[-43.961,-22.933],[-43.961,-22.933],[-43.961,-22.933]],[[-44.349,-22.932],[-44.349,-22.932],[-44.349,-22.932],[-44.349,-22.932]],[[-43.102,-22.931],[-43.102,-22.931],[-43.101,-22.931],[-43.102,-22.931]]],[[[-44.346,-22.932],[-44.348,-22.931],[-44.346,-22.93],[-44.346,-22.932]],[[-44.334,-22.929],[-44.334,-22.928],[-44.334,-22.928],[-44.334,-22.929]],[[-44.332,-22.929],[-44.332,-22.929],[-44.331,-22.928],[-44.332,-22.929]]],[[[-43.887,-22.927],[-43.888,-22.928],[-43.888,-22.927],[-43.887,-22.927]]],[[[-44.332,-22.928],[-44.334,-22.927],[-44.332,-22.926],[-44.332,-22.928]]],[[[-43.882,-22.925],[-43.882,-22.949],[-43.91,-22.956],[-43.912,-22.935],[-43.882,-22.925]]],[[[-43.126,-22.911],[-43.126,-22.91],[-43.125,-22.91],[-43.126,-22.911]],[[-43.131,-22.909],[-43.131,-22.909],[-43.131,-22.909],[-43.131,-22.909]]],[[[-41.984,-22.891],[-41.977,-22.901],[-41.989,-22.892],[-41.984,-22.891]]],[[[-41.961,-22.885],[-41.961,-22.884],[-41.96,-22.883],[-41.961,-22.885]]],[[[-41.959,-22.884],[-41.959,-22.882],[-41.958,-22.882],[-41.959,-22.884]]],[[[-41.939,-22.877],[-41.942,-22.88],[-41.943,-22.878],[-41.939,-22.877]]],[[[-43.12,-22.875],[-43.12,-22.877],[-43.125,-22.875],[-43.12,-22.875]]],[[[-41.95,-22.871],[-41.954,-22.876],[-41.953,-22.872],[-41.95,-22.871]],[[-41.938,-22.87],[-41.939,-22.87],[-41.938,-22.87],[-41.938,-22.87]]],[[[-43.133,-22.868],[-43.132,-22.874],[-43.138,-22.876],[-43.133,-22.868]]],[[[-41.92,-22.863],[-41.918,-22.864],[-41.92,-22.866],[-41.92,-22.863]]],[[[-41.922,-22.863],[-41.923,-22.865],[-41.925,-22.864],[-41.922,-22.863]]],[[[-41.937,-22.863],[-41.948,-22.874],[-41.946,-22.864],[-41.937,-22.863]]],[[[-43.127,-22.864],[-43.131,-22.866],[-43.128,-22.862],[-43.127,-22.864]]],[[[-43.117,-22.859],[-43.119,-22.864],[-43.127,-22.862],[-43.117,-22.859]]],[[[-43.116,-22.854],[-43.116,-22.855],[-43.117,-22.854],[-43.116,-22.854]]],[[[-41.903,-22.851],[-41.904,-22.86],[-41.913,-22.862],[-41.903,-22.851]]],[[[-41.903,-22.85],[-41.903,-22.851],[-41.904,-22.851],[-41.903,-22.85]],[[-43.108,-22.847],[-43.108,-22.847],[-43.108,-22.847],[-43.108,-22.847]]],[[[-43.105,-22.848],[-43.106,-22.847],[-43.104,-22.846],[-43.105,-22.848]]],[[[-41.89,-22.844],[-41.892,-22.846],[-41.894,-22.846],[-41.89,-22.844]]],[[[-44.323,-22.84],[-44.323,-22.85],[-44.282,-22.842],[-44.248,-22.857],[-44.232,-22.871],[-44.241,-22.915],[-44.215,-22.932],[-44.175,-22.928],[-44.118,-22.861],[-44.088,-22.884],[-44.042,-22.883],[-43.99,-22.842],[-43.965,-22.886],[-43.887,-22.884],[-43.881,-22.919],[-44.006,-22.942],[-44.043,-22.985],[-44.056,-22.981],[-44.04,-22.951],[-44.054,-22.942],[-44.079,-22.957],[-44.083,-22.993],[-44.113,-23.023],[-44.153,-23.041],[-44.171,-23.033],[-44.193,-23.055],[-44.201,-23.038],[-44.251,-23.05],[-44.221,-23.016],[-44.249,-22.998],[-44.291,-23.024],[-44.306,-23.024],[-44.303,-23.002],[-44.352,-23.03],[-44.355,-22.999],[-44.328,-22.995],[-44.3,-22.959],[-44.333,-22.968],[-44.32,-22.936],[-44.345,-22.922],[-44.365,-22.924],[-44.37,-22.948],[-44.349,-22.946],[-44.383,-22.973],[-44.385,-22.953],[-44.414,-22.954],[-44.412,-22.941],[-44.423,-22.951],[-44.441,-23.027],[-44.478,-23.006],[-44.503,-23.03],[-44.531,-23.027],[-44.596,-23.064],[-44.596,-23.045],[-44.669,-23.054],[-44.695,-23.099],[-44.698,-23.174],[-44.721,-23.196],[-44.714,-23.234],[-44.643,-23.185],[-44.616,-23.204],[-44.625,-23.222],[-44.663,-23.214],[-44.655,-23.227],[-44.692,-23.252],[-44.613,-23.234],[-44.657,-23.292],[-44.648,-23.302],[-44.599,-23.236],[-44.56,-23.226],[-44.583,-23.268],[-44.538,-23.267],[-44.503,-23.293],[-44.529,-23.287],[-44.556,-23.304],[-44.573,-23.346],[-44.606,-23.367],[-44.607,-23.348],[-44.624,-23.339],[-44.634,-23.352],[-44.64,-23.331],[-44.66,-23.347],[-44.682,-23.339],[-44.686,-23.352],[-44.703,-23.341],[-44.736,-23.366],[-44.778,-23.338],[-44.787,-23.299],[-44.807,-23.283],[-44.827,-23.292],[-44.836,-23.256],[-44.886,-23.236],[-44.875,-23.185],[-44.821,-23.156],[-44.815,-23.068],[-44.793,-23.01],[-44.803,-22.999],[-44.791,-22.981],[-44.755,-22.98],[-44.744,-22.947],[-44.713,-22.93],[-44.688,-22.937],[-44.674,-22.918],[-44.659,-22.928],[-44.607,-22.885],[-44.544,-22.885],[-44.495,-22.847],[-44.479,-22.851],[-44.466,-22.885],[-44.418,-22.848],[-44.374,-22.858],[-44.323,-22.84]]],[[[-43.11,-22.831],[-43.108,-22.841],[-43.116,-22.834],[-43.11,-22.831]]],[[[-43.093,-22.821],[-43.104,-22.829],[-43.096,-22.819],[-43.093,-22.821]]],[[[-41.919,-22.816],[-41.918,-22.817],[-41.919,-22.817],[-41.919,-22.816]],[[-41.918,-22.816],[-41.918,-22.816],[-41.917,-22.816],[-41.918,-22.816]]],[[[-41.92,-22.816],[-41.92,-22.815],[-41.919,-22.815],[-41.92,-22.816]],[[-41.923,-22.813],[-41.92,-22.815],[-41.923,-22.813],[-41.923,-22.813]],[[-43.12,-22.806],[-43.121,-22.806],[-43.12,-22.806],[-43.12,-22.806]],[[-41.896,-22.786],[-41.896,-22.786],[-41.896,-22.786],[-41.896,-22.786]],[[-41.892,-22.785],[-41.892,-22.785],[-41.892,-22.785],[-41.892,-22.785]],[[-41.829,-22.785],[-41.829,-22.785],[-41.828,-22.784],[-41.829,-22.785]]],[[[-41.829,-22.785],[-41.83,-22.784],[-41.829,-22.784],[-41.829,-22.785]]],[[[-41.902,-22.784],[-41.903,-22.784],[-41.902,-22.783],[-41.902,-22.784]],[[-41.9,-22.783],[-41.9,-22.783],[-41.9,-22.783],[-41.9,-22.783]],[[-41.9,-22.782],[-41.9,-22.782],[-41.9,-22.782],[-41.9,-22.782]]],[[[-43.072,-22.774],[-43.073,-22.775],[-43.073,-22.774],[-43.072,-22.774]],[[-43.073,-22.774],[-43.073,-22.774],[-43.074,-22.774],[-43.073,-22.774]],[[-43.392,-22.773],[-43.392,-22.773],[-43.392,-22.773],[-43.392,-22.773]]],[[[-41.822,-22.772],[-41.825,-22.776],[-41.826,-22.772],[-41.822,-22.772]]],[[[-41.787,-22.769],[-41.784,-22.77],[-41.794,-22.772],[-41.787,-22.769]],[[-41.872,-22.767],[-41.872,-22.766],[-41.872,-22.766],[-41.872,-22.767]],[[-43.33,-22.764],[-43.33,-22.764],[-43.33,-22.764],[-43.33,-22.764]],[[-43.07,-22.761],[-43.07,-22.761],[-43.07,-22.76],[-43.07,-22.761]],[[-41.904,-22.756],[-41.904,-22.756],[-41.904,-22.756],[-41.904,-22.756]]],[[[-41.887,-22.753],[-41.888,-22.753],[-41.887,-22.752],[-41.887,-22.753]]],[[[-43.03,-22.747],[-43.031,-22.74],[-43.027,-22.744],[-43.03,-22.747]]],[[[-41.942,-22.739],[-41.941,-22.739],[-41.942,-22.74],[-41.942,-22.739]]],[[[-41.945,-22.737],[-41.943,-22.741],[-41.947,-22.739],[-41.945,-22.737]],[[-41.946,-22.737],[-41.946,-22.737],[-41.946,-22.737],[-41.946,-22.737]]],[[[-41.941,-22.736],[-41.94,-22.736],[-41.941,-22.737],[-41.941,-22.736]]],[[[-41.873,-22.731],[-41.875,-22.731],[-41.874,-22.73],[-41.873,-22.731]],[[-43.212,-22.729],[-43.212,-22.729],[-43.212,-22.729],[-43.212,-22.729]],[[-41.946,-22.728],[-41.946,-22.728],[-41.946,-22.728],[-41.946,-22.728]],[[-43.181,-22.726],[-43.181,-22.726],[-43.181,-22.726],[-43.181,-22.726]]],[[[-41.92,-22.722],[-41.922,-22.725],[-41.926,-22.724],[-41.92,-22.722]],[[-43.406,-22.695],[-43.406,-22.695],[-43.406,-22.695],[-43.406,-22.695]]],[[[-43.064,-22.694],[-43.063,-22.695],[-43.064,-22.695],[-43.064,-22.694]],[[-43.105,-22.692],[-43.105,-22.692],[-43.105,-22.692],[-43.105,-22.692]]],[[[-43.06,-22.69],[-43.061,-22.691],[-43.062,-22.691],[-43.06,-22.69]],[[-43.39,-22.665],[-43.39,-22.665],[-43.39,-22.665],[-43.39,-22.665]],[[-41.983,-22.597],[-41.982,-22.596],[-41.982,-22.596],[-41.983,-22.597]]],[[[-41.934,-22.541],[-41.934,-22.542],[-41.935,-22.542],[-41.934,-22.541]],[[-41.942,-22.541],[-41.942,-22.542],[-41.942,-22.541],[-41.942,-22.541]],[[-41.935,-22.541],[-41.935,-22.541],[-41.935,-22.541],[-41.935,-22.541]],[[-41.942,-22.541],[-41.942,-22.54],[-41.942,-22.54],[-41.942,-22.541]],[[-41.934,-22.54],[-41.934,-22.54],[-41.934,-22.54],[-41.934,-22.54]],[[-41.934,-22.54],[-41.934,-22.54],[-41.934,-22.54],[-41.934,-22.54]],[[-41.934,-22.54],[-41.934,-22.54],[-41.934,-22.54],[-41.934,-22.54]],[[-41.943,-22.54],[-41.943,-22.54],[-41.943,-22.54],[-41.943,-22.54]],[[-41.936,-22.54],[-41.936,-22.539],[-41.936,-22.539],[-41.936,-22.54]]],[[[-41.936,-22.539],[-41.938,-22.54],[-41.937,-22.539],[-41.936,-22.539]],[[-41.909,-22.537],[-41.909,-22.537],[-41.909,-22.537],[-41.909,-22.537]]],[[[-41.909,-22.537],[-41.91,-22.536],[-41.909,-22.536],[-41.909,-22.537]]],[[[-41.917,-22.533],[-41.917,-22.532],[-41.916,-22.532],[-41.917,-22.533]]],[[[-41.919,-22.533],[-41.918,-22.533],[-41.92,-22.534],[-41.919,-22.533]]],[[[-41.919,-22.531],[-41.918,-22.532],[-41.919,-22.532],[-41.919,-22.531]],[[-41.92,-22.527],[-41.92,-22.527],[-41.92,-22.527],[-41.92,-22.527]],[[-41.885,-22.49],[-41.885,-22.49],[-41.884,-22.49],[-41.885,-22.49]],[[-41.885,-22.49],[-41.885,-22.489],[-41.885,-22.489],[-41.885,-22.49]],[[-41.884,-22.49],[-41.884,-22.49],[-41.883,-22.489],[-41.884,-22.49]],[[-41.884,-22.488],[-41.884,-22.488],[-41.885,-22.488],[-41.884,-22.488]]],[[[-41.848,-22.479],[-41.849,-22.479],[-41.848,-22.478],[-41.848,-22.479]],[[-41.85,-22.479],[-41.85,-22.479],[-41.85,-22.478],[-41.85,-22.479]],[[-41.864,-22.479],[-41.865,-22.478],[-41.865,-22.479],[-41.864,-22.479]],[[-41.851,-22.479],[-41.851,-22.479],[-41.851,-22.478],[-41.851,-22.479]],[[-41.861,-22.475],[-41.861,-22.475],[-41.862,-22.475],[-41.861,-22.475]]],[[[-41.857,-22.475],[-41.858,-22.474],[-41.857,-22.473],[-41.857,-22.475]],[[-41.857,-22.473],[-41.858,-22.473],[-41.858,-22.473],[-41.857,-22.473]]],[[[-41.856,-22.468],[-41.857,-22.467],[-41.856,-22.467],[-41.856,-22.468]],[[-41.851,-22.465],[-41.852,-22.465],[-41.851,-22.465],[-41.851,-22.465]],[[-41.852,-22.464],[-41.852,-22.464],[-41.852,-22.464],[-41.852,-22.464]]],[[[-41.854,-22.463],[-41.853,-22.463],[-41.854,-22.464],[-41.854,-22.463]],[[-41.852,-22.463],[-41.852,-22.463],[-41.853,-22.463],[-41.852,-22.463]],[[-41.855,-22.457],[-41.855,-22.457],[-41.855,-22.457],[-41.855,-22.457]],[[-41.855,-22.457],[-41.855,-22.457],[-41.855,-22.457],[-41.855,-22.457]],[[-41.854,-22.455],[-41.854,-22.456],[-41.854,-22.455],[-41.854,-22.455]],[[-41.854,-22.455],[-41.855,-22.455],[-41.854,-22.455],[-41.854,-22.455]]],[[[-41.851,-22.454],[-41.851,-22.455],[-41.853,-22.454],[-41.851,-22.454]],[[-41.829,-22.426],[-41.829,-22.426],[-41.828,-22.425],[-41.829,-22.426]],[[-41.828,-22.425],[-41.828,-22.424],[-41.828,-22.424],[-41.828,-22.425]],[[-41.828,-22.425],[-41.828,-22.424],[-41.828,-22.424],[-41.828,-22.425]],[[-41.828,-22.424],[-41.828,-22.424],[-41.828,-22.424],[-41.828,-22.424]]],[[[-41.715,-22.419],[-41.713,-22.422],[-41.717,-22.417],[-41.715,-22.419]],[[-41.801,-22.41],[-41.801,-22.41],[-41.801,-22.41],[-41.801,-22.41]]],[[[-41.702,-22.405],[-41.702,-22.421],[-41.711,-22.414],[-41.702,-22.405]]],[[[-41.691,-22.404],[-41.691,-22.403],[-41.69,-22.403],[-41.691,-22.404]]],[[[-41.689,-22.401],[-41.688,-22.402],[-41.689,-22.402],[-41.689,-22.401]]],[[[-41.685,-22.4],[-41.686,-22.401],[-41.689,-22.4],[-41.685,-22.4]]],[[[-41.693,-22.397],[-41.695,-22.405],[-41.698,-22.4],[-41.693,-22.397]]],[[[-41.765,-22.392],[-41.767,-22.392],[-41.766,-22.391],[-41.765,-22.392]]],[[[-41.765,-22.391],[-41.764,-22.39],[-41.764,-22.391],[-41.765,-22.391]]],[[[-41.759,-22.385],[-41.76,-22.383],[-41.758,-22.383],[-41.759,-22.385]]],[[[-44.29,-22.245],[-44.263,-22.244],[-44.26,-22.301],[-44.235,-22.315],[-44.258,-22.304],[-44.332,-22.336],[-44.336,-22.389],[-44.274,-22.408],[-44.318,-22.469],[-44.339,-22.473],[-44.319,-22.507],[-44.321,-22.55],[-44.328,-22.573],[-44.347,-22.574],[-44.356,-22.615],[-44.37,-22.59],[-44.36,-22.581],[-44.392,-22.572],[-44.41,-22.588],[-44.402,-22.607],[-44.431,-22.599],[-44.465,-22.616],[-44.485,-22.604],[-44.509,-22.641],[-44.516,-22.63],[-44.535,-22.638],[-44.526,-22.619],[-44.55,-22.604],[-44.574,-22.602],[-44.584,-22.626],[-44.602,-22.608],[-44.64,-22.608],[-44.644,-22.556],[-44.677,-22.562],[-44.671,-22.537],[-44.699,-22.511],[-44.716,-22.514],[-44.734,-22.433],[-44.809,-22.406],[-44.725,-22.359],[-44.661,-22.381],[-44.626,-22.335],[-44.589,-22.32],[-44.533,-22.331],[-44.46,-22.28],[-44.457,-22.257],[-44.414,-22.254],[-44.388,-22.273],[-44.362,-22.252],[-44.322,-22.261],[-44.29,-22.245]]],[[[-41.116,-22.082],[-41.117,-22.081],[-41.116,-22.081],[-41.116,-22.082]]],[[[-41.028,-21.621],[-41.026,-21.623],[-41.03,-21.621],[-41.028,-21.621]],[[-41.016,-21.621],[-41.016,-21.621],[-41.017,-21.621],[-41.016,-21.621]]],[[[-41.023,-21.621],[-41.025,-21.623],[-41.029,-21.621],[-41.023,-21.621]]],[[[-41.017,-21.62],[-41.016,-21.62],[-41.018,-21.621],[-41.017,-21.62]],[[-41.019,-21.62],[-41.02,-21.62],[-41.018,-21.62],[-41.019,-21.62]]],[[[-41.016,-21.62],[-41.017,-21.619],[-41.015,-21.619],[-41.016,-21.62]]],[[[-41.014,-21.615],[-41.015,-21.619],[-41.016,-21.611],[-41.014,-21.615]]],[[[-41.024,-21.605],[-41.018,-21.614],[-41.046,-21.616],[-41.046,-21.585],[-41.024,-21.605]],[[-41.048,-21.584],[-41.048,-21.583],[-41.048,-21.583],[-41.048,-21.584]],[[-41.036,-21.464],[-41.036,-21.464],[-41.036,-21.464],[-41.036,-21.464]],[[-41.036,-21.464],[-41.036,-21.463],[-41.036,-21.463],[-41.036,-21.464]]]]}},{"type":"Feature","properties":{"codigo_area_atuacao":"C.064.SP.1998","sigla":"EDP SP","num_municipios":28,"populacao_estimada_2018":5020069,"area_km2":9645.63370619,"tipo_outorga":"CONCESSIONÁRIA","uf":"SP","regiao":"SUDESTE","num_unidades_consumidoras":1963350,"cnpj":"02.302.100/0001-06","razao_social":"EDP SÃO PAULO DISTRIBUIÇÃO DE ENERGIA S.A.","ato_legal":"ECT 202/1998 de 23/10/1998","inicio_vigencia_epoch_ms":1009854000000,"cnpj_digits":"02302100000106","subsystem_id":"SE/CO","subsystem_mapping_method":"GEOGRAPHIC_REGION_PROXY_MVP"},"geometry":{"type":"MultiPolygon","coordinates":[[[[-45.027,-22.469],[-44.97,-22.472],[-44.925,-22.509],[-44.932,-22.569],[-44.902,-22.639],[-44.928,-22.655],[-44.893,-22.69],[-44.925,-22.697],[-44.914,-22.708],[-44.922,-22.754],[-44.889,-22.87],[-44.948,-22.914],[-45.063,-22.929],[-45.061,-22.953],[-45.123,-23.015],[-45.133,-23.0],[-45.156,-23.015],[-45.245,-22.999],[-45.293,-23.026],[-45.289,-23.046],[-45.314,-23.057],[-45.3,-23.093],[-45.328,-23.085],[-45.347,-23.098],[-45.354,-23.137],[-45.451,-23.221],[-45.503,-23.22],[-45.522,-23.177],[-45.554,-23.161],[-45.589,-23.179],[-45.609,-23.164],[-45.641,-23.196],[-45.622,-23.205],[-45.612,-23.247],[-45.646,-23.291],[-45.706,-23.339],[-45.722,-23.334],[-45.745,-23.353],[-45.765,-23.342],[-45.789,-23.363],[-45.754,-23.381],[-45.787,-23.42],[-45.763,-23.439],[-45.786,-23.46],[-45.777,-23.483],[-45.791,-23.506],[-45.756,-23.511],[-45.746,-23.566],[-45.731,-23.574],[-45.744,-23.602],[-45.706,-23.602],[-45.698,-23.638],[-45.667,-23.62],[-45.623,-23.629],[-45.632,-23.657],[-45.581,-23.647],[-45.544,-23.598],[-45.524,-23.605],[-45.488,-23.572],[-45.455,-23.578],[-45.44,-23.553],[-45.343,-23.548],[-45.309,-23.497],[-45.273,-23.483],[-45.28,-23.541],[-45.259,-23.561],[-45.274,-23.578],[-45.319,-23.579],[-45.358,-23.625],[-45.388,-23.635],[-45.406,-23.624],[-45.424,-23.646],[-45.427,-23.709],[-45.419,-23.726],[-45.397,-23.725],[-45.412,-23.754],[-45.397,-23.781],[-45.406,-23.821],[-45.446,-23.833],[-45.467,-23.819],[-45.514,-23.842],[-45.56,-23.793],[-45.623,-23.805],[-45.644,-23.778],[-45.666,-23.786],[-45.842,-23.758],[-45.795,-23.716],[-45.794,-23.68],[-45.838,-23.67],[-45.831,-23.652],[-45.845,-23.644],[-45.915,-23.665],[-45.936,-23.701],[-45.977,-23.694],[-46.102,-23.736],[-46.104,-23.712],[-46.126,-23.713],[-46.194,-23.754],[-46.238,-23.735],[-46.258,-23.766],[-46.278,-23.77],[-46.294,-23.749],[-46.322,-23.745],[-46.324,-23.704],[-46.358,-23.66],[-46.354,-23.641],[-46.373,-23.644],[-46.4,-23.606],[-46.377,-23.59],[-46.396,-23.531],[-46.365,-23.505],[-46.382,-23.472],[-46.401,-23.487],[-46.411,-23.47],[-46.511,-23.479],[-46.559,-23.507],[-46.567,-23.416],[-46.537,-23.364],[-46.496,-23.348],[-46.481,-23.362],[-46.445,-23.359],[-46.444,-23.341],[-46.381,-23.278],[-46.363,-23.276],[-46.357,-23.322],[-46.336,-23.33],[-46.372,-23.369],[-46.378,-23.402],[-46.358,-23.437],[-46.349,-23.42],[-46.313,-23.416],[-46.285,-23.435],[-46.26,-23.426],[-46.241,-23.393],[-46.102,-23.309],[-46.114,-23.286],[-46.137,-23.287],[-46.154,-23.266],[-46.079,-23.205],[-46.074,-23.175],[-46.103,-23.157],[-46.093,-23.121],[-46.108,-23.095],[-46.065,-22.998],[-46.083,-22.985],[-46.051,-22.966],[-46.043,-22.891],[-46.008,-22.889],[-45.912,-22.816],[-45.889,-22.876],[-45.864,-22.869],[-45.842,-22.833],[-45.81,-22.829],[-45.791,-22.859],[-45.759,-22.836],[-45.737,-22.891],[-45.665,-22.875],[-45.612,-22.795],[-45.448,-22.716],[-45.4,-22.654],[-45.333,-22.618],[-45.269,-22.611],[-45.2,-22.658],[-45.152,-22.658],[-45.158,-22.63],[-45.114,-22.637],[-45.095,-22.612],[-45.125,-22.588],[-45.104,-22.563],[-45.124,-22.497],[-45.027,-22.469]]],[[[-45.311,-23.584],[-45.313,-23.584],[-45.311,-23.581],[-45.311,-23.584]]],[[[-45.31,-23.586],[-45.309,-23.587],[-45.311,-23.587],[-45.31,-23.586]]],[[[-45.289,-23.592],[-45.283,-23.601],[-45.296,-23.602],[-45.289,-23.592]]],[[[-45.753,-23.77],[-45.754,-23.77],[-45.753,-23.769],[-45.753,-23.77]],[[-45.747,-23.772],[-45.747,-23.772],[-45.747,-23.771],[-45.747,-23.772]]],[[[-45.8,-23.774],[-45.8,-23.773],[-45.799,-23.773],[-45.8,-23.774]]],[[[-45.705,-23.788],[-45.718,-23.794],[-45.711,-23.787],[-45.705,-23.788]]],[[[-45.719,-23.799],[-45.716,-23.806],[-45.726,-23.802],[-45.719,-23.799]]],[[[-45.668,-23.804],[-45.671,-23.807],[-45.671,-23.806],[-45.668,-23.804]],[[-45.406,-23.814],[-45.406,-23.814],[-45.406,-23.814],[-45.406,-23.814]],[[-45.407,-23.815],[-45.406,-23.815],[-45.408,-23.815],[-45.407,-23.815]],[[-45.406,-23.816],[-45.406,-23.816],[-45.406,-23.816],[-45.406,-23.816]],[[-45.47,-23.824],[-45.47,-23.824],[-45.47,-23.824],[-45.47,-23.824]]],[[[-45.542,-23.827],[-45.541,-23.828],[-45.543,-23.829],[-45.542,-23.827]],[[-45.413,-23.828],[-45.413,-23.828],[-45.413,-23.828],[-45.413,-23.828]]],[[[-45.444,-23.831],[-45.443,-23.832],[-45.444,-23.832],[-45.444,-23.831]]],[[[-45.523,-23.846],[-45.52,-23.848],[-45.525,-23.856],[-45.523,-23.846]]],[[[-45.775,-23.859],[-45.777,-23.868],[-45.787,-23.868],[-45.775,-23.859]]],[[[-45.656,-24.077],[-45.656,-24.076],[-45.654,-24.075],[-45.656,-24.077]],[[-45.718,-24.077],[-45.718,-24.077],[-45.717,-24.076],[-45.718,-24.077]]],[[[-45.716,-24.08],[-45.717,-24.08],[-45.717,-24.079],[-45.716,-24.08]],[[-45.663,-24.084],[-45.663,-24.084],[-45.663,-24.083],[-45.663,-24.084]],[[-45.659,-24.089],[-45.659,-24.089],[-45.658,-24.089],[-45.659,-24.089]]],[[[-45.69,-24.092],[-45.68,-24.098],[-45.706,-24.113],[-45.69,-24.092]],[[-45.705,-24.094],[-45.705,-24.094],[-45.704,-24.094],[-45.705,-24.094]],[[-45.702,-24.097],[-45.702,-24.096],[-45.702,-24.095],[-45.702,-24.097]]]]}},{"type":"Feature","properties":{"codigo_area_atuacao":"C.076.AP.2016","sigla":"CEA","num_municipios":16,"populacao_estimada_2018":829494,"area_km2":142471.62987573,"tipo_outorga":"CONCESSIONÁRIA","uf":"AP","regiao":"NORTE","num_unidades_consumidoras":206893,"cnpj":"05.965.546/0001-09","razao_social":"COMPANHIA DE ELETRICIDADE DO AMAPÁ","ato_legal":"ECT 001/2021 de 24/11/2021; PRT 442/2016 de 23/08/2016; Lei 2740/1956 de 06/03/1956","inicio_vigencia_epoch_ms":-441838800000,"cnpj_digits":"05965546000109","subsystem_id":"N","subsystem_mapping_method":"GEOGRAPHIC_REGION_PROXY_MVP"},"geometry":{"type":"MultiPolygon","coordinates":[[[[-51.516,4.45],[-51.394,4.365],[-51.283,4.25],[-51.192,4.091],[-51.176,4.011],[-51.179,3.919],[-51.102,3.913],[-51.083,3.895],[-51.082,3.56],[-51.091,3.48],[-51.109,3.451],[-51.033,3.214],[-51.044,3.134],[-51.014,3.086],[-51.021,3.051],[-50.984,2.937],[-50.951,2.882],[-50.954,2.837],[-50.908,2.789],[-50.905,2.757],[-50.885,2.741],[-50.882,2.688],[-50.848,2.64],[-50.827,2.513],[-50.794,2.499],[-50.77,2.453],[-50.745,2.32],[-50.723,2.288],[-50.725,2.244],[-50.687,2.191],[-50.682,2.133],[-50.604,2.073],[-50.583,1.99],[-50.445,1.815],[-50.4,1.8],[-50.325,1.815],[-50.166,1.813],[-50.019,1.753],[-49.921,1.688],[-49.877,1.45],[-49.884,1.34],[-49.904,1.296],[-49.898,1.192],[-49.883,1.169],[-49.886,1.035],[-49.944,0.959],[-49.989,0.94],[-50.002,0.906],[-49.988,0.876],[-50.02,0.859],[-50.097,0.767],[-50.22,0.743],[-50.226,0.696],[-50.347,0.667],[-50.437,0.6],[-50.556,0.307],[-50.668,0.185],[-50.762,0.121],[-50.946,0.063],[-51.076,-0.084],[-51.216,-0.119],[-51.302,-0.253],[-51.339,-0.285],[-51.363,-0.368],[-51.421,-0.429],[-51.458,-0.513],[-51.596,-0.65],[-51.679,-0.785],[-51.696,-0.921],[-51.686,-1.029],[-51.7,-1.063],[-51.809,-1.157],[-51.887,-1.166],[-51.926,-1.132],[-51.956,-1.17],[-51.966,-1.126],[-51.988,-1.123],[-51.988,-1.168],[-52.055,-1.177],[-52.064,-1.19],[-52.047,-1.219],[-52.07,-1.236],[-52.11,-1.218],[-52.12,-1.146],[-52.333,-1.116],[-52.358,-1.063],[-52.4,-1.044],[-52.427,-1.051],[-52.414,-1.009],[-52.44,-0.935],[-52.405,-0.913],[-52.403,-0.877],[-52.456,-0.83],[-52.517,-0.859],[-52.544,-0.852],[-52.517,-0.809],[-52.497,-0.723],[-52.525,-0.585],[-52.54,-0.573],[-52.613,-0.595],[-52.64,-0.585],[-52.695,-0.496],[-52.703,-0.459],[-52.679,-0.424],[-52.699,-0.387],[-52.682,-0.34],[-52.689,-0.304],[-52.74,-0.277],[-52.76,-0.238],[-52.836,-0.186],[-52.852,-0.15],[-52.933,-0.142],[-52.971,-0.043],[-52.977,0.024],[-53.015,0.06],[-53.011,0.095],[-53.052,0.157],[-53.094,0.195],[-53.106,0.232],[-53.095,0.262],[-53.134,0.3],[-53.139,0.33],[-53.175,0.377],[-53.16,0.403],[-53.168,0.446],[-53.155,0.48],[-53.17,0.494],[-53.148,0.542],[-53.15,0.591],[-53.106,0.684],[-53.144,0.696],[-53.19,0.768],[-53.411,0.929],[-53.422,1.034],[-53.456,1.077],[-53.46,1.128],[-53.444,1.151],[-53.4,1.158],[-53.427,1.243],[-53.539,1.212],[-53.546,1.229],[-53.523,1.261],[-53.563,1.307],[-53.533,1.322],[-53.539,1.341],[-53.559,1.35],[-53.571,1.337],[-53.595,1.358],[-53.651,1.336],[-53.663,1.349],[-53.644,1.364],[-53.647,1.408],[-53.671,1.372],[-53.711,1.384],[-53.696,1.418],[-53.717,1.432],[-53.715,1.405],[-53.732,1.386],[-53.762,1.408],[-53.775,1.397],[-53.804,1.424],[-53.823,1.414],[-53.807,1.392],[-53.85,1.392],[-53.844,1.406],[-53.886,1.402],[-53.877,1.435],[-53.896,1.455],[-53.918,1.457],[-53.938,1.435],[-53.929,1.469],[-53.954,1.468],[-53.967,1.484],[-53.997,1.476],[-54.009,1.52],[-54.028,1.517],[-54.025,1.5],[-54.086,1.488],[-54.085,1.526],[-54.118,1.558],[-54.102,1.591],[-54.128,1.591],[-54.144,1.641],[-54.182,1.658],[-54.191,1.625],[-54.23,1.676],[-54.264,1.68],[-54.267,1.708],[-54.292,1.709],[-54.282,1.724],[-54.31,1.729],[-54.309,1.741],[-54.345,1.741],[-54.378,1.764],[-54.387,1.745],[-54.425,1.76],[-54.509,1.748],[-54.571,1.784],[-54.671,1.766],[-54.745,1.776],[-54.754,1.798],[-54.734,1.832],[-54.753,1.851],[-54.772,1.94],[-54.754,1.971],[-54.804,2.026],[-54.813,2.063],[-54.806,2.139],[-54.763,2.202],[-54.811,2.266],[-54.794,2.313],[-54.808,2.342],[-54.876,2.427],[-54.797,2.439],[-54.744,2.471],[-54.685,2.447],[-54.692,2.361],[-54.662,2.327],[-54.602,2.337],[-54.437,2.21],[-54.189,2.179],[-53.942,2.242],[-53.936,2.297],[-53.908,2.274],[-53.889,2.286],[-53.884,2.316],[-53.815,2.317],[-53.835,2.34],[-53.767,2.379],[-53.723,2.354],[-53.749,2.313],[-53.696,2.312],[-53.686,2.295],[-53.664,2.305],[-53.656,2.285],[-53.601,2.286],[-53.541,2.257],[-53.459,2.261],[-53.47,2.289],[-53.44,2.28],[-53.405,2.298],[-53.368,2.321],[-53.36,2.349],[-53.338,2.354],[-53.262,2.276],[-53.23,2.265],[-53.28,2.223],[-53.279,2.186],[-53.243,2.208],[-53.215,2.194],[-53.1,2.214],[-52.984,2.167],[-52.941,2.179],[-52.935,2.194],[-52.903,2.186],[-52.888,2.238],[-52.854,2.264],[-52.859,2.281],[-52.661,2.374],[-52.646,2.433],[-52.61,2.452],[-52.618,2.475],[-52.595,2.476],[-52.552,2.52],[-52.561,2.55],[-52.537,2.559],[-52.527,2.583],[-52.556,2.64],[-52.529,2.652],[-52.422,2.891],[-52.377,2.916],[-52.395,2.928],[-52.393,2.946],[-52.326,3.078],[-52.353,3.127],[-52.332,3.137],[-52.331,3.171],[-52.301,3.173],[-52.293,3.226],[-52.26,3.253],[-52.234,3.24],[-52.191,3.297],[-52.073,3.516],[-51.988,3.628],[-51.973,3.705],[-51.923,3.723],[-51.921,3.78],[-51.896,3.785],[-51.903,3.8],[-51.873,3.804],[-51.799,3.887],[-51.778,3.975],[-51.656,4.054],[-51.619,4.21],[-51.677,4.333],[-51.662,4.471],[-51.638,4.509],[-51.516,4.45]]],[[[-50.45,2.109],[-50.399,2.105],[-50.362,2.06],[-50.362,2.022],[-50.317,1.959],[-50.367,1.889],[-50.426,1.867],[-50.452,1.884],[-50.494,1.987],[-50.521,2.005],[-50.507,2.09],[-50.45,2.109]]],[[[-50.509,2.185],[-50.466,2.184],[-50.441,2.167],[-50.423,2.118],[-50.508,2.1],[-50.553,2.151],[-50.509,2.185]]]]}},{"type":"Feature","properties":{"codigo_area_atuacao":"C.083.AL.2019","sigla":"EQUATORIAL AL","num_municipios":102,"populacao_estimada_2018":3322820,"area_km2":27843.49088609,"tipo_outorga":"CONCESSIONÁRIA","uf":"AL","regiao":"NORDESTE","num_unidades_consumidoras":1119021,"cnpj":"12.272.084/0001-00","razao_social":"EQUATORIAL ALAGOAS DISTRIBUIDORA DE ENERGIA S.A.","ato_legal":"ECT 002/2019 de 18/03/2019; ECT 007/2001 de 12/02/2001","inicio_vigencia_epoch_ms":978318000000,"cnpj_digits":"12272084000100","subsystem_id":"NE","subsystem_mapping_method":"GEOGRAPHIC_REGION_PROXY_MVP"},"geometry":{"type":"MultiPolygon","coordinates":[[[[-35.467,-8.818],[-35.456,-8.841],[-35.411,-8.836],[-35.253,-8.887],[-35.177,-8.889],[-35.152,-8.916],[-35.355,-9.257],[-35.415,-9.321],[-35.463,-9.347],[-35.513,-9.439],[-35.593,-9.531],[-35.651,-9.569],[-35.693,-9.624],[-35.696,-9.666],[-35.724,-9.685],[-35.747,-9.674],[-35.806,-9.716],[-36.046,-10.075],[-36.089,-10.094],[-36.134,-10.16],[-36.152,-10.156],[-36.276,-10.28],[-36.302,-10.323],[-36.294,-10.355],[-36.391,-10.5],[-36.451,-10.41],[-36.51,-10.433],[-36.522,-10.433],[-36.513,-10.421],[-36.545,-10.43],[-36.563,-10.42],[-36.566,-10.328],[-36.626,-10.256],[-36.685,-10.275],[-36.721,-10.265],[-36.747,-10.231],[-36.836,-10.204],[-36.851,-10.16],[-36.914,-10.136],[-36.954,-10.071],[-36.973,-9.988],[-37.0,-9.975],[-37.044,-9.989],[-37.153,-9.901],[-37.236,-9.896],[-37.285,-9.831],[-37.355,-9.789],[-37.47,-9.748],[-37.578,-9.736],[-37.712,-9.631],[-37.785,-9.639],[-37.818,-9.593],[-37.833,-9.595],[-37.892,-9.54],[-37.917,-9.549],[-37.989,-9.527],[-38.022,-9.47],[-38.068,-9.459],[-38.08,-9.44],[-38.155,-9.443],[-38.205,-9.419],[-38.194,-9.385],[-38.238,-9.33],[-38.174,-9.285],[-38.144,-9.218],[-38.092,-9.173],[-37.979,-9.148],[-37.906,-9.041],[-37.881,-9.04],[-37.88,-9.015],[-37.839,-8.978],[-37.825,-8.886],[-37.755,-8.846],[-37.672,-8.974],[-37.698,-8.991],[-37.658,-8.986],[-37.638,-9.004],[-37.597,-8.969],[-37.531,-8.96],[-37.5,-8.968],[-37.493,-8.993],[-37.411,-9.009],[-37.247,-9.179],[-37.234,-9.24],[-37.198,-9.215],[-37.159,-9.239],[-37.164,-9.276],[-37.116,-9.241],[-37.091,-9.246],[-37.057,-9.282],[-37.058,-9.318],[-37.054,-9.307],[-37.024,-9.316],[-37.003,-9.353],[-36.946,-9.383],[-36.93,-9.37],[-36.938,-9.353],[-36.916,-9.299],[-36.871,-9.268],[-36.836,-9.289],[-36.762,-9.271],[-36.628,-9.332],[-36.614,-9.324],[-36.604,-9.342],[-36.567,-9.331],[-36.572,-9.293],[-36.491,-9.262],[-36.487,-9.24],[-36.463,-9.239],[-36.437,-9.212],[-36.42,-9.23],[-36.354,-9.22],[-36.354,-9.201],[-36.329,-9.203],[-36.31,-9.172],[-36.262,-9.171],[-36.267,-9.102],[-36.236,-9.103],[-36.196,-9.045],[-36.143,-9.04],[-36.115,-9.022],[-36.104,-8.999],[-36.127,-8.981],[-36.128,-8.958],[-36.086,-8.944],[-36.064,-8.915],[-35.965,-8.903],[-35.896,-8.854],[-35.843,-8.873],[-35.796,-8.847],[-35.776,-8.858],[-35.783,-8.898],[-35.745,-8.917],[-35.632,-8.881],[-35.539,-8.82],[-35.467,-8.818]]],[[[-35.758,-9.693],[-35.758,-9.694],[-35.76,-9.695],[-35.758,-9.693]]]]}},{"type":"Feature","properties":{"codigo_area_atuacao":"C.043.DF.1999","sigla":"NEOENERGIA BRASÍLIA","num_municipios":1,"populacao_estimada_2018":2974703,"area_km2":5760.81910634,"tipo_outorga":"CONCESSIONÁRIA","uf":"DF","regiao":"CENTRO-OESTE","num_unidades_consumidoras":1113922,"cnpj":"07.522.669/0001-92","razao_social":"CEB DISTRIBUIÇÃO S.A.","ato_legal":"ECT 066/1999 de 26/08/1999","inicio_vigencia_epoch_ms":915159600000,"cnpj_digits":"07522669000192","subsystem_id":"SE/CO","subsystem_mapping_method":"GEOGRAPHIC_REGION_PROXY_MVP"},"geometry":{"type":"Polygon","coordinates":[[[-47.815,-16.05],[-48.278,-16.05],[-48.25,-15.948],[-48.261,-15.928],[-48.276,-15.931],[-48.285,-15.837],[-48.21,-15.754],[-48.209,-15.715],[-48.241,-15.706],[-48.241,-15.687],[-48.234,-15.642],[-48.2,-15.623],[-48.2,-15.502],[-47.418,-15.502],[-47.418,-15.546],[-47.377,-15.577],[-47.318,-15.589],[-47.334,-15.63],[-47.313,-15.742],[-47.367,-15.829],[-47.381,-15.881],[-47.361,-15.926],[-47.379,-15.974],[-47.369,-16.003],[-47.339,-16.012],[-47.309,-16.05],[-47.815,-16.05]]]}},{"type":"Feature","properties":{"codigo_area_atuacao":"C.045.RS.1999","sigla":"CEEE-D","num_municipios":72,"populacao_estimada_2018":3799079,"area_km2":87342.98093409,"tipo_outorga":"CONCESSIONÁRIA","uf":"RS","regiao":"SUL","num_unidades_consumidoras":1754348,"cnpj":"08.467.115/0001-00","razao_social":"COMPANHIA ESTADUAL DE DISTRIBUIÇÃO DE ENERGIA ELÉTRICA - CEEE-D","ato_legal":"ECT 081/1999 de 25/10/1999","inicio_vigencia_epoch_ms":915159600000,"cnpj_digits":"08467115000100","subsystem_id":"S","subsystem_mapping_method":"GEOGRAPHIC_REGION_PROXY_MVP"},"geometry":{"type":"MultiPolygon","coordinates":[[[[-49.961,-29.199],[-49.869,-29.224],[-49.844,-29.278],[-49.742,-29.299],[-49.73,-29.317],[-49.745,-29.328],[-49.713,-29.327],[-49.912,-29.591],[-50.053,-29.838],[-50.34,-30.511],[-50.767,-31.11],[-51.268,-31.579],[-51.484,-31.732],[-51.848,-31.931],[-51.969,-32.032],[-52.082,-32.16],[-52.133,-32.174],[-52.234,-32.26],[-52.299,-32.349],[-52.371,-32.488],[-52.507,-32.89],[-52.636,-33.123],[-52.773,-33.279],[-53.37,-33.744],[-53.431,-33.739],[-53.44,-33.693],[-53.532,-33.689],[-53.508,-33.353],[-53.518,-33.153],[-53.444,-33.053],[-53.245,-32.935],[-53.31,-32.919],[-53.295,-32.899],[-53.185,-32.85],[-53.146,-32.792],[-53.086,-32.788],[-53.076,-32.741],[-53.186,-32.645],[-53.241,-32.627],[-53.249,-32.603],[-53.289,-32.621],[-53.37,-32.57],[-53.39,-32.587],[-53.422,-32.558],[-53.432,-32.565],[-53.464,-32.485],[-53.526,-32.489],[-53.584,-32.451],[-53.614,-32.398],[-53.645,-32.384],[-53.633,-32.35],[-53.657,-32.317],[-53.643,-32.296],[-53.678,-32.259],[-53.694,-32.205],[-53.711,-32.199],[-53.718,-32.153],[-53.735,-32.152],[-53.726,-32.14],[-53.744,-32.115],[-53.725,-32.096],[-53.833,-32.055],[-53.853,-32.03],[-53.85,-32.001],[-53.891,-31.996],[-53.913,-31.966],[-53.96,-31.955],[-53.973,-31.94],[-53.963,-31.922],[-54.026,-31.897],[-54.087,-31.935],[-54.101,-31.928],[-54.456,-31.652],[-54.467,-31.613],[-54.452,-31.599],[-54.516,-31.51],[-54.577,-31.481],[-54.586,-31.457],[-54.67,-31.454],[-54.752,-31.424],[-54.836,-31.442],[-54.886,-31.377],[-54.941,-31.381],[-54.935,-31.356],[-54.959,-31.352],[-54.953,-31.332],[-54.979,-31.317],[-55.002,-31.269],[-55.032,-31.27],[-55.036,-31.284],[-55.08,-31.211],[-55.068,-31.159],[-55.095,-31.119],[-55.115,-31.012],[-55.147,-30.98],[-55.107,-30.912],[-55.046,-30.884],[-55.029,-30.855],[-55.04,-30.796],[-55.012,-30.725],[-54.972,-30.734],[-54.915,-30.719],[-54.844,-30.735],[-54.778,-30.695],[-54.771,-30.66],[-54.733,-30.631],[-54.725,-30.6],[-54.701,-30.597],[-54.69,-30.629],[-54.676,-30.605],[-54.608,-30.623],[-54.527,-30.614],[-54.504,-30.631],[-54.439,-30.623],[-54.374,-30.677],[-54.346,-30.737],[-54.322,-30.719],[-54.157,-30.778],[-54.132,-30.708],[-54.061,-30.687],[-54.018,-30.693],[-54.005,-30.65],[-53.981,-30.639],[-53.987,-30.616],[-53.935,-30.575],[-53.859,-30.476],[-53.819,-30.519],[-53.745,-30.514],[-53.736,-30.549],[-53.738,-30.57],[-53.787,-30.607],[-53.779,-30.63],[-53.804,-30.633],[-53.788,-30.639],[-53.8,-30.649],[-53.797,-30.706],[-53.812,-30.71],[-53.804,-30.729],[-53.821,-30.749],[-53.804,-30.765],[-53.805,-30.788],[-53.772,-30.8],[-53.745,-30.773],[-53.701,-30.816],[-53.684,-30.813],[-53.691,-30.826],[-53.672,-30.842],[-53.652,-30.841],[-53.66,-30.871],[-53.601,-30.858],[-53.61,-30.898],[-53.588,-30.897],[-53.602,-30.919],[-53.574,-30.908],[-53.564,-30.932],[-53.543,-30.927],[-53.559,-30.941],[-53.532,-30.943],[-53.542,-30.954],[-53.519,-30.934],[-53.48,-30.969],[-53.461,-30.945],[-53.454,-30.968],[-53.436,-30.95],[-53.392,-30.987],[-53.361,-30.979],[-53.344,-30.998],[-53.325,-30.986],[-53.299,-31.004],[-53.282,-30.993],[-53.262,-31.011],[-53.251,-30.999],[-53.236,-31.01],[-53.223,-30.991],[-53.147,-31.03],[-53.123,-31.006],[-53.131,-30.99],[-53.087,-30.969],[-53.024,-30.988],[-53.015,-30.897],[-52.985,-30.872],[-52.986,-30.855],[-52.961,-30.859],[-52.951,-30.84],[-52.965,-30.815],[-52.948,-30.787],[-52.963,-30.76],[-52.949,-30.74],[-52.979,-30.724],[-52.995,-30.684],[-52.975,-30.672],[-52.975,-30.604],[-52.931,-30.606],[-52.906,-30.574],[-52.912,-30.543],[-52.883,-30.488],[-52.893,-30.438],[-52.87,-30.418],[-52.883,-30.407],[-52.878,-30.344],[-52.865,-30.341],[-52.862,-30.359],[-52.843,-30.336],[-52.811,-30.335],[-52.791,-30.302],[-52.791,-30.341],[-52.714,-30.366],[-52.689,-30.342],[-52.688,-30.273],[-52.657,-30.209],[-52.619,-30.262],[-52.609,-30.34],[-52.581,-30.373],[-52.544,-30.362],[-52.536,-30.355],[-52.557,-30.345],[-52.559,-30.285],[-52.532,-30.279],[-52.532,-30.219],[-52.558,-30.172],[-52.521,-30.099],[-52.509,-30.094],[-52.495,-30.112],[-52.475,-30.105],[-52.489,-30.091],[-52.392,-30.082],[-52.377,-30.128],[-52.335,-30.165],[-52.328,-30.143],[-52.257,-30.142],[-52.294,-30.156],[-52.278,-30.183],[-52.278,-30.264],[-52.21,-30.26],[-52.174,-30.326],[-52.159,-30.317],[-52.177,-30.277],[-52.136,-30.228],[-52.161,-30.205],[-52.148,-30.162],[-52.17,-30.126],[-52.146,-30.02],[-52.155,-29.977],[-52.135,-29.937],[-52.101,-29.947],[-52.068,-29.932],[-52.033,-29.957],[-52.015,-29.938],[-51.997,-29.973],[-51.984,-29.942],[-51.945,-29.931],[-51.939,-29.949],[-51.868,-29.96],[-51.75,-29.96],[-51.507,-29.928],[-51.412,-29.988],[-51.246,-29.933],[-51.201,-29.971],[-51.126,-29.954],[-51.084,-29.972],[-50.949,-29.96],[-50.922,-30.0],[-50.863,-30.016],[-50.702,-29.976],[-50.686,-29.952],[-50.706,-29.926],[-50.679,-29.886],[-50.682,-29.847],[-50.752,-29.789],[-50.694,-29.788],[-50.713,-29.755],[-50.687,-29.746],[-50.699,-29.714],[-50.689,-29.68],[-50.633,-29.685],[-50.575,-29.711],[-50.572,-29.734],[-50.548,-29.713],[-50.526,-29.719],[-50.507,-29.696],[-50.49,-29.7],[-50.491,-29.688],[-50.447,-29.693],[-50.45,-29.681],[-50.383,-29.719],[-50.359,-29.716],[-50.314,-29.675],[-50.321,-29.656],[-50.35,-29.662],[-50.359,-29.631],[-50.331,-29.611],[-50.349,-29.589],[-50.326,-29.588],[-50.351,-29.571],[-50.355,-29.552],[-50.337,-29.537],[-50.357,-29.508],[-50.323,-29.474],[-50.325,-29.44],[-50.288,-29.446],[-50.292,-29.468],[-50.265,-29.455],[-50.292,-29.506],[-50.276,-29.484],[-50.251,-29.5],[-50.248,-29.485],[-50.214,-29.486],[-50.197,-29.495],[-50.222,-29.511],[-50.168,-29.536],[-50.188,-29.506],[-50.151,-29.475],[-50.166,-29.464],[-50.188,-29.489],[-50.219,-29.482],[-50.203,-29.455],[-50.211,-29.461],[-50.209,-29.443],[-50.225,-29.452],[-50.223,-29.433],[-50.25,-29.412],[-50.199,-29.407],[-50.221,-29.41],[-50.219,-29.39],[-50.239,-29.396],[-50.238,-29.347],[-50.253,-29.333],[-50.216,-29.327],[-50.221,-29.342],[-50.207,-29.331],[-50.191,-29.341],[-50.203,-29.368],[-50.109,-29.323],[-50.06,-29.365],[-50.034,-29.35],[-50.109,-29.28],[-50.114,-29.258],[-49.997,-29.228],[-49.961,-29.199]]],[[[-49.704,-29.348],[-49.705,-29.347],[-49.704,-29.345],[-49.704,-29.348]]]]}},{"type":"Feature","properties":{"codigo_area_atuacao":"C.042.SC.1999","sigla":"CELESC-DIS","num_municipios":285,"populacao_estimada_2018":6481008,"area_km2":93826.45087829,"tipo_outorga":"CONCESSIONÁRIA","uf":"SC","regiao":"SUL","num_unidades_consumidoras":3041851,"cnpj":"08.336.783/0001-90","razao_social":"CELESC DISTRIBUIÇÃO S.A","ato_legal":"ECT 056/1999 de 22/07/1999","inicio_vigencia_epoch_ms":915159600000,"cnpj_digits":"08336783000190","subsystem_id":"S","subsystem_mapping_method":"GEOGRAPHIC_REGION_PROXY_MVP"},"geometry":{"type":"MultiPolygon","coordinates":[[[[-48.64,-25.967],[-48.621,-25.982],[-48.595,-25.977],[-48.611,-26.061],[-48.589,-26.155],[-48.55,-26.171],[-48.528,-26.164],[-48.52,-26.219],[-48.493,-26.218],[-48.593,-26.409],[-48.594,-26.453],[-48.656,-26.557],[-48.688,-26.68],[-48.669,-26.767],[-48.647,-26.762],[-48.618,-26.79],[-48.599,-26.772],[-48.584,-26.786],[-48.603,-26.827],[-48.628,-26.833],[-48.644,-26.905],[-48.622,-26.926],[-48.628,-26.993],[-48.601,-27.006],[-48.583,-26.993],[-48.569,-27.009],[-48.594,-27.063],[-48.588,-27.079],[-48.614,-27.098],[-48.609,-27.115],[-48.564,-27.156],[-48.537,-27.15],[-48.508,-27.11],[-48.504,-27.144],[-48.465,-27.144],[-48.499,-27.173],[-48.495,-27.198],[-48.478,-27.207],[-48.513,-27.222],[-48.502,-27.195],[-48.542,-27.183],[-48.607,-27.22],[-48.615,-27.272],[-48.588,-27.32],[-48.539,-27.299],[-48.523,-27.334],[-48.537,-27.358],[-48.526,-27.408],[-48.483,-27.378],[-48.417,-27.381],[-48.395,-27.431],[-48.373,-27.444],[-48.365,-27.433],[-48.36,-27.446],[-48.424,-27.538],[-48.428,-27.568],[-48.412,-27.575],[-48.431,-27.616],[-48.506,-27.724],[-48.506,-27.747],[-48.477,-27.763],[-48.484,-27.786],[-48.525,-27.785],[-48.544,-27.83],[-48.601,-27.858],[-48.596,-27.882],[-48.573,-27.886],[-48.625,-27.955],[-48.63,-28.01],[-48.598,-28.03],[-48.662,-28.18],[-48.666,-28.218],[-48.645,-28.235],[-48.687,-28.273],[-48.709,-28.323],[-48.698,-28.338],[-48.742,-28.391],[-48.738,-28.423],[-48.766,-28.465],[-48.762,-28.493],[-48.745,-28.497],[-48.761,-28.535],[-48.813,-28.585],[-48.814,-28.606],[-48.858,-28.616],[-48.873,-28.594],[-48.945,-28.594],[-48.971,-28.573],[-48.968,-28.555],[-48.994,-28.559],[-49.023,-28.534],[-49.182,-28.641],[-49.176,-28.685],[-49.214,-28.671],[-49.333,-28.679],[-49.335,-28.754],[-49.357,-28.755],[-49.351,-28.855],[-49.29,-28.883],[-49.472,-29.047],[-49.713,-29.326],[-49.745,-29.328],[-49.73,-29.317],[-49.742,-29.299],[-49.844,-29.278],[-49.858,-29.232],[-49.95,-29.201],[-49.997,-29.228],[-50.114,-29.258],[-50.092,-29.298],[-50.051,-29.324],[-50.041,-29.355],[-50.047,-29.34],[-50.069,-29.343],[-50.066,-29.322],[-50.112,-29.306],[-50.123,-29.282],[-50.129,-29.304],[-50.145,-29.294],[-50.139,-29.254],[-50.178,-29.249],[-50.141,-29.238],[-50.151,-29.225],[-50.134,-29.208],[-50.162,-29.204],[-50.14,-29.192],[-50.093,-29.213],[-50.113,-29.24],[-50.084,-29.215],[-50.047,-29.217],[-50.091,-29.22],[-50.1,-29.16],[-50.057,-29.158],[-50.093,-29.168],[-50.075,-29.188],[-50.06,-29.175],[-50.068,-29.195],[-50.033,-29.175],[-50.015,-29.187],[-50.029,-29.172],[-50.006,-29.15],[-50.013,-29.127],[-49.982,-29.139],[-49.993,-29.118],[-49.963,-29.117],[-49.968,-29.084],[-49.942,-29.058],[-50.004,-29.072],[-49.961,-29.051],[-49.941,-29.022],[-49.966,-29.022],[-49.942,-28.981],[-49.92,-28.979],[-49.958,-28.963],[-49.95,-28.929],[-49.969,-28.922],[-49.932,-28.872],[-49.97,-28.876],[-49.956,-28.859],[-49.963,-28.799],[-49.951,-28.802],[-49.961,-28.772],[-49.922,-28.746],[-49.935,-28.726],[-49.905,-28.708],[-49.914,-28.724],[-49.883,-28.717],[-49.896,-28.739],[-49.875,-28.745],[-49.872,-28.703],[-49.842,-28.714],[-49.813,-28.687],[-49.838,-28.69],[-49.839,-28.667],[-49.816,-28.658],[-49.817,-28.638],[-49.784,-28.61],[-49.779,-28.629],[-49.757,-28.615],[-49.75,-28.629],[-49.692,-28.623],[-49.71,-28.604],[-49.712,-28.572],[-49.749,-28.546],[-49.727,-28.518],[-49.743,-28.495],[-49.771,-28.494],[-49.766,-28.459],[-49.782,-28.497],[-49.813,-28.468],[-49.811,-28.484],[-49.826,-28.478],[-49.841,-28.496],[-49.841,-28.486],[-49.867,-28.489],[-49.864,-28.463],[-49.878,-28.455],[-49.855,-28.444],[-49.893,-28.44],[-49.889,-28.459],[-49.902,-28.465],[-49.929,-28.451],[-49.944,-28.483],[-49.953,-28.45],[-49.967,-28.456],[-49.975,-28.439],[-49.989,-28.457],[-50.019,-28.451],[-50.039,-28.48],[-50.086,-28.473],[-50.101,-28.486],[-50.126,-28.475],[-50.111,-28.444],[-50.128,-28.429],[-50.161,-28.46],[-50.139,-28.494],[-50.156,-28.498],[-50.178,-28.452],[-50.203,-28.444],[-50.223,-28.463],[-50.247,-28.428],[-50.264,-28.444],[-50.251,-28.449],[-50.273,-28.457],[-50.33,-28.434],[-50.346,-28.464],[-50.36,-28.42],[-50.382,-28.447],[-50.457,-28.411],[-50.527,-28.404],[-50.537,-28.43],[-50.592,-28.382],[-50.625,-28.393],[-50.628,-28.365],[-50.665,-28.338],[-50.659,-28.323],[-50.695,-28.289],[-50.697,-28.268],[-50.753,-28.246],[-50.764,-28.189],[-50.789,-28.198],[-50.786,-28.142],[-50.82,-28.14],[-50.832,-28.118],[-50.872,-28.137],[-50.876,-28.095],[-50.904,-28.086],[-50.875,-28.04],[-50.923,-28.012],[-50.926,-27.969],[-50.984,-27.94],[-51.002,-27.964],[-51.019,-27.957],[-51.016,-27.926],[-51.056,-27.904],[-51.053,-27.87],[-51.079,-27.862],[-51.082,-27.834],[-51.129,-27.832],[-51.135,-27.804],[-51.191,-27.776],[-51.241,-27.778],[-51.247,-27.76],[-51.274,-27.75],[-51.276,-27.724],[-51.31,-27.718],[-51.315,-27.675],[-51.373,-27.669],[-51.383,-27.625],[-51.435,-27.654],[-51.437,-27.63],[-51.477,-27.599],[-51.487,-27.561],[-51.548,-27.559],[-51.572,-27.583],[-51.587,-27.566],[-51.58,-27.524],[-51.631,-27.541],[-51.619,-27.5],[-51.63,-27.489],[-51.656,-27.52],[-51.687,-27.479],[-51.706,-27.484],[-51.72,-27.514],[-51.754,-27.487],[-51.797,-27.49],[-51.793,-27.531],[-51.822,-27.513],[-51.851,-27.525],[-51.844,-27.483],[-51.863,-27.475],[-51.88,-27.487],[-51.875,-27.518],[-51.892,-27.52],[-51.902,-27.461],[-51.958,-27.474],[-51.936,-27.429],[-52.008,-27.404],[-51.991,-27.389],[-51.952,-27.395],[-51.952,-27.38],[-52.017,-27.368],[-52.015,-27.331],[-52.045,-27.347],[-52.103,-27.347],[-52.114,-27.305],[-52.168,-27.312],[-52.167,-27.271],[-52.216,-27.333],[-52.241,-27.304],[-52.278,-27.3],[-52.239,-27.262],[-52.302,-27.26],[-52.296,-27.318],[-52.345,-27.288],[-52.375,-27.305],[-52.386,-27.254],[-52.4,-27.257],[-52.398,-27.293],[-52.439,-27.264],[-52.438,-27.216],[-52.48,-27.236],[-52.483,-27.267],[-52.535,-27.261],[-52.55,-27.238],[-52.633,-27.265],[-52.668,-27.238],[-52.692,-27.285],[-52.716,-27.236],[-52.758,-27.257],[-52.764,-27.211],[-52.843,-27.21],[-52.853,-27.17],[-52.929,-27.204],[-52.938,-27.171],[-52.957,-27.163],[-52.97,-27.216],[-52.984,-27.221],[-53.003,-27.198],[-52.983,-27.165],[-52.992,-27.141],[-53.03,-27.16],[-53.043,-27.15],[-53.018,-27.099],[-53.032,-27.082],[-53.077,-27.108],[-53.077,-27.163],[-53.132,-27.18],[-53.162,-27.141],[-53.185,-27.191],[-53.242,-27.172],[-53.313,-27.219],[-53.321,-27.198],[-53.294,-27.136],[-53.312,-27.12],[-53.348,-27.12],[-53.371,-27.091],[-53.412,-27.141],[-53.453,-27.156],[-53.504,-27.136],[-53.495,-27.204],[-53.562,-27.172],[-53.618,-27.187],[-53.644,-27.22],[-53.65,-27.179],[-53.669,-27.162],[-53.744,-27.192],[-53.773,-27.148],[-53.815,-27.176],[-53.837,-27.168],[-53.829,-27.146],[-53.798,-27.145],[-53.824,-27.134],[-53.805,-27.123],[-53.817,-27.101],[-53.777,-27.103],[-53.805,-27.083],[-53.798,-27.066],[-53.772,-27.074],[-53.802,-27.04],[-53.76,-27.065],[-53.786,-27.026],[-53.765,-27.045],[-53.748,-27.033],[-53.764,-27.009],[-53.741,-27.015],[-53.743,-26.991],[-53.718,-26.99],[-53.738,-26.974],[-53.703,-26.959],[-53.709,-26.934],[-53.672,-26.943],[-53.697,-26.929],[-53.671,-26.896],[-53.696,-26.887],[-53.68,-26.87],[-53.697,-26.86],[-53.661,-26.859],[-53.695,-26.848],[-53.711,-26.811],[-53.699,-26.815],[-53.701,-26.798],[-53.717,-26.782],[-53.699,-26.77],[-53.744,-26.764],[-53.714,-26.751],[-53.732,-26.731],[-53.75,-26.742],[-53.743,-26.731],[-53.758,-26.721],[-53.754,-26.71],[-53.735,-26.717],[-53.744,-26.682],[-53.718,-26.685],[-53.732,-26.678],[-53.721,-26.651],[-53.76,-26.64],[-53.74,-26.644],[-53.733,-26.587],[-53.708,-26.562],[-53.736,-26.567],[-53.726,-26.554],[-53.742,-26.544],[-53.717,-26.528],[-53.73,-26.502],[-53.705,-26.509],[-53.696,-26.49],[-53.696,-26.475],[-53.716,-26.471],[-53.699,-26.47],[-53.704,-26.441],[-53.687,-26.442],[-53.71,-26.388],[-53.646,-26.287],[-53.646,-26.248],[-53.628,-26.263],[-53.586,-26.256],[-53.553,-26.293],[-53.498,-26.303],[-53.425,-26.28],[-53.376,-26.242],[-53.305,-26.261],[-53.281,-26.246],[-53.265,-26.289],[-53.184,-26.344],[-53.144,-26.345],[-53.093,-26.392],[-52.988,-26.346],[-52.942,-26.363],[-52.738,-26.342],[-52.719,-26.357],[-52.679,-26.353],[-52.603,-26.415],[-52.525,-26.399],[-52.459,-26.441],[-52.4,-26.423],[-52.377,-26.441],[-52.312,-26.439],[-52.23,-26.467],[-52.186,-26.445],[-52.167,-26.465],[-52.101,-26.482],[-52.081,-26.525],[-52.033,-26.541],[-52.009,-26.567],[-51.897,-26.58],[-51.873,-26.599],[-51.814,-26.578],[-51.789,-26.589],[-51.735,-26.572],[-51.694,-26.581],[-51.666,-26.564],[-51.631,-26.588],[-51.508,-26.581],[-51.48,-26.606],[-51.487,-26.624],[-51.469,-26.621],[-51.455,-26.641],[-51.435,-26.688],[-51.407,-26.701],[-51.411,-26.717],[-51.394,-26.703],[-51.405,-26.676],[-51.391,-26.663],[-51.332,-26.647],[-51.283,-26.654],[-51.277,-26.636],[-51.227,-26.615],[-51.238,-26.605],[-51.215,-26.567],[-51.273,-26.498],[-51.253,-26.462],[-51.277,-26.458],[-51.3,-26.418],[-51.251,-26.374],[-51.248,-26.33],[-51.207,-26.296],[-51.104,-26.276],[-51.079,-26.227],[-51.057,-26.244],[-50.999,-26.231],[-50.945,-26.283],[-50.932,-26.268],[-50.944,-26.238],[-50.933,-26.234],[-50.908,-26.251],[-50.902,-26.289],[-50.882,-26.279],[-50.869,-26.241],[-50.839,-26.271],[-50.824,-26.245],[-50.781,-26.225],[-50.751,-26.224],[-50.742,-26.249],[-50.716,-26.245],[-50.731,-26.206],[-50.649,-26.131],[-50.657,-26.102],[-50.631,-26.065],[-50.552,-26.058],[-50.553,-26.043],[-50.591,-26.041],[-50.57,-26.002],[-50.548,-26.04],[-50.499,-26.022],[-50.444,-26.034],[-50.433,-26.062],[-50.403,-26.057],[-50.362,-26.093],[-50.369,-26.112],[-50.324,-26.135],[-50.332,-26.083],[-50.298,-26.054],[-50.252,-26.051],[-50.251,-26.03],[-50.18,-26.079],[-50.153,-26.042],[-50.18,-26.033],[-50.17,-26.025],[-50.14,-26.027],[-50.148,-26.058],[-50.132,-26.042],[-50.118,-26.064],[-50.083,-26.024],[-50.076,-26.046],[-50.036,-26.027],[-50.006,-26.046],[-50.011,-26.013],[-49.977,-26.014],[-49.963,-26.028],[-49.972,-26.058],[-49.942,-26.008],[-49.935,-26.033],[-49.87,-26.033],[-49.845,-26.065],[-49.832,-26.053],[-49.841,-26.077],[-49.83,-26.069],[-49.825,-26.093],[-49.807,-26.089],[-49.793,-26.113],[-49.787,-26.098],[-49.778,-26.12],[-49.768,-26.104],[-49.749,-26.14],[-49.725,-26.145],[-49.737,-26.158],[-49.728,-26.171],[-49.711,-26.154],[-49.677,-26.176],[-49.691,-26.189],[-49.654,-26.187],[-49.644,-26.21],[-49.634,-26.19],[-49.635,-26.209],[-49.605,-26.212],[-49.602,-26.229],[-49.588,-26.217],[-49.591,-26.232],[-49.578,-26.214],[-49.556,-26.237],[-49.538,-26.213],[-49.52,-26.227],[-49.496,-26.221],[-49.487,-26.18],[-49.461,-26.162],[-49.437,-26.173],[-49.416,-26.153],[-49.37,-26.156],[-49.322,-26.11],[-49.29,-26.104],[-49.294,-26.083],[-49.266,-26.081],[-49.238,-26.031],[-49.175,-26.0],[-49.14,-26.016],[-49.126,-25.996],[-49.098,-26.01],[-49.072,-26.0],[-49.054,-26.021],[-49.041,-26.004],[-49.007,-26.016],[-48.979,-25.989],[-48.95,-25.99],[-48.96,-25.981],[-48.682,-25.984],[-48.647,-25.957],[-48.64,-25.967]],[[-49.291,-28.396],[-49.338,-28.422],[-49.363,-28.412],[-49.394,-28.463],[-49.428,-28.459],[-49.422,-28.537],[-49.481,-28.583],[-49.488,-28.553],[-49.527,-28.551],[-49.568,-28.504],[-49.591,-28.501],[-49.598,-28.522],[-49.65,-28.546],[-49.647,-28.599],[-49.685,-28.621],[-49.377,-28.636],[-49.402,-28.596],[-49.351,-28.563],[-49.253,-28.589],[-49.251,-28.536],[-49.29,-28.504],[-49.213,-28.423],[-49.278,-28.418],[-49.291,-28.396]],[[-52.473,-26.85],[-52.467,-26.892],[-52.48,-26.921],[-52.454,-26.996],[-52.428,-27.013],[-52.37,-26.968],[-52.351,-26.969],[-52.354,-26.943],[-52.323,-26.943],[-52.296,-26.888],[-52.367,-26.751],[-52.386,-26.761],[-52.368,-26.726],[-52.415,-26.699],[-52.397,-26.658],[-52.436,-26.658],[-52.462,-26.69],[-52.543,-26.619],[-52.526,-26.661],[-52.57,-26.649],[-52.576,-26.661],[-52.559,-26.671],[-52.605,-26.668],[-52.617,-26.7],[-52.602,-26.702],[-52.597,-26.725],[-52.637,-26.728],[-52.629,-26.743],[-52.647,-26.75],[-52.623,-26.771],[-52.601,-26.763],[-52.612,-26.771],[-52.589,-26.799],[-52.55,-26.795],[-52.528,-26.83],[-52.473,-26.85]]],[[[-48.37,-27.27],[-48.357,-27.3],[-48.377,-27.283],[-48.37,-27.27]]],[[[-48.52,-27.834],[-48.525,-27.844],[-48.53,-27.844],[-48.52,-27.834]]],[[[-48.463,-27.696],[-48.468,-27.705],[-48.467,-27.692],[-48.463,-27.696]]],[[[-48.404,-27.179],[-48.411,-27.188],[-48.405,-27.175],[-48.404,-27.179]]],[[[-48.469,-27.205],[-48.463,-27.204],[-48.474,-27.209],[-48.469,-27.205]]],[[[-48.504,-27.835],[-48.505,-27.841],[-48.509,-27.838],[-48.504,-27.835]]],[[[-48.541,-27.136],[-48.54,-27.141],[-48.55,-27.145],[-48.541,-27.136]]],[[[-48.542,-27.935],[-48.542,-27.942],[-48.545,-27.932],[-48.542,-27.935]]],[[[-48.578,-26.458],[-48.583,-26.46],[-48.579,-26.454],[-48.578,-26.458]]],[[[-48.482,-26.176],[-48.484,-26.183],[-48.486,-26.175],[-48.482,-26.176]]],[[[-48.331,-27.274],[-48.335,-27.279],[-48.328,-27.268],[-48.331,-27.274]]],[[[-48.356,-27.489],[-48.36,-27.487],[-48.355,-27.484],[-48.356,-27.489]]],[[[-48.431,-27.847],[-48.435,-27.848],[-48.43,-27.844],[-48.431,-27.847]]],[[[-48.564,-26.46],[-48.571,-26.46],[-48.567,-26.458],[-48.564,-26.46]]],[[[-48.532,-27.304],[-48.528,-27.305],[-48.53,-27.308],[-48.532,-27.304]]],[[[-48.649,-28.326],[-48.65,-28.322],[-48.647,-28.318],[-48.649,-28.326]]],[[[-48.385,-27.611],[-48.388,-27.612],[-48.385,-27.607],[-48.385,-27.611]]],[[[-48.638,-26.743],[-48.634,-26.745],[-48.639,-26.746],[-48.638,-26.743]]],[[[-48.528,-27.831],[-48.53,-27.833],[-48.528,-27.829],[-48.528,-27.831]]],[[[-48.363,-27.486],[-48.361,-27.488],[-48.365,-27.49],[-48.363,-27.486]]],[[[-48.641,-28.154],[-48.644,-28.152],[-48.641,-28.151],[-48.641,-28.154]]],[[[-48.709,-28.446],[-48.707,-28.447],[-48.71,-28.448],[-48.709,-28.446]]],[[[-48.398,-27.182],[-48.4,-27.18],[-48.399,-27.179],[-48.398,-27.182]]],[[[-48.521,-26.371],[-48.523,-26.374],[-48.522,-26.371],[-48.521,-26.371]]],[[[-48.525,-26.384],[-48.525,-26.381],[-48.523,-26.381],[-48.525,-26.384]]],[[[-48.366,-27.425],[-48.368,-27.425],[-48.367,-27.423],[-48.366,-27.425]]],[[[-48.654,-28.249],[-48.655,-28.249],[-48.655,-28.247],[-48.654,-28.249]]],[[[-48.65,-28.242],[-48.653,-28.241],[-48.651,-28.241],[-48.65,-28.242]]],[[[-48.487,-26.18],[-48.487,-26.182],[-48.489,-26.182],[-48.487,-26.18]]],[[[-48.581,-26.467],[-48.579,-26.469],[-48.582,-26.468],[-48.581,-26.467]]],[[[-48.639,-26.912],[-48.636,-26.913],[-48.64,-26.913],[-48.639,-26.912]]],[[[-48.673,-26.633],[-48.67,-26.634],[-48.671,-26.636],[-48.673,-26.633]]],[[[-48.491,-26.203],[-48.493,-26.202],[-48.491,-26.202],[-48.491,-26.203]]],[[[-48.522,-26.37],[-48.523,-26.369],[-48.522,-26.368],[-48.522,-26.37]]],[[[-48.348,-27.441],[-48.347,-27.444],[-48.349,-27.443],[-48.348,-27.441]]],[[[-48.674,-26.695],[-48.677,-26.695],[-48.675,-26.694],[-48.674,-26.695]]],[[[-48.481,-26.166],[-48.482,-26.167],[-48.482,-26.165],[-48.481,-26.166]]],[[[-48.525,-26.387],[-48.525,-26.385],[-48.524,-26.386],[-48.525,-26.387]]],[[[-48.485,-26.164],[-48.483,-26.164],[-48.485,-26.166],[-48.485,-26.164]]],[[[-48.759,-28.54],[-48.76,-28.539],[-48.759,-28.539],[-48.759,-28.54]],[[-48.618,-27.988],[-48.618,-27.988],[-48.617,-27.986],[-48.618,-27.988]]],[[[-48.431,-27.842],[-48.428,-27.842],[-48.43,-27.843],[-48.431,-27.842]]],[[[-48.59,-25.976],[-48.59,-25.977],[-48.592,-25.977],[-48.59,-25.976]]],[[[-48.624,-26.986],[-48.623,-26.986],[-48.625,-26.987],[-48.624,-26.986]]],[[[-48.583,-26.497],[-48.583,-26.498],[-48.585,-26.498],[-48.583,-26.497]]],[[[-48.525,-27.328],[-48.525,-27.329],[-48.526,-27.328],[-48.525,-27.328]]],[[[-48.526,-27.33],[-48.527,-27.33],[-48.525,-27.329],[-48.526,-27.33]],[[-48.562,-26.515],[-48.562,-26.515],[-48.562,-26.513],[-48.562,-26.515]],[[-48.431,-27.841],[-48.431,-27.84],[-48.431,-27.84],[-48.431,-27.841]],[[-48.622,-26.832],[-48.621,-26.832],[-48.623,-26.831],[-48.622,-26.832]]],[[[-48.618,-26.71],[-48.619,-26.71],[-48.619,-26.709],[-48.618,-26.71]],[[-48.821,-28.611],[-48.822,-28.61],[-48.822,-28.61],[-48.821,-28.611]],[[-48.601,-28.352],[-48.601,-28.352],[-48.601,-28.351],[-48.601,-28.352]],[[-48.355,-27.419],[-48.355,-27.419],[-48.355,-27.418],[-48.355,-27.419]],[[-48.63,-28.089],[-48.63,-28.089],[-48.63,-28.088],[-48.63,-28.089]]],[[[-48.627,-28.102],[-48.627,-28.101],[-48.626,-28.102],[-48.627,-28.102]]],[[[-48.392,-27.611],[-48.392,-27.61],[-48.391,-27.61],[-48.392,-27.611]]],[[[-48.444,-27.854],[-48.445,-27.853],[-48.444,-27.853],[-48.444,-27.854]]],[[[-48.39,-27.611],[-48.39,-27.61],[-48.389,-27.611],[-48.39,-27.611]]],[[[-48.656,-28.19],[-48.657,-28.189],[-48.656,-28.189],[-48.656,-28.19]],[[-48.356,-27.419],[-48.356,-27.419],[-48.356,-27.419],[-48.356,-27.419]],[[-48.518,-27.835],[-48.518,-27.835],[-48.517,-27.835],[-48.518,-27.835]],[[-48.757,-28.541],[-48.756,-28.541],[-48.757,-28.541],[-48.757,-28.541]]],[[[-48.628,-28.103],[-48.629,-28.103],[-48.628,-28.102],[-48.628,-28.103]],[[-48.487,-26.185],[-48.487,-26.185],[-48.487,-26.185],[-48.487,-26.185]],[[-48.349,-27.44],[-48.349,-27.44],[-48.349,-27.44],[-48.349,-27.44]]],[[[-48.58,-26.993],[-48.58,-26.992],[-48.579,-26.992],[-48.58,-26.993]],[[-48.476,-26.167],[-48.476,-26.167],[-48.476,-26.167],[-48.476,-26.167]],[[-48.6,-28.036],[-48.6,-28.035],[-48.6,-28.035],[-48.6,-28.036]],[[-48.63,-28.089],[-48.63,-28.09],[-48.63,-28.09],[-48.63,-28.089]],[[-48.478,-26.164],[-48.478,-26.164],[-48.478,-26.163],[-48.478,-26.164]],[[-48.579,-26.993],[-48.579,-26.993],[-48.579,-26.992],[-48.579,-26.993]],[[-48.487,-26.179],[-48.487,-26.179],[-48.487,-26.179],[-48.487,-26.179]],[[-48.35,-27.439],[-48.35,-27.439],[-48.349,-27.439],[-48.35,-27.439]],[[-48.602,-28.352],[-48.602,-28.352],[-48.602,-28.352],[-48.602,-28.352]],[[-48.602,-28.353],[-48.602,-28.352],[-48.602,-28.352],[-48.602,-28.353]],[[-48.626,-28.102],[-48.626,-28.102],[-48.626,-28.102],[-48.626,-28.102]],[[-48.431,-27.839],[-48.431,-27.839],[-48.431,-27.839],[-48.431,-27.839]],[[-52.467,-26.892],[-52.467,-26.892],[-52.467,-26.892],[-52.467,-26.892]]]]}},{"type":"Feature","properties":{"codigo_area_atuacao":"C.050.GO.2000","sigla":"ENEL GO","num_municipios":243,"populacao_estimada_2018":6842127,"area_km2":336911.57123274,"tipo_outorga":"CONCESSIONÁRIA","uf":"GO","regiao":"CENTRO-OESTE","num_unidades_consumidoras":3130138,"cnpj":"01.543.032/0001-04","razao_social":"CELG DISTRIBUIÇÃO S.A.","ato_legal":"ECT 063/2000 de 25/08/2000","inicio_vigencia_epoch_ms":946695600000,"cnpj_digits":"01543032000104","subsystem_id":"SE/CO","subsystem_mapping_method":"GEOGRAPHIC_REGION_PROXY_MVP"},"geometry":{"type":"Polygon","coordinates":[[[-50.16,-12.42],[-50.205,-12.466],[-50.23,-12.532],[-50.212,-12.561],[-50.193,-12.564],[-50.227,-12.587],[-50.238,-12.58],[-50.237,-12.624],[-50.262,-12.638],[-50.267,-12.682],[-50.3,-12.681],[-50.284,-12.718],[-50.311,-12.799],[-50.293,-12.84],[-50.232,-12.854],[-50.225,-12.874],[-50.183,-12.897],[-50.079,-12.906],[-50.044,-12.933],[-50.009,-12.931],[-49.914,-12.966],[-49.37,-13.275],[-49.339,-13.251],[-49.355,-13.154],[-49.338,-13.067],[-49.279,-12.989],[-49.237,-12.884],[-49.197,-12.867],[-49.121,-12.79],[-49.106,-12.836],[-49.068,-12.847],[-49.088,-12.888],[-49.079,-12.904],[-49.023,-12.907],[-48.976,-12.957],[-48.871,-12.804],[-48.847,-12.81],[-48.842,-12.844],[-48.821,-12.844],[-48.815,-12.864],[-48.737,-12.921],[-48.731,-12.99],[-48.708,-13.005],[-48.672,-12.996],[-48.638,-13.016],[-48.628,-13.052],[-48.601,-13.061],[-48.597,-13.107],[-48.577,-13.126],[-48.597,-13.153],[-48.578,-13.174],[-48.583,-13.222],[-48.601,-13.239],[-48.586,-13.318],[-48.554,-13.302],[-48.555,-13.205],[-48.53,-13.193],[-48.508,-13.128],[-48.474,-13.137],[-48.475,-13.236],[-48.457,-13.249],[-48.46,-13.281],[-48.442,-13.292],[-48.43,-13.272],[-48.386,-13.266],[-48.361,-13.243],[-48.337,-13.247],[-48.342,-13.228],[-48.307,-13.235],[-48.288,-13.204],[-48.251,-13.197],[-48.232,-13.168],[-48.196,-13.173],[-48.189,-13.154],[-48.147,-13.152],[-48.166,-13.19],[-48.153,-13.22],[-48.169,-13.238],[-48.154,-13.279],[-48.165,-13.306],[-48.083,-13.289],[-48.079,-13.243],[-48.062,-13.235],[-48.024,-13.279],[-47.987,-13.277],[-47.966,-13.315],[-47.936,-13.291],[-47.884,-13.321],[-47.821,-13.313],[-47.679,-13.468],[-47.623,-13.368],[-47.65,-13.351],[-47.662,-13.304],[-47.64,-13.263],[-47.669,-13.209],[-47.655,-13.178],[-47.67,-13.168],[-47.645,-13.15],[-47.634,-13.103],[-47.563,-13.123],[-47.563,-13.184],[-47.479,-13.185],[-47.487,-13.22],[-47.436,-13.227],[-47.431,-13.238],[-47.455,-13.249],[-47.427,-13.291],[-47.377,-13.229],[-47.323,-13.258],[-47.295,-13.249],[-47.282,-13.265],[-47.228,-13.194],[-47.183,-13.188],[-47.183,-13.206],[-47.153,-13.21],[-47.135,-13.203],[-47.133,-13.179],[-47.087,-13.182],[-47.081,-13.162],[-47.019,-13.146],[-47.001,-13.121],[-46.979,-13.132],[-46.893,-13.053],[-46.855,-13.067],[-46.82,-13.002],[-46.751,-12.969],[-46.455,-12.971],[-46.433,-12.931],[-46.418,-12.823],[-46.408,-12.846],[-46.366,-12.865],[-46.361,-12.909],[-46.377,-12.963],[-46.364,-12.991],[-46.195,-12.957],[-46.114,-12.918],[-46.126,-12.961],[-46.273,-13.015],[-46.323,-13.098],[-46.292,-13.144],[-46.31,-13.158],[-46.301,-13.194],[-46.331,-13.252],[-46.299,-13.254],[-46.316,-13.303],[-46.289,-13.315],[-46.279,-13.348],[-46.064,-13.261],[-46.041,-13.277],[-46.052,-13.312],[-46.095,-13.332],[-46.134,-13.375],[-46.214,-13.401],[-46.244,-13.434],[-46.226,-13.434],[-46.206,-13.466],[-46.23,-13.481],[-46.219,-13.501],[-46.241,-13.526],[-46.236,-13.563],[-46.184,-13.568],[-46.162,-13.591],[-46.261,-13.688],[-46.236,-13.711],[-46.267,-13.74],[-46.237,-13.745],[-46.224,-13.769],[-46.282,-13.795],[-46.263,-13.809],[-46.27,-13.829],[-46.234,-13.846],[-46.268,-13.944],[-46.219,-13.974],[-46.21,-14.013],[-46.248,-14.057],[-46.227,-14.073],[-46.266,-14.097],[-46.202,-14.12],[-46.186,-14.152],[-46.118,-14.16],[-46.116,-14.188],[-46.096,-14.205],[-46.059,-14.196],[-46.061,-14.233],[-46.022,-14.26],[-45.996,-14.257],[-45.995,-14.279],[-45.961,-14.288],[-45.943,-14.344],[-45.907,-14.358],[-45.935,-14.415],[-45.981,-14.433],[-46.009,-14.406],[-46.018,-14.419],[-46.001,-14.435],[-46.016,-14.469],[-45.994,-14.495],[-46.004,-14.516],[-45.977,-14.539],[-45.997,-14.543],[-45.99,-14.659],[-46.025,-14.665],[-46.029,-14.681],[-46.002,-14.711],[-46.007,-14.792],[-46.053,-14.831],[-46.037,-14.874],[-46.062,-14.908],[-46.079,-14.905],[-46.088,-14.936],[-46.109,-14.938],[-46.12,-14.92],[-46.146,-14.927],[-46.163,-14.906],[-46.176,-14.949],[-46.224,-14.942],[-46.234,-14.922],[-46.287,-14.928],[-46.319,-14.9],[-46.3,-14.858],[-46.325,-14.848],[-46.322,-14.815],[-46.463,-14.731],[-46.469,-14.708],[-46.501,-14.703],[-46.51,-14.738],[-46.544,-14.753],[-46.566,-14.788],[-46.56,-14.821],[-46.534,-14.828],[-46.522,-14.851],[-46.547,-14.925],[-46.517,-14.973],[-46.531,-15.005],[-46.504,-15.053],[-46.628,-15.089],[-46.726,-15.038],[-46.844,-15.009],[-46.925,-15.058],[-46.888,-15.116],[-46.941,-15.231],[-46.928,-15.255],[-46.891,-15.235],[-46.889,-15.282],[-46.836,-15.325],[-46.869,-15.361],[-46.849,-15.373],[-46.912,-15.412],[-46.929,-15.44],[-46.949,-15.558],[-46.918,-15.59],[-46.855,-15.618],[-46.856,-15.683],[-46.813,-15.787],[-46.825,-15.812],[-46.806,-15.859],[-46.812,-15.886],[-47.02,-15.929],[-47.085,-15.961],[-47.135,-15.95],[-47.142,-15.927],[-47.22,-16.014],[-47.277,-16.006],[-47.317,-16.036],[-47.377,-15.987],[-47.361,-15.926],[-47.381,-15.881],[-47.367,-15.828],[-47.313,-15.742],[-47.334,-15.63],[-47.316,-15.595],[-47.418,-15.546],[-47.418,-15.502],[-48.2,-15.502],[-48.2,-15.623],[-48.234,-15.642],[-48.241,-15.687],[-48.241,-15.706],[-48.209,-15.715],[-48.21,-15.754],[-48.285,-15.837],[-48.276,-15.931],[-48.261,-15.928],[-48.25,-15.948],[-48.278,-16.05],[-47.304,-16.059],[-47.311,-16.088],[-47.337,-16.094],[-47.338,-16.128],[-47.353,-16.133],[-47.332,-16.172],[-47.336,-16.202],[-47.322,-16.209],[-47.328,-16.249],[-47.366,-16.331],[-47.427,-16.394],[-47.43,-16.443],[-47.454,-16.466],[-47.46,-16.505],[-47.444,-16.542],[-47.405,-16.556],[-47.413,-16.576],[-47.387,-16.589],[-47.377,-16.58],[-47.377,-16.601],[-47.343,-16.592],[-47.335,-16.617],[-47.319,-16.604],[-47.321,-16.619],[-47.287,-16.634],[-47.277,-16.66],[-47.25,-16.667],[-47.251,-16.705],[-47.222,-16.726],[-47.236,-16.755],[-47.217,-16.78],[-47.22,-16.808],[-47.212,-16.829],[-47.194,-16.825],[-47.209,-16.865],[-47.193,-16.883],[-47.198,-16.91],[-47.181,-16.902],[-47.16,-16.921],[-47.174,-16.932],[-47.157,-16.941],[-47.167,-16.953],[-47.126,-16.982],[-47.151,-16.997],[-47.131,-17.008],[-47.147,-17.031],[-47.162,-17.029],[-47.167,-17.047],[-47.184,-17.036],[-47.18,-17.063],[-47.23,-17.09],[-47.248,-17.082],[-47.248,-17.099],[-47.282,-17.115],[-47.283,-17.144],[-47.352,-17.166],[-47.34,-17.187],[-47.363,-17.186],[-47.35,-17.202],[-47.363,-17.223],[-47.376,-17.217],[-47.384,-17.248],[-47.408,-17.246],[-47.434,-17.276],[-47.419,-17.295],[-47.423,-17.323],[-47.455,-17.33],[-47.441,-17.348],[-47.465,-17.356],[-47.513,-17.327],[-47.514,-17.375],[-47.539,-17.389],[-47.521,-17.424],[-47.541,-17.454],[-47.514,-17.461],[-47.494,-17.527],[-47.478,-17.511],[-47.457,-17.538],[-47.399,-17.512],[-47.33,-17.525],[-47.266,-17.61],[-47.281,-17.653],[-47.27,-17.675],[-47.314,-17.699],[-47.318,-17.727],[-47.343,-17.744],[-47.333,-17.767],[-47.354,-17.788],[-47.352,-17.815],[-47.373,-17.83],[-47.341,-17.937],[-47.314,-17.963],[-47.319,-17.996],[-47.297,-18.009],[-47.283,-18.058],[-47.358,-18.085],[-47.356,-18.105],[-47.407,-18.132],[-47.397,-18.142],[-47.429,-18.139],[-47.43,-18.166],[-47.451,-18.159],[-47.485,-18.194],[-47.516,-18.196],[-47.534,-18.231],[-47.536,-18.195],[-47.568,-18.204],[-47.639,-18.288],[-47.611,-18.313],[-47.626,-18.334],[-47.648,-18.341],[-47.658,-18.328],[-47.704,-18.38],[-47.717,-18.362],[-47.741,-18.364],[-47.733,-18.376],[-47.757,-18.397],[-47.748,-18.412],[-47.779,-18.424],[-47.811,-18.4],[-47.831,-18.414],[-47.832,-18.45],[-47.858,-18.439],[-47.868,-18.474],[-47.914,-18.467],[-47.955,-18.5],[-47.979,-18.476],[-47.981,-18.443],[-48.009,-18.454],[-48.056,-18.413],[-48.078,-18.431],[-48.109,-18.429],[-48.148,-18.408],[-48.161,-18.372],[-48.221,-18.362],[-48.262,-18.332],[-48.315,-18.364],[-48.308,-18.385],[-48.35,-18.366],[-48.404,-18.371],[-48.41,-18.355],[-48.446,-18.355],[-48.481,-18.38],[-48.485,-18.354],[-48.516,-18.366],[-48.555,-18.347],[-48.561,-18.324],[-48.634,-18.328],[-48.647,-18.344],[-48.698,-18.35],[-48.758,-18.345],[-48.816,-18.38],[-48.837,-18.341],[-48.933,-18.305],[-48.984,-18.341],[-48.996,-18.371],[-49.036,-18.372],[-49.077,-18.417],[-49.126,-18.383],[-49.161,-18.417],[-49.21,-18.415],[-49.194,-18.452],[-49.228,-18.48],[-49.249,-18.524],[-49.287,-18.539],[-49.294,-18.565],[-49.329,-18.564],[-49.384,-18.645],[-49.413,-18.642],[-49.482,-18.561],[-49.492,-18.496],[-49.534,-18.493],[-49.552,-18.544],[-49.652,-18.561],[-49.64,-18.6],[-49.682,-18.589],[-49.733,-18.616],[-49.769,-18.611],[-49.785,-18.642],[-49.836,-18.637],[-49.88,-18.61],[-49.932,-18.624],[-50.02,-18.599],[-50.08,-18.672],[-50.164,-18.664],[-50.296,-18.691],[-50.324,-18.712],[-50.376,-18.811],[-50.423,-18.833],[-50.45,-18.902],[-50.509,-18.936],[-50.499,-19.034],[-50.539,-19.102],[-50.585,-19.137],[-50.678,-19.138],[-50.678,-19.173],[-50.738,-19.189],[-50.748,-19.239],[-50.823,-19.295],[-50.876,-19.415],[-50.826,-19.471],[-50.842,-19.499],[-50.934,-19.468],[-50.951,-19.443],[-50.985,-19.431],[-50.985,-19.41],[-51.031,-19.401],[-51.018,-19.384],[-51.088,-19.308],[-51.18,-19.284],[-51.203,-19.261],[-51.252,-19.274],[-51.308,-19.238],[-51.308,-19.219],[-51.369,-19.222],[-51.375,-19.195],[-51.398,-19.195],[-51.42,-19.167],[-51.494,-19.163],[-51.501,-19.148],[-51.577,-19.127],[-51.658,-19.138],[-51.741,-19.101],[-51.744,-19.086],[-51.841,-19.057],[-51.843,-19.042],[-51.854,-19.052],[-51.899,-18.994],[-51.94,-18.968],[-51.952,-18.981],[-51.968,-18.967],[-51.978,-18.981],[-51.999,-18.968],[-52.016,-18.983],[-52.019,-18.963],[-52.045,-18.951],[-52.081,-18.951],[-52.112,-18.899],[-52.157,-18.888],[-52.181,-18.848],[-52.334,-18.828],[-52.455,-18.688],[-52.547,-18.657],[-52.593,-18.69],[-52.634,-18.696],[-52.681,-18.679],[-52.747,-18.692],[-52.917,-18.64],[-52.914,-18.62],[-52.94,-18.613],[-52.962,-18.541],[-52.881,-18.465],[-52.873,-18.427],[-52.799,-18.415],[-52.759,-18.348],[-52.805,-18.313],[-52.873,-18.315],[-52.935,-18.297],[-52.984,-18.307],[-53.028,-18.352],[-53.07,-18.343],[-53.1,-18.314],[-53.143,-18.082],[-53.124,-18.059],[-53.076,-18.051],[-53.065,-17.985],[-53.088,-17.944],[-53.127,-17.915],[-53.132,-17.836],[-53.164,-17.766],[-53.235,-17.714],[-53.245,-17.526],[-53.224,-17.461],[-53.229,-17.427],[-53.197,-17.38],[-53.219,-17.298],[-53.165,-17.221],[-53.157,-17.171],[-53.128,-17.155],[-53.118,-17.113],[-53.055,-17.071],[-53.06,-17.047],[-53.071,-17.05],[-53.054,-17.019],[-53.056,-16.964],[-53.035,-16.942],[-53.039,-16.913],[-53.019,-16.9],[-53.014,-16.862],[-52.963,-16.867],[-52.957,-16.85],[-52.945,-16.855],[-52.953,-16.841],[-52.927,-16.841],[-52.945,-16.813],[-52.933,-16.803],[-52.923,-16.818],[-52.884,-16.776],[-52.832,-16.772],[-52.808,-16.742],[-52.787,-16.743],[-52.786,-16.714],[-52.76,-16.704],[-52.755,-16.672],[-52.771,-16.669],[-52.74,-16.657],[-52.746,-16.631],[-52.724,-16.647],[-52.715,-16.639],[-52.741,-16.611],[-52.74,-16.59],[-52.705,-16.599],[-52.704,-16.571],[-52.673,-16.585],[-52.673,-16.57],[-52.66,-16.571],[-52.668,-16.551],[-52.651,-16.562],[-52.627,-16.535],[-52.637,-16.503],[-52.613,-16.502],[-52.605,-16.463],[-52.621,-16.465],[-52.644,-16.412],[-52.687,-16.399],[-52.683,-16.302],[-52.658,-16.28],[-52.625,-16.287],[-52.589,-16.269],[-52.578,-16.25],[-52.547,-16.261],[-52.57,-16.229],[-52.545,-16.223],[-52.549,-16.165],[-52.516,-16.134],[-52.499,-16.142],[-52.33,-16.072],[-52.29,-15.966],[-52.257,-15.931],[-52.253,-15.893],[-52.193,-15.881],[-52.131,-15.895],[-52.11,-15.883],[-52.015,-15.887],[-51.981,-15.843],[-51.955,-15.839],[-51.948,-15.81],[-51.883,-15.828],[-51.757,-15.633],[-51.777,-15.535],[-51.761,-15.53],[-51.756,-15.557],[-51.739,-15.559],[-51.726,-15.544],[-51.736,-15.51],[-51.699,-15.488],[-51.709,-15.459],[-51.691,-15.431],[-51.697,-15.409],[-51.67,-15.374],[-51.688,-15.312],[-51.646,-15.265],[-51.672,-15.248],[-51.651,-15.177],[-51.595,-15.155],[-51.531,-15.062],[-51.462,-15.048],[-51.427,-15.008],[-51.368,-15.01],[-51.329,-14.97],[-51.304,-14.984],[-51.295,-15.03],[-51.268,-15.044],[-51.157,-14.986],[-51.145,-14.943],[-51.087,-14.921],[-51.09,-14.84],[-51.045,-14.793],[-51.058,-14.752],[-51.029,-14.707],[-51.027,-14.659],[-50.993,-14.612],[-50.996,-14.575],[-50.963,-14.524],[-50.998,-14.416],[-50.966,-14.327],[-50.978,-14.297],[-50.914,-14.169],[-50.918,-14.116],[-50.904,-14.11],[-50.887,-14.132],[-50.852,-14.118],[-50.832,-14.086],[-50.856,-14.021],[-50.847,-14.0],[-50.866,-13.98],[-50.84,-13.924],[-50.841,-13.864],[-50.859,-13.829],[-50.854,-13.761],[-50.873,-13.732],[-50.806,-13.694],[-50.768,-13.596],[-50.759,-13.52],[-50.664,-13.435],[-50.665,-13.376],[-50.609,-13.318],[-50.584,-13.218],[-50.606,-13.188],[-50.592,-13.108],[-50.61,-13.06],[-50.569,-13.042],[-50.591,-13.0],[-50.524,-12.974],[-50.526,-12.934],[-50.499,-12.877],[-50.511,-12.861],[-50.485,-12.812],[-50.494,-12.786],[-50.469,-12.755],[-50.486,-12.749],[-50.466,-12.731],[-50.478,-12.71],[-50.435,-12.694],[-50.428,-12.653],[-50.441,-12.653],[-50.413,-12.65],[-50.419,-12.625],[-50.391,-12.612],[-50.399,-12.602],[-50.367,-12.571],[-50.366,-12.546],[-50.331,-12.535],[-50.33,-12.515],[-50.314,-12.522],[-50.324,-12.506],[-50.185,-12.433],[-50.197,-12.413],[-50.175,-12.424],[-50.171,-12.407],[-50.143,-12.396],[-50.16,-12.42]],[[-49.434,-14.985],[-49.457,-15.006],[-49.461,-14.993],[-49.522,-15.003],[-49.542,-14.986],[-49.591,-15.039],[-49.672,-15.062],[-49.774,-15.236],[-49.747,-15.24],[-49.749,-15.27],[-49.771,-15.288],[-49.79,-15.281],[-49.861,-15.332],[-49.897,-15.326],[-49.891,-15.366],[-49.916,-15.382],[-49.882,-15.402],[-49.86,-15.393],[-49.861,-15.45],[-49.887,-15.479],[-49.882,-15.52],[-49.773,-15.546],[-49.723,-15.523],[-49.729,-15.535],[-49.697,-15.545],[-49.702,-15.611],[-49.751,-15.67],[-49.72,-15.69],[-49.685,-15.755],[-49.697,-15.826],[-49.676,-15.8],[-49.678,-15.777],[-49.648,-15.758],[-49.639,-15.683],[-49.606,-15.698],[-49.601,-15.675],[-49.557,-15.638],[-49.552,-15.544],[-49.575,-15.517],[-49.569,-15.477],[-49.555,-15.466],[-49.531,-15.482],[-49.529,-15.471],[-49.508,-15.515],[-49.455,-15.533],[-49.429,-15.493],[-49.314,-15.492],[-49.284,-15.437],[-49.298,-15.411],[-49.263,-15.339],[-49.288,-15.326],[-49.343,-15.344],[-49.361,-15.324],[-49.309,-15.171],[-49.311,-15.078],[-49.29,-14.992],[-49.385,-15.011],[-49.425,-14.995],[-49.428,-14.97],[-49.434,-14.985]]]}},{"type":"Feature","properties":{"codigo_area_atuacao":"C.018.PA.1998","sigla":"EQUATORIAL PA","num_municipios":144,"populacao_estimada_2018":8513497,"area_km2":1245768.48038664,"tipo_outorga":"CONCESSIONÁRIA","uf":"PA","regiao":"NORTE","num_unidades_consumidoras":2364639,"cnpj":"04.895.728/0001-80","razao_social":"EQUATORIAL PARÁ DISTRIBUIDORA DE ENERGIA S.A.","ato_legal":"ECT 182/1998 de 28/071998","inicio_vigencia_epoch_ms":883623600000,"cnpj_digits":"04895728000180","subsystem_id":"N","subsystem_mapping_method":"GEOGRAPHIC_REGION_PROXY_MVP"},"geometry":{"type":"MultiPolygon","coordinates":[[[[-46.633,-0.922],[-46.637,-0.945],[-46.656,-0.948],[-46.652,-0.962],[-46.682,-0.95],[-46.691,-0.961],[-46.657,-0.977],[-46.602,-0.957],[-46.577,-0.982],[-46.556,-0.918],[-46.537,-0.906],[-46.532,-0.98],[-46.53,-0.946],[-46.51,-0.937],[-46.515,-0.885],[-46.496,-0.872],[-46.466,-0.894],[-46.469,-0.874],[-46.424,-0.866],[-46.41,-0.888],[-46.481,-0.921],[-46.463,-0.94],[-46.495,-0.975],[-46.474,-0.977],[-46.465,-0.997],[-46.47,-1.009],[-46.489,-1.001],[-46.47,-1.025],[-46.484,-1.045],[-46.469,-1.054],[-46.464,-1.034],[-46.448,-1.035],[-46.461,-1.028],[-46.425,-1.021],[-46.408,-1.056],[-46.429,-1.064],[-46.409,-1.061],[-46.408,-1.029],[-46.424,-1.013],[-46.399,-0.997],[-46.378,-1.056],[-46.38,-1.03],[-46.347,-1.007],[-46.333,-1.045],[-46.347,-1.08],[-46.315,-1.081],[-46.338,-1.07],[-46.316,-1.02],[-46.291,-1.054],[-46.308,-1.013],[-46.268,-0.965],[-46.265,-0.913],[-46.202,-0.886],[-46.176,-0.945],[-46.222,-0.984],[-46.227,-1.03],[-46.209,-1.035],[-46.206,-1.064],[-46.263,-1.132],[-46.272,-1.172],[-46.233,-1.108],[-46.19,-1.076],[-46.175,-1.001],[-46.151,-1.051],[-46.199,-1.135],[-46.188,-1.129],[-46.168,-1.155],[-46.181,-1.128],[-46.155,-1.09],[-46.143,-1.136],[-46.141,-1.058],[-46.091,-1.02],[-46.07,-1.037],[-46.098,-1.058],[-46.105,-1.084],[-46.093,-1.092],[-46.081,-1.059],[-46.062,-1.103],[-46.087,-1.134],[-46.098,-1.196],[-46.149,-1.226],[-46.14,-1.248],[-46.162,-1.282],[-46.147,-1.309],[-46.129,-1.312],[-46.129,-1.334],[-46.104,-1.337],[-46.154,-1.423],[-46.14,-1.444],[-46.176,-1.475],[-46.144,-1.518],[-46.134,-1.579],[-46.164,-1.627],[-46.157,-1.68],[-46.221,-1.731],[-46.248,-1.721],[-46.308,-1.731],[-46.324,-1.766],[-46.312,-1.806],[-46.254,-1.796],[-46.211,-1.831],[-46.245,-1.882],[-46.223,-1.91],[-46.26,-2.046],[-46.275,-2.058],[-46.272,-2.118],[-46.301,-2.142],[-46.283,-2.154],[-46.377,-2.246],[-46.391,-2.25],[-46.411,-2.229],[-46.431,-2.235],[-46.416,-2.269],[-46.432,-2.335],[-46.466,-2.368],[-46.456,-2.387],[-46.432,-2.364],[-46.409,-2.371],[-46.442,-2.419],[-46.437,-2.515],[-46.419,-2.532],[-46.474,-2.547],[-46.491,-2.538],[-46.501,-2.556],[-46.487,-2.575],[-46.509,-2.591],[-46.507,-2.617],[-46.579,-2.632],[-46.593,-2.665],[-46.606,-2.639],[-46.622,-2.645],[-46.634,-2.685],[-46.651,-2.68],[-46.671,-2.706],[-46.675,-2.732],[-46.654,-2.729],[-46.652,-2.757],[-46.636,-2.755],[-46.635,-2.796],[-46.625,-2.807],[-46.603,-2.789],[-46.596,-2.826],[-46.576,-2.842],[-46.615,-2.829],[-46.611,-2.855],[-46.64,-2.851],[-46.639,-2.884],[-46.681,-2.883],[-46.654,-2.931],[-46.673,-2.945],[-46.647,-2.97],[-46.663,-2.975],[-46.65,-2.996],[-46.674,-3.0],[-46.659,-3.011],[-46.677,-3.034],[-46.677,-3.094],[-46.707,-3.101],[-46.708,-3.127],[-46.719,-3.109],[-46.748,-3.122],[-46.72,-3.153],[-46.75,-3.166],[-46.752,-3.189],[-46.773,-3.179],[-46.755,-3.216],[-46.779,-3.217],[-46.786,-3.247],[-46.806,-3.244],[-46.802,-3.266],[-46.82,-3.274],[-46.811,-3.29],[-46.827,-3.298],[-46.815,-3.311],[-46.849,-3.318],[-46.859,-3.343],[-46.868,-3.327],[-46.874,-3.346],[-46.89,-3.335],[-46.906,-3.368],[-46.944,-3.377],[-46.94,-3.421],[-46.956,-3.426],[-46.942,-3.447],[-46.956,-3.461],[-46.948,-3.477],[-46.969,-3.474],[-46.96,-3.495],[-46.982,-3.495],[-46.976,-3.53],[-47.004,-3.534],[-47.018,-3.566],[-47.039,-3.562],[-47.027,-3.581],[-47.041,-3.591],[-47.027,-3.599],[-47.057,-3.655],[-47.037,-3.668],[-47.055,-3.685],[-47.056,-3.774],[-47.087,-3.825],[-47.085,-3.857],[-47.107,-3.881],[-47.133,-3.879],[-47.132,-3.9],[-47.149,-3.897],[-47.148,-3.914],[-47.173,-3.924],[-47.19,-3.984],[-47.202,-3.974],[-47.305,-4.059],[-47.319,-4.048],[-47.351,-4.115],[-47.34,-4.177],[-47.366,-4.181],[-47.379,-4.221],[-47.372,-4.246],[-47.475,-4.315],[-47.476,-4.356],[-47.592,-4.533],[-47.68,-4.609],[-47.793,-4.586],[-48.4,-5.074],[-48.419,-5.086],[-48.435,-5.077],[-48.433,-5.098],[-48.755,-5.349],[-48.737,-5.374],[-48.65,-5.385],[-48.597,-5.423],[-48.505,-5.429],[-48.385,-5.394],[-48.301,-5.523],[-48.262,-5.548],[-48.213,-5.554],[-48.138,-5.603],[-48.135,-5.635],[-48.171,-5.707],[-48.22,-5.728],[-48.276,-5.727],[-48.298,-5.765],[-48.292,-5.837],[-48.236,-5.911],[-48.232,-5.946],[-48.307,-5.975],[-48.335,-6.004],[-48.335,-6.036],[-48.287,-6.066],[-48.297,-6.11],[-48.334,-6.137],[-48.408,-6.153],[-48.435,-6.183],[-48.417,-6.299],[-48.378,-6.334],[-48.383,-6.38],[-48.448,-6.351],[-48.5,-6.351],[-48.613,-6.454],[-48.661,-6.547],[-48.652,-6.64],[-48.671,-6.669],[-48.737,-6.693],[-48.769,-6.731],[-48.814,-6.752],[-48.909,-6.756],[-49.019,-6.784],[-49.115,-6.87],[-49.21,-6.925],[-49.217,-6.961],[-49.192,-7.051],[-49.185,-7.235],[-49.231,-7.326],[-49.378,-7.496],[-49.384,-7.543],[-49.328,-7.678],[-49.148,-7.807],[-49.165,-7.833],[-49.163,-7.921],[-49.182,-7.977],[-49.177,-8.062],[-49.199,-8.088],[-49.216,-8.194],[-49.283,-8.38],[-49.349,-8.418],[-49.377,-8.455],[-49.406,-8.574],[-49.454,-8.615],[-49.592,-8.839],[-49.684,-8.856],[-49.745,-8.906],[-49.843,-9.027],[-49.867,-9.097],[-49.91,-9.154],[-49.908,-9.174],[-49.966,-9.231],[-49.994,-9.234],[-50.005,-9.269],[-50.041,-9.294],[-50.053,-9.373],[-50.105,-9.475],[-50.09,-9.546],[-50.139,-9.627],[-50.151,-9.696],[-50.198,-9.759],[-50.225,-9.841],[-53.0,-9.655],[-56.672,-9.367],[-56.711,-9.374],[-56.757,-9.406],[-56.772,-9.391],[-56.779,-9.317],[-56.82,-9.246],[-56.952,-9.223],[-56.996,-9.234],[-57.057,-9.186],[-57.06,-9.137],[-57.039,-9.098],[-57.095,-9.017],[-57.138,-8.995],[-57.195,-8.928],[-57.24,-8.906],[-57.3,-8.914],[-57.318,-8.886],[-57.384,-8.88],[-57.42,-8.853],[-57.414,-8.813],[-57.428,-8.783],[-57.464,-8.785],[-57.53,-8.748],[-57.593,-8.756],[-57.597,-8.692],[-57.625,-8.639],[-57.622,-8.591],[-57.649,-8.576],[-57.634,-8.519],[-57.659,-8.5],[-57.651,-8.471],[-57.687,-8.416],[-57.668,-8.364],[-57.68,-8.319],[-57.646,-8.206],[-57.667,-8.176],[-57.715,-8.158],[-57.728,-8.094],[-57.777,-8.052],[-57.829,-7.973],[-57.835,-7.881],[-57.874,-7.801],[-57.899,-7.672],[-57.94,-7.653],[-57.973,-7.535],[-58.061,-7.395],[-58.119,-7.353],[-58.137,-7.356],[-58.17,-7.313],[-58.17,-7.222],[-58.21,-7.134],[-58.288,-7.062],[-58.335,-6.986],[-58.38,-6.971],[-58.435,-6.909],[-58.482,-6.781],[-58.478,-6.7],[-58.427,-6.616],[-58.35,-6.562],[-58.327,-6.5],[-58.286,-6.49],[-58.255,-6.454],[-56.402,-2.457],[-56.466,-2.423],[-56.384,-2.27],[-56.204,-2.183],[-56.098,-2.027],[-56.228,-2.056],[-56.256,-2.088],[-56.297,-2.101],[-56.317,-2.14],[-56.375,-2.139],[-56.414,-2.176],[-56.444,-2.154],[-56.478,-2.17],[-56.527,-2.139],[-56.57,-2.175],[-56.598,-2.175],[-56.613,-2.21],[-56.69,-2.209],[-56.708,-2.184],[-56.769,-2.166],[-56.769,-2.141],[-56.721,-2.059],[-56.739,-2.017],[-56.85,-2.02],[-56.897,-1.976],[-56.953,-1.96],[-56.988,-1.907],[-57.028,-1.918],[-57.073,-1.839],[-57.061,-1.811],[-57.085,-1.78],[-57.114,-1.793],[-57.127,-1.766],[-57.164,-1.769],[-57.167,-1.719],[-57.201,-1.735],[-57.204,-1.711],[-57.231,-1.728],[-57.259,-1.697],[-57.264,-1.722],[-57.292,-1.708],[-57.305,-1.733],[-57.332,-1.716],[-57.351,-1.737],[-57.373,-1.714],[-57.392,-1.725],[-57.386,-1.698],[-57.402,-1.677],[-57.436,-1.691],[-57.44,-1.665],[-57.473,-1.679],[-57.506,-1.642],[-57.526,-1.655],[-57.522,-1.629],[-57.595,-1.6],[-57.588,-1.581],[-57.601,-1.572],[-57.622,-1.589],[-57.659,-1.581],[-57.678,-1.595],[-57.706,-1.572],[-57.712,-1.503],[-57.78,-1.51],[-57.772,-1.487],[-57.795,-1.487],[-57.823,-1.439],[-57.91,-1.429],[-57.911,-1.405],[-57.958,-1.403],[-57.954,-1.38],[-57.973,-1.375],[-57.969,-1.359],[-57.999,-1.331],[-57.972,-1.229],[-57.959,-1.223],[-57.976,-1.193],[-57.966,-1.169],[-58.012,-1.136],[-58.017,-1.104],[-58.059,-1.107],[-58.093,-1.162],[-58.124,-1.164],[-58.118,-1.188],[-58.156,-1.233],[-58.256,-1.131],[-58.321,-1.146],[-58.391,-1.041],[-58.422,-1.039],[-58.426,-0.998],[-58.41,-0.981],[-58.449,-0.935],[-58.455,-0.899],[-58.435,-0.894],[-58.44,-0.874],[-58.489,-0.86],[-58.49,-0.833],[-58.534,-0.83],[-58.534,-0.817],[-58.556,-0.814],[-58.573,-0.782],[-58.613,-0.758],[-58.634,-0.719],[-58.664,-0.718],[-58.708,-0.678],[-58.708,-0.652],[-58.738,-0.618],[-58.726,-0.608],[-58.73,-0.564],[-58.709,-0.546],[-58.737,-0.472],[-58.725,-0.438],[-58.874,-0.339],[-58.865,-0.266],[-58.881,-0.197],[-58.863,-0.161],[-58.864,-0.078],[-58.887,-0.059],[-58.898,-0.018],[-58.895,1.229],[-58.875,1.223],[-58.854,1.184],[-58.827,1.187],[-58.821,1.171],[-58.792,1.191],[-58.77,1.187],[-58.751,1.209],[-58.74,1.2],[-58.715,1.238],[-58.71,1.29],[-58.695,1.297],[-58.664,1.279],[-58.629,1.289],[-58.585,1.262],[-58.565,1.295],[-58.54,1.288],[-58.523,1.258],[-58.513,1.278],[-58.496,1.268],[-58.458,1.372],[-58.505,1.403],[-58.509,1.463],[-58.449,1.456],[-58.386,1.47],[-58.372,1.482],[-58.395,1.527],[-58.363,1.538],[-58.36,1.56],[-58.322,1.597],[-58.317,1.568],[-58.262,1.571],[-58.236,1.547],[-58.193,1.572],[-58.161,1.56],[-58.15,1.51],[-58.13,1.499],[-58.098,1.514],[-58.07,1.507],[-58.061,1.525],[-58.004,1.503],[-57.979,1.573],[-57.98,1.633],[-58.003,1.646],[-57.99,1.659],[-57.927,1.645],[-57.877,1.68],[-57.852,1.668],[-57.844,1.689],[-57.8,1.685],[-57.792,1.727],[-57.774,1.73],[-57.718,1.716],[-57.705,1.731],[-57.651,1.682],[-57.582,1.706],[-57.577,1.69],[-57.553,1.693],[-57.535,1.704],[-57.541,1.72],[-57.514,1.723],[-57.5,1.789],[-57.453,1.804],[-57.438,1.827],[-57.434,1.906],[-57.368,1.924],[-57.357,1.944],[-57.369,1.956],[-57.346,1.98],[-57.313,1.977],[-57.304,1.998],[-57.269,1.984],[-57.271,1.97],[-57.232,1.937],[-57.2,1.979],[-57.148,1.989],[-57.117,2.028],[-57.087,2.027],[-57.064,1.956],[-57.032,1.947],[-57.014,1.915],[-56.976,1.903],[-56.959,1.924],[-56.92,1.93],[-56.894,1.899],[-56.799,1.873],[-56.791,1.853],[-56.721,1.926],[-56.67,1.913],[-56.622,1.946],[-56.58,1.906],[-56.451,1.956],[-56.397,1.923],[-56.335,1.937],[-56.244,1.878],[-56.235,1.899],[-56.171,1.901],[-56.118,1.851],[-55.983,1.836],[-55.904,1.888],[-55.936,1.987],[-55.914,1.991],[-55.903,2.041],[-55.933,2.058],[-55.929,2.079],[-55.967,2.089],[-55.996,2.161],[-56.055,2.185],[-56.036,2.214],[-56.043,2.228],[-56.139,2.266],[-56.094,2.321],[-56.09,2.372],[-56.074,2.371],[-56.051,2.335],[-56.022,2.343],[-56.04,2.366],[-55.987,2.42],[-56.012,2.453],[-55.978,2.49],[-55.993,2.505],[-55.978,2.527],[-55.924,2.531],[-55.839,2.462],[-55.777,2.46],[-55.747,2.411],[-55.718,2.402],[-55.698,2.422],[-55.632,2.417],[-55.575,2.438],[-55.571,2.424],[-55.5,2.443],[-55.429,2.439],[-55.385,2.418],[-55.346,2.448],[-55.356,2.476],[-55.32,2.515],[-55.235,2.503],[-55.173,2.559],[-55.123,2.568],[-55.103,2.526],[-55.004,2.591],[-54.954,2.584],[-54.935,2.519],[-54.872,2.434],[-54.875,2.415],[-54.808,2.342],[-54.794,2.313],[-54.811,2.266],[-54.763,2.202],[-54.806,2.139],[-54.813,2.063],[-54.804,2.026],[-54.754,1.971],[-54.772,1.94],[-54.753,1.851],[-54.734,1.832],[-54.754,1.798],[-54.745,1.776],[-54.671,1.766],[-54.571,1.784],[-54.509,1.748],[-54.425,1.76],[-54.387,1.745],[-54.378,1.764],[-54.345,1.741],[-54.309,1.741],[-54.31,1.729],[-54.282,1.724],[-54.292,1.709],[-54.267,1.708],[-54.264,1.68],[-54.23,1.676],[-54.191,1.625],[-54.182,1.658],[-54.144,1.641],[-54.128,1.591],[-54.102,1.591],[-54.118,1.558],[-54.085,1.526],[-54.086,1.488],[-54.025,1.5],[-54.028,1.517],[-54.009,1.52],[-53.997,1.476],[-53.967,1.484],[-53.954,1.468],[-53.929,1.469],[-53.938,1.435],[-53.918,1.457],[-53.896,1.455],[-53.877,1.435],[-53.886,1.402],[-53.844,1.406],[-53.85,1.392],[-53.807,1.392],[-53.823,1.414],[-53.804,1.424],[-53.775,1.397],[-53.762,1.408],[-53.732,1.386],[-53.715,1.405],[-53.717,1.432],[-53.696,1.418],[-53.711,1.384],[-53.671,1.372],[-53.647,1.408],[-53.644,1.364],[-53.663,1.349],[-53.651,1.336],[-53.595,1.358],[-53.571,1.337],[-53.559,1.35],[-53.539,1.341],[-53.533,1.322],[-53.563,1.307],[-53.523,1.261],[-53.546,1.229],[-53.539,1.212],[-53.427,1.243],[-53.4,1.158],[-53.444,1.151],[-53.46,1.128],[-53.456,1.077],[-53.422,1.034],[-53.411,0.929],[-53.19,0.768],[-53.144,0.696],[-53.106,0.684],[-53.15,0.591],[-53.148,0.542],[-53.17,0.494],[-53.155,0.48],[-53.168,0.446],[-53.16,0.403],[-53.175,0.377],[-53.139,0.33],[-53.134,0.3],[-53.095,0.262],[-53.106,0.232],[-53.094,0.195],[-53.052,0.157],[-53.011,0.095],[-53.015,0.06],[-52.977,0.024],[-52.971,-0.043],[-52.933,-0.142],[-52.852,-0.15],[-52.836,-0.186],[-52.76,-0.238],[-52.74,-0.277],[-52.689,-0.304],[-52.682,-0.34],[-52.699,-0.387],[-52.679,-0.424],[-52.703,-0.459],[-52.695,-0.496],[-52.64,-0.585],[-52.613,-0.595],[-52.54,-0.573],[-52.525,-0.585],[-52.497,-0.723],[-52.517,-0.809],[-52.544,-0.852],[-52.517,-0.859],[-52.456,-0.83],[-52.403,-0.877],[-52.405,-0.913],[-52.44,-0.935],[-52.414,-1.009],[-52.427,-1.051],[-52.4,-1.044],[-52.358,-1.063],[-52.333,-1.116],[-52.12,-1.146],[-52.099,-1.228],[-52.055,-1.234],[-52.048,-1.214],[-52.064,-1.186],[-52.041,-1.17],[-51.991,-1.172],[-51.985,-1.121],[-51.966,-1.126],[-51.956,-1.17],[-51.926,-1.132],[-51.887,-1.166],[-51.809,-1.157],[-51.704,-1.068],[-51.686,-1.029],[-51.696,-0.921],[-51.679,-0.785],[-51.596,-0.65],[-51.458,-0.513],[-51.421,-0.429],[-51.363,-0.368],[-51.339,-0.285],[-51.302,-0.253],[-51.216,-0.119],[-51.076,-0.084],[-50.946,0.063],[-50.762,0.121],[-50.668,0.185],[-50.556,0.307],[-50.437,0.6],[-50.347,0.667],[-50.226,0.696],[-50.204,0.648],[-50.133,0.62],[-50.084,0.64],[-50.046,0.614],[-50.029,0.578],[-50.036,0.534],[-50.077,0.463],[-50.173,0.398],[-50.168,0.34],[-49.993,0.338],[-49.981,0.361],[-49.946,0.366],[-49.91,0.345],[-49.914,0.32],[-49.822,0.356],[-49.808,0.332],[-49.731,0.375],[-49.618,0.392],[-49.582,0.419],[-49.503,0.372],[-49.495,0.319],[-49.633,0.241],[-49.693,0.178],[-49.7,0.151],[-49.666,0.097],[-49.632,0.075],[-49.577,0.091],[-49.479,0.081],[-49.375,0.044],[-49.357,-0.024],[-49.417,-0.067],[-49.439,-0.126],[-49.422,-0.168],[-49.394,-0.191],[-49.329,-0.158],[-49.248,-0.166],[-49.196,-0.131],[-49.167,-0.129],[-49.156,-0.158],[-49.13,-0.171],[-49.013,-0.16],[-48.997,-0.186],[-48.918,-0.23],[-48.81,-0.215],[-48.712,-0.252],[-48.634,-0.232],[-48.505,-0.243],[-48.44,-0.225],[-48.397,-0.252],[-48.377,-0.288],[-48.378,-0.326],[-48.451,-0.434],[-48.474,-0.527],[-48.487,-0.727],[-48.512,-0.76],[-48.492,-0.848],[-48.424,-0.901],[-48.294,-0.92],[-48.258,-0.889],[-48.229,-0.828],[-48.17,-0.815],[-48.158,-0.774],[-48.055,-0.662],[-48.026,-0.668],[-48.02,-0.687],[-47.979,-0.689],[-47.959,-0.634],[-47.917,-0.622],[-47.914,-0.564],[-47.87,-0.561],[-47.847,-0.588],[-47.866,-0.667],[-47.841,-0.683],[-47.821,-0.636],[-47.831,-0.611],[-47.819,-0.562],[-47.796,-0.562],[-47.808,-0.588],[-47.775,-0.585],[-47.761,-0.636],[-47.771,-0.563],[-47.745,-0.567],[-47.754,-0.543],[-47.704,-0.535],[-47.704,-0.553],[-47.69,-0.556],[-47.701,-0.596],[-47.67,-0.575],[-47.633,-0.602],[-47.645,-0.689],[-47.629,-0.707],[-47.607,-0.697],[-47.587,-0.639],[-47.589,-0.576],[-47.538,-0.604],[-47.541,-0.639],[-47.521,-0.648],[-47.482,-0.739],[-47.47,-0.709],[-47.477,-0.594],[-47.421,-0.585],[-47.411,-0.602],[-47.43,-0.651],[-47.419,-0.64],[-47.396,-0.668],[-47.389,-0.628],[-47.354,-0.638],[-47.384,-0.602],[-47.331,-0.617],[-47.358,-0.605],[-47.296,-0.596],[-47.285,-0.61],[-47.294,-0.645],[-47.265,-0.644],[-47.258,-0.66],[-47.249,-0.627],[-47.205,-0.651],[-47.208,-0.678],[-47.241,-0.683],[-47.245,-0.706],[-47.212,-0.689],[-47.201,-0.706],[-47.172,-0.675],[-47.166,-0.729],[-47.176,-0.756],[-47.197,-0.764],[-47.172,-0.763],[-47.16,-0.78],[-47.149,-0.775],[-47.158,-0.747],[-47.127,-0.715],[-47.14,-0.698],[-47.124,-0.694],[-47.125,-0.677],[-47.092,-0.674],[-47.074,-0.705],[-47.099,-0.753],[-47.082,-0.754],[-47.076,-0.786],[-47.066,-0.776],[-47.067,-0.813],[-47.048,-0.802],[-47.013,-0.816],[-47.033,-0.796],[-47.031,-0.768],[-47.016,-0.758],[-47.022,-0.778],[-46.998,-0.764],[-46.993,-0.713],[-46.958,-0.711],[-46.947,-0.734],[-46.972,-0.753],[-46.983,-0.788],[-46.962,-0.78],[-46.948,-0.795],[-46.957,-0.811],[-46.942,-0.807],[-46.95,-0.836],[-46.937,-0.854],[-46.959,-0.86],[-46.95,-0.869],[-46.912,-0.858],[-46.913,-0.821],[-46.884,-0.808],[-46.884,-0.767],[-46.85,-0.739],[-46.824,-0.789],[-46.84,-0.793],[-46.824,-0.804],[-46.844,-0.818],[-46.835,-0.841],[-46.804,-0.827],[-46.821,-0.899],[-46.794,-0.87],[-46.779,-0.881],[-46.789,-0.895],[-46.775,-0.887],[-46.789,-0.858],[-46.769,-0.84],[-46.759,-0.851],[-46.758,-0.799],[-46.734,-0.837],[-46.735,-0.929],[-46.712,-0.898],[-46.714,-0.847],[-46.691,-0.836],[-46.666,-0.863],[-46.677,-0.824],[-46.658,-0.816],[-46.681,-0.796],[-46.642,-0.794],[-46.596,-0.844],[-46.599,-0.859],[-46.63,-0.852],[-46.615,-0.869],[-46.633,-0.876],[-46.633,-0.922]]],[[[-48.88,-0.18],[-48.864,-0.187],[-48.873,-0.2],[-48.948,-0.207],[-48.916,-0.151],[-48.88,-0.157],[-48.88,-0.18]]],[[[-49.639,0.193],[-49.603,0.176],[-49.615,0.153],[-49.677,0.156],[-49.661,0.187],[-49.639,0.193]]],[[[-49.618,0.199],[-49.632,0.21],[-49.602,0.243],[-49.558,0.244],[-49.618,0.199]]],[[[-46.311,-1.006],[-46.34,-0.96],[-46.317,-0.935],[-46.311,-1.006]]],[[[-49.457,0.125],[-49.45,0.113],[-49.507,0.124],[-49.484,0.15],[-49.457,0.125]]],[[[-49.563,0.187],[-49.608,0.192],[-49.555,0.206],[-49.563,0.187]]],[[[-46.433,-0.989],[-46.405,-0.943],[-46.405,-0.965],[-46.433,-0.989]]],[[[-49.131,-0.161],[-49.154,-0.149],[-49.151,-0.136],[-49.123,-0.145],[-49.131,-0.161]]],[[[-46.15,-0.954],[-46.146,-0.924],[-46.137,-0.927],[-46.15,-0.954]]],[[[-48.755,-0.18],[-48.771,-0.179],[-48.757,-0.164],[-48.755,-0.18]]],[[[-46.614,-0.957],[-46.627,-0.959],[-46.604,-0.94],[-46.614,-0.957]]],[[[-47.972,-0.653],[-47.982,-0.673],[-47.985,-0.656],[-47.972,-0.653]]],[[[-48.013,-0.662],[-48.006,-0.667],[-48.011,-0.685],[-48.013,-0.662]]],[[[-48.968,-0.189],[-48.986,-0.181],[-48.986,-0.171],[-48.968,-0.189]]],[[[-46.379,-1.022],[-46.386,-1.007],[-46.378,-1.002],[-46.379,-1.022]]],[[[-46.444,-1.017],[-46.433,-1.006],[-46.434,-1.015],[-46.444,-1.017]]],[[[-48.945,-0.182],[-48.945,-0.172],[-48.938,-0.171],[-48.945,-0.182]]],[[[-47.842,-0.672],[-47.847,-0.665],[-47.841,-0.656],[-47.842,-0.672]]],[[[-47.828,-0.632],[-47.823,-0.634],[-47.827,-0.649],[-47.828,-0.632]]],[[[-46.385,-1.036],[-46.388,-1.023],[-46.383,-1.026],[-46.385,-1.036]]],[[[-47.91,-0.601],[-47.921,-0.595],[-47.919,-0.59],[-47.91,-0.601]]],[[[-46.721,-0.784],[-46.721,-0.791],[-46.729,-0.783],[-46.721,-0.784]]],[[[-46.46,-0.914],[-46.463,-0.911],[-46.457,-0.907],[-46.46,-0.914]]],[[[-47.914,-0.584],[-47.922,-0.581],[-47.922,-0.577],[-47.914,-0.584]]],[[[-47.992,-0.693],[-47.996,-0.682],[-47.995,-0.678],[-47.992,-0.693]]],[[[-48.975,-0.172],[-48.982,-0.166],[-48.975,-0.167],[-48.975,-0.172]]],[[[-47.837,-0.665],[-47.838,-0.657],[-47.836,-0.655],[-47.837,-0.665]]],[[[-48.733,-0.174],[-48.737,-0.172],[-48.734,-0.168],[-48.733,-0.174]]],[[[-46.473,-0.97],[-46.476,-0.969],[-46.469,-0.964],[-46.473,-0.97]]],[[[-48.431,-0.809],[-48.433,-0.807],[-48.427,-0.805],[-48.431,-0.809]]],[[[-46.484,-0.972],[-46.479,-0.972],[-46.486,-0.973],[-46.484,-0.972]]],[[[-47.854,-0.64],[-47.854,-0.639],[-47.851,-0.635],[-47.854,-0.64]]],[[[-46.439,-1.006],[-46.441,-1.006],[-46.437,-1.004],[-46.439,-1.006]],[[-46.439,-1.018],[-46.441,-1.018],[-46.438,-1.018],[-46.439,-1.018]]],[[[-46.437,-1.019],[-46.438,-1.019],[-46.437,-1.018],[-46.437,-1.019]]]]}},{"type":"Feature","properties":{"codigo_area_atuacao":"C.048.PE.2000","sigla":"CELPE","num_municipios":186,"populacao_estimada_2018":9514822,"area_km2":98068.7114147,"tipo_outorga":"CONCESSIONÁRIA","uf":"PE","regiao":"NORDESTE","num_unidades_consumidoras":4037670,"cnpj":"10.835.932/0001-08","razao_social":"COMPANHIA ENERGÉTICA DE PERNAMBUCO","ato_legal":"ECT 026/2000 de 30/03/2000","inicio_vigencia_epoch_ms":946695600000,"cnpj_digits":"10835932000108","subsystem_id":"NE","subsystem_mapping_method":"GEOGRAPHIC_REGION_PROXY_MVP"},"geometry":{"type":"MultiPolygon","coordinates":[[[[-37.234,-7.274],[-37.177,-7.31],[-37.165,-7.337],[-37.086,-7.358],[-37.067,-7.383],[-37.026,-7.386],[-37.013,-7.404],[-37.021,-7.44],[-36.984,-7.482],[-37.087,-7.518],[-37.164,-7.575],[-37.198,-7.635],[-37.14,-7.742],[-37.152,-7.78],[-37.171,-7.8],[-37.192,-7.791],[-37.244,-7.819],[-37.222,-7.842],[-37.247,-7.847],[-37.245,-7.875],[-37.322,-7.911],[-37.308,-7.915],[-37.309,-7.934],[-37.35,-7.947],[-37.357,-7.975],[-37.22,-7.973],[-37.208,-7.952],[-37.193,-7.961],[-37.193,-7.983],[-37.15,-8.015],[-37.158,-8.051],[-37.143,-8.118],[-37.164,-8.166],[-37.118,-8.175],[-37.123,-8.209],[-37.1,-8.234],[-37.067,-8.23],[-37.081,-8.266],[-37.043,-8.265],[-36.991,-8.303],[-36.955,-8.299],[-36.945,-8.275],[-36.896,-8.241],[-36.797,-8.191],[-36.762,-8.196],[-36.75,-8.176],[-36.716,-8.167],[-36.723,-8.151],[-36.687,-8.156],[-36.694,-8.141],[-36.629,-8.111],[-36.659,-8.08],[-36.628,-8.056],[-36.628,-7.986],[-36.612,-7.948],[-36.573,-7.957],[-36.578,-7.915],[-36.564,-7.901],[-36.48,-7.925],[-36.444,-7.915],[-36.424,-7.816],[-36.309,-7.807],[-36.261,-7.832],[-36.24,-7.818],[-36.252,-7.792],[-36.217,-7.764],[-36.201,-7.79],[-36.081,-7.779],[-36.054,-7.801],[-36.042,-7.794],[-35.998,-7.814],[-35.97,-7.789],[-35.904,-7.792],[-35.872,-7.75],[-35.781,-7.738],[-35.7,-7.692],[-35.684,-7.708],[-35.652,-7.696],[-35.61,-7.654],[-35.533,-7.655],[-35.515,-7.643],[-35.532,-7.622],[-35.515,-7.585],[-35.537,-7.581],[-35.494,-7.482],[-35.45,-7.453],[-35.415,-7.472],[-35.351,-7.44],[-35.335,-7.407],[-35.307,-7.408],[-35.264,-7.38],[-35.217,-7.381],[-35.191,-7.398],[-35.071,-7.399],[-34.985,-7.462],[-34.984,-7.508],[-34.961,-7.539],[-34.933,-7.529],[-34.914,-7.544],[-34.836,-7.546],[-34.807,-7.62],[-34.848,-7.688],[-34.824,-7.736],[-34.845,-7.816],[-34.823,-7.946],[-34.945,-8.262],[-34.94,-8.352],[-34.981,-8.381],[-34.958,-8.396],[-35.0,-8.488],[-35.007,-8.562],[-35.036,-8.575],[-35.09,-8.695],[-35.079,-8.704],[-35.086,-8.747],[-35.131,-8.827],[-35.129,-8.867],[-35.153,-8.914],[-35.177,-8.889],[-35.253,-8.887],[-35.411,-8.836],[-35.456,-8.841],[-35.47,-8.813],[-35.496,-8.828],[-35.539,-8.82],[-35.632,-8.881],[-35.748,-8.917],[-35.783,-8.898],[-35.776,-8.858],[-35.795,-8.848],[-35.843,-8.873],[-35.896,-8.854],[-35.964,-8.902],[-36.057,-8.913],[-36.086,-8.944],[-36.124,-8.954],[-36.127,-8.981],[-36.104,-8.999],[-36.111,-9.018],[-36.143,-9.04],[-36.196,-9.045],[-36.236,-9.103],[-36.268,-9.104],[-36.262,-9.171],[-36.31,-9.172],[-36.329,-9.203],[-36.354,-9.201],[-36.354,-9.22],[-36.42,-9.23],[-36.437,-9.212],[-36.463,-9.239],[-36.487,-9.24],[-36.491,-9.262],[-36.572,-9.293],[-36.567,-9.332],[-36.605,-9.342],[-36.614,-9.324],[-36.628,-9.332],[-36.762,-9.271],[-36.836,-9.289],[-36.871,-9.268],[-36.916,-9.299],[-36.938,-9.353],[-36.93,-9.37],[-36.946,-9.383],[-37.003,-9.353],[-37.024,-9.316],[-37.054,-9.307],[-37.058,-9.318],[-37.057,-9.282],[-37.091,-9.246],[-37.116,-9.241],[-37.164,-9.276],[-37.159,-9.239],[-37.198,-9.215],[-37.234,-9.24],[-37.247,-9.179],[-37.411,-9.009],[-37.493,-8.993],[-37.5,-8.968],[-37.531,-8.96],[-37.597,-8.969],[-37.638,-9.004],[-37.658,-8.986],[-37.698,-8.991],[-37.672,-8.974],[-37.755,-8.846],[-37.825,-8.886],[-37.839,-8.978],[-37.88,-9.015],[-37.881,-9.04],[-37.906,-9.041],[-37.979,-9.148],[-38.092,-9.173],[-38.144,-9.218],[-38.174,-9.285],[-38.238,-9.33],[-38.288,-9.217],[-38.288,-9.174],[-38.321,-9.13],[-38.304,-9.098],[-38.326,-9.078],[-38.29,-9.047],[-38.296,-9.023],[-38.324,-8.99],[-38.408,-9.039],[-38.484,-9.001],[-38.52,-8.944],[-38.473,-8.89],[-38.481,-8.849],[-38.541,-8.823],[-38.57,-8.83],[-38.604,-8.881],[-38.61,-8.957],[-38.631,-8.985],[-38.654,-8.984],[-38.689,-8.947],[-38.707,-8.862],[-38.797,-8.793],[-38.868,-8.784],[-38.952,-8.805],[-39.038,-8.735],[-39.144,-8.713],[-39.169,-8.692],[-39.181,-8.706],[-39.229,-8.71],[-39.245,-8.684],[-39.242,-8.636],[-39.284,-8.566],[-39.342,-8.56],[-39.386,-8.533],[-39.595,-8.651],[-39.691,-8.662],[-39.672,-8.778],[-39.693,-8.799],[-39.748,-8.794],[-39.789,-8.819],[-39.893,-8.829],[-39.903,-8.859],[-39.873,-8.934],[-39.958,-9.049],[-40.066,-9.063],[-40.13,-9.11],[-40.165,-9.106],[-40.224,-9.057],[-40.256,-9.063],[-40.287,-9.117],[-40.286,-9.186],[-40.339,-9.36],[-40.371,-9.379],[-40.424,-9.353],[-40.468,-9.421],[-40.529,-9.414],[-40.556,-9.458],[-40.623,-9.483],[-40.722,-9.446],[-40.777,-9.454],[-40.765,-9.413],[-40.743,-9.401],[-40.737,-9.337],[-40.756,-9.315],[-40.686,-9.276],[-40.695,-9.233],[-40.667,-9.159],[-40.685,-9.138],[-40.71,-9.141],[-40.82,-9.081],[-40.852,-8.952],[-40.919,-8.837],[-40.955,-8.844],[-40.979,-8.823],[-41.021,-8.844],[-41.036,-8.786],[-41.102,-8.782],[-41.125,-8.753],[-41.113,-8.704],[-41.227,-8.705],[-41.282,-8.736],[-41.334,-8.728],[-41.358,-8.708],[-41.314,-8.696],[-41.287,-8.661],[-41.214,-8.644],[-41.212,-8.602],[-41.169,-8.583],[-41.148,-8.533],[-41.127,-8.542],[-41.096,-8.519],[-41.079,-8.473],[-41.051,-8.48],[-41.044,-8.437],[-41.007,-8.421],[-41.001,-8.401],[-40.979,-8.399],[-40.925,-8.446],[-40.902,-8.422],[-40.893,-8.357],[-40.837,-8.381],[-40.819,-8.362],[-40.82,-8.322],[-40.793,-8.32],[-40.78,-8.302],[-40.782,-8.253],[-40.707,-8.223],[-40.634,-8.139],[-40.601,-8.15],[-40.59,-8.139],[-40.603,-8.095],[-40.544,-7.965],[-40.538,-7.857],[-40.559,-7.815],[-40.672,-7.765],[-40.672,-7.736],[-40.634,-7.697],[-40.622,-7.651],[-40.716,-7.484],[-40.701,-7.456],[-40.548,-7.393],[-40.542,-7.332],[-40.524,-7.318],[-40.434,-7.367],[-40.394,-7.368],[-40.361,-7.356],[-40.319,-7.303],[-40.263,-7.301],[-40.196,-7.358],[-40.087,-7.383],[-40.001,-7.374],[-39.858,-7.325],[-39.706,-7.338],[-39.653,-7.372],[-39.629,-7.426],[-39.572,-7.43],[-39.548,-7.483],[-39.502,-7.464],[-39.461,-7.471],[-39.457,-7.506],[-39.485,-7.534],[-39.472,-7.576],[-39.435,-7.574],[-39.42,-7.604],[-39.376,-7.612],[-39.306,-7.666],[-39.27,-7.66],[-39.25,-7.684],[-39.253,-7.705],[-39.208,-7.689],[-39.136,-7.723],[-39.1,-7.776],[-39.091,-7.858],[-39.054,-7.819],[-39.026,-7.825],[-39.016,-7.812],[-39.001,-7.84],[-38.963,-7.845],[-38.94,-7.759],[-38.881,-7.747],[-38.869,-7.711],[-38.828,-7.72],[-38.82,-7.665],[-38.743,-7.66],[-38.737,-7.635],[-38.715,-7.622],[-38.642,-7.678],[-38.59,-7.756],[-38.501,-7.751],[-38.455,-7.718],[-38.41,-7.73],[-38.357,-7.677],[-38.312,-7.716],[-38.302,-7.745],[-38.317,-7.765],[-38.3,-7.763],[-38.286,-7.831],[-38.239,-7.831],[-38.164,-7.78],[-38.139,-7.786],[-38.116,-7.823],[-38.077,-7.831],[-38.065,-7.82],[-38.069,-7.772],[-38.04,-7.748],[-38.004,-7.779],[-37.971,-7.778],[-37.924,-7.715],[-37.894,-7.714],[-37.903,-7.695],[-37.857,-7.652],[-37.786,-7.626],[-37.761,-7.667],[-37.751,-7.663],[-37.74,-7.636],[-37.756,-7.62],[-37.708,-7.572],[-37.707,-7.551],[-37.682,-7.548],[-37.66,-7.523],[-37.63,-7.533],[-37.61,-7.508],[-37.533,-7.473],[-37.487,-7.395],[-37.496,-7.365],[-37.386,-7.357],[-37.35,-7.337],[-37.357,-7.321],[-37.331,-7.288],[-37.234,-7.274]]],[[[-35.023,-8.609],[-35.021,-8.616],[-35.026,-8.613],[-35.023,-8.609]]],[[[-34.957,-8.379],[-34.966,-8.387],[-34.965,-8.372],[-34.957,-8.379]]],[[[-34.838,-7.816],[-34.837,-7.817],[-34.841,-7.816],[-34.838,-7.816]]],[[[-32.434,-3.874],[-32.436,-3.874],[-32.435,-3.873],[-32.434,-3.874]]],[[[-32.438,-3.872],[-32.438,-3.873],[-32.439,-3.874],[-32.438,-3.872]]],[[[-32.419,-3.871],[-32.418,-3.873],[-32.42,-3.872],[-32.419,-3.871]],[[-32.421,-3.871],[-32.422,-3.87],[-32.421,-3.871],[-32.421,-3.871]],[[-32.412,-3.869],[-32.413,-3.869],[-32.412,-3.869],[-32.412,-3.869]]],[[[-32.414,-3.868],[-32.415,-3.868],[-32.414,-3.867],[-32.414,-3.868]],[[-32.401,-3.861],[-32.401,-3.86],[-32.401,-3.86],[-32.401,-3.861]],[[-32.442,-3.849],[-32.441,-3.85],[-32.442,-3.849],[-32.442,-3.849]]],[[[-32.442,-3.849],[-32.443,-3.848],[-32.442,-3.848],[-32.442,-3.849]],[[-32.404,-3.828],[-32.404,-3.828],[-32.404,-3.828],[-32.404,-3.828]]],[[[-32.401,-3.826],[-32.391,-3.852],[-32.425,-3.877],[-32.476,-3.876],[-32.401,-3.826]]],[[[-32.392,-3.824],[-32.395,-3.825],[-32.394,-3.823],[-32.392,-3.824]]],[[[-32.391,-3.817],[-32.392,-3.821],[-32.395,-3.822],[-32.391,-3.817]]],[[[-32.379,-3.807],[-32.382,-3.814],[-32.395,-3.812],[-32.379,-3.807]]]]}},{"type":"Feature","properties":{"codigo_area_atuacao":"C.041.TO.1999","sigla":"ETO","num_municipios":139,"populacao_estimada_2018":1555229,"area_km2":277722.4154584,"tipo_outorga":"CONCESSIONÁRIA","uf":"TO","regiao":"NORTE","num_unidades_consumidoras":643502,"cnpj":"25.086.034/0001-71","razao_social":"ENERGISA TOCANTINS DISTRIBUIDORA DE ENERGIA S.A.","ato_legal":"ECT 052/1999 de 28/06/1999","inicio_vigencia_epoch_ms":915159600000,"cnpj_digits":"25086034000171","subsystem_id":"N","subsystem_mapping_method":"GEOGRAPHIC_REGION_PROXY_MVP"},"geometry":{"type":"Polygon","coordinates":[[[-48.359,-5.17],[-48.321,-5.201],[-48.179,-5.261],[-48.079,-5.275],[-48.004,-5.235],[-47.928,-5.241],[-47.873,-5.272],[-47.868,-5.343],[-47.844,-5.376],[-47.744,-5.38],[-47.619,-5.46],[-47.56,-5.463],[-47.485,-5.557],[-47.474,-5.662],[-47.493,-5.731],[-47.432,-5.866],[-47.43,-5.932],[-47.448,-5.993],[-47.428,-6.039],[-47.433,-6.112],[-47.377,-6.267],[-47.434,-6.431],[-47.417,-6.486],[-47.456,-6.538],[-47.463,-6.607],[-47.499,-6.671],[-47.494,-6.755],[-47.53,-6.831],[-47.505,-6.894],[-47.53,-6.98],[-47.644,-7.144],[-47.711,-7.138],[-47.75,-7.183],[-47.737,-7.217],[-47.691,-7.238],[-47.648,-7.304],[-47.627,-7.301],[-47.6,-7.267],[-47.543,-7.265],[-47.488,-7.312],[-47.486,-7.367],[-47.577,-7.416],[-47.59,-7.441],[-47.563,-7.45],[-47.505,-7.437],[-47.475,-7.533],[-47.461,-7.519],[-47.427,-7.527],[-47.439,-7.556],[-47.399,-7.569],[-47.381,-7.655],[-47.352,-7.647],[-47.373,-7.625],[-47.36,-7.616],[-47.315,-7.66],[-47.338,-7.667],[-47.332,-7.685],[-47.303,-7.689],[-47.314,-7.729],[-47.274,-7.731],[-47.274,-7.745],[-47.26,-7.744],[-47.267,-7.761],[-47.246,-7.759],[-47.247,-7.801],[-47.235,-7.804],[-47.245,-7.816],[-47.175,-7.856],[-47.143,-7.895],[-47.141,-7.925],[-47.107,-7.937],[-47.106,-7.991],[-47.062,-8.005],[-47.044,-8.054],[-46.997,-8.067],[-46.963,-8.039],[-46.953,-8.007],[-46.918,-7.982],[-46.896,-7.987],[-46.873,-7.956],[-46.866,-7.969],[-46.84,-7.966],[-46.783,-7.951],[-46.756,-7.922],[-46.62,-7.897],[-46.562,-7.921],[-46.549,-7.95],[-46.493,-7.981],[-46.477,-8.012],[-46.466,-8.07],[-46.515,-8.168],[-46.488,-8.2],[-46.514,-8.284],[-46.548,-8.322],[-46.635,-8.319],[-46.707,-8.352],[-46.728,-8.386],[-46.78,-8.367],[-46.787,-8.399],[-46.807,-8.399],[-46.801,-8.454],[-46.851,-8.476],[-46.846,-8.535],[-46.916,-8.595],[-46.898,-8.601],[-46.916,-8.648],[-46.887,-8.686],[-46.931,-8.727],[-46.904,-8.779],[-46.915,-8.853],[-46.993,-8.879],[-46.97,-8.914],[-47.018,-8.953],[-47.022,-8.989],[-47.036,-8.979],[-47.044,-9.007],[-47.067,-9.01],[-47.043,-9.027],[-47.071,-9.062],[-47.01,-9.07],[-47.007,-9.082],[-46.922,-9.067],[-46.912,-9.083],[-46.932,-9.086],[-46.932,-9.128],[-46.89,-9.124],[-46.892,-9.14],[-46.852,-9.154],[-46.851,-9.192],[-46.823,-9.199],[-46.819,-9.26],[-46.845,-9.3],[-46.811,-9.307],[-46.759,-9.381],[-46.766,-9.406],[-46.746,-9.414],[-46.723,-9.396],[-46.666,-9.392],[-46.633,-9.412],[-46.648,-9.427],[-46.64,-9.458],[-46.561,-9.484],[-46.576,-9.518],[-46.537,-9.557],[-46.592,-9.587],[-46.613,-9.666],[-46.653,-9.693],[-46.647,-9.73],[-46.632,-9.749],[-46.575,-9.759],[-46.572,-9.808],[-46.509,-9.801],[-46.48,-9.855],[-46.492,-9.87],[-46.473,-9.877],[-46.478,-9.988],[-46.457,-10.05],[-46.445,-10.077],[-46.421,-10.081],[-46.384,-10.12],[-46.368,-10.169],[-46.328,-10.184],[-46.211,-10.17],[-46.163,-10.214],[-46.1,-10.213],[-46.031,-10.176],[-46.004,-10.262],[-45.878,-10.239],[-45.796,-10.268],[-45.734,-10.229],[-45.727,-10.157],[-45.7,-10.186],[-45.697,-10.26],[-45.738,-10.341],[-45.828,-10.369],[-45.845,-10.487],[-45.945,-10.526],[-46.007,-10.575],[-46.206,-10.659],[-46.194,-10.717],[-46.257,-10.76],[-46.228,-10.768],[-46.231,-10.796],[-46.282,-10.824],[-46.3,-10.871],[-46.286,-10.91],[-46.402,-11.0],[-46.448,-11.092],[-46.472,-11.191],[-46.61,-11.256],[-46.6,-11.265],[-46.617,-11.289],[-46.6,-11.352],[-46.549,-11.381],[-46.549,-11.408],[-46.528,-11.423],[-46.52,-11.484],[-46.479,-11.516],[-46.446,-11.515],[-46.411,-11.542],[-46.313,-11.539],[-46.236,-11.565],[-46.203,-11.603],[-46.127,-11.604],[-46.087,-11.622],[-46.087,-11.643],[-46.154,-11.657],[-46.2,-11.652],[-46.256,-11.621],[-46.315,-11.631],[-46.294,-11.693],[-46.329,-11.737],[-46.373,-11.751],[-46.323,-11.771],[-46.349,-11.839],[-46.373,-11.837],[-46.373,-11.872],[-46.318,-11.898],[-46.285,-11.886],[-46.238,-11.903],[-46.189,-11.884],[-46.171,-11.901],[-46.193,-11.929],[-46.326,-11.958],[-46.398,-12.04],[-46.379,-12.06],[-46.386,-12.092],[-46.366,-12.104],[-46.39,-12.171],[-46.391,-12.194],[-46.369,-12.2],[-46.36,-12.224],[-46.381,-12.249],[-46.366,-12.267],[-46.375,-12.287],[-46.323,-12.304],[-46.351,-12.318],[-46.352,-12.337],[-46.286,-12.379],[-46.301,-12.416],[-46.265,-12.413],[-46.252,-12.43],[-46.255,-12.494],[-46.228,-12.498],[-46.179,-12.475],[-46.154,-12.483],[-46.161,-12.529],[-46.259,-12.548],[-46.28,-12.585],[-46.291,-12.633],[-46.256,-12.658],[-46.293,-12.693],[-46.265,-12.717],[-46.283,-12.784],[-46.262,-12.832],[-46.293,-12.859],[-46.286,-12.895],[-46.305,-12.949],[-46.267,-12.932],[-46.221,-12.941],[-46.139,-12.909],[-46.114,-12.918],[-46.195,-12.957],[-46.364,-12.991],[-46.377,-12.963],[-46.361,-12.909],[-46.366,-12.865],[-46.408,-12.846],[-46.418,-12.823],[-46.433,-12.931],[-46.455,-12.971],[-46.751,-12.969],[-46.82,-13.002],[-46.855,-13.067],[-46.893,-13.053],[-46.979,-13.132],[-47.001,-13.121],[-47.019,-13.146],[-47.081,-13.162],[-47.087,-13.182],[-47.133,-13.179],[-47.135,-13.203],[-47.153,-13.21],[-47.183,-13.206],[-47.183,-13.188],[-47.228,-13.194],[-47.282,-13.265],[-47.295,-13.249],[-47.323,-13.258],[-47.377,-13.229],[-47.427,-13.291],[-47.455,-13.249],[-47.431,-13.238],[-47.436,-13.227],[-47.487,-13.22],[-47.479,-13.185],[-47.563,-13.184],[-47.563,-13.123],[-47.634,-13.103],[-47.645,-13.15],[-47.67,-13.168],[-47.655,-13.178],[-47.669,-13.209],[-47.64,-13.263],[-47.662,-13.304],[-47.65,-13.351],[-47.623,-13.368],[-47.679,-13.468],[-47.821,-13.313],[-47.884,-13.321],[-47.936,-13.291],[-47.966,-13.315],[-47.987,-13.277],[-48.024,-13.279],[-48.062,-13.235],[-48.079,-13.243],[-48.083,-13.289],[-48.165,-13.306],[-48.154,-13.279],[-48.169,-13.238],[-48.153,-13.22],[-48.166,-13.19],[-48.147,-13.152],[-48.189,-13.154],[-48.196,-13.173],[-48.232,-13.168],[-48.251,-13.197],[-48.288,-13.204],[-48.307,-13.235],[-48.342,-13.228],[-48.337,-13.247],[-48.361,-13.243],[-48.386,-13.266],[-48.43,-13.272],[-48.442,-13.292],[-48.46,-13.281],[-48.457,-13.249],[-48.475,-13.236],[-48.474,-13.137],[-48.508,-13.128],[-48.53,-13.193],[-48.555,-13.205],[-48.554,-13.302],[-48.586,-13.318],[-48.601,-13.239],[-48.583,-13.222],[-48.578,-13.174],[-48.597,-13.153],[-48.577,-13.126],[-48.597,-13.107],[-48.602,-13.059],[-48.628,-13.052],[-48.638,-13.016],[-48.672,-12.996],[-48.718,-13.002],[-48.734,-12.981],[-48.737,-12.921],[-48.815,-12.864],[-48.821,-12.844],[-48.842,-12.844],[-48.847,-12.81],[-48.87,-12.803],[-48.976,-12.957],[-49.023,-12.907],[-49.079,-12.904],[-49.088,-12.888],[-49.068,-12.847],[-49.106,-12.836],[-49.119,-12.79],[-49.197,-12.867],[-49.237,-12.884],[-49.279,-12.989],[-49.354,-13.103],[-49.339,-13.251],[-49.37,-13.275],[-49.914,-12.966],[-50.009,-12.931],[-50.044,-12.933],[-50.079,-12.906],[-50.183,-12.897],[-50.225,-12.874],[-50.232,-12.854],[-50.293,-12.84],[-50.311,-12.799],[-50.284,-12.718],[-50.3,-12.681],[-50.267,-12.682],[-50.262,-12.638],[-50.237,-12.624],[-50.238,-12.58],[-50.227,-12.587],[-50.193,-12.564],[-50.229,-12.534],[-50.218,-12.489],[-50.16,-12.431],[-50.145,-12.395],[-50.175,-12.424],[-50.197,-12.413],[-50.185,-12.433],[-50.308,-12.494],[-50.325,-12.508],[-50.314,-12.522],[-50.33,-12.515],[-50.331,-12.535],[-50.366,-12.546],[-50.367,-12.571],[-50.399,-12.602],[-50.391,-12.612],[-50.419,-12.625],[-50.413,-12.65],[-50.441,-12.653],[-50.428,-12.653],[-50.435,-12.694],[-50.478,-12.71],[-50.466,-12.731],[-50.486,-12.749],[-50.469,-12.755],[-50.494,-12.786],[-50.485,-12.812],[-50.511,-12.861],[-50.52,-12.836],[-50.567,-12.843],[-50.598,-12.827],[-50.582,-12.799],[-50.623,-12.82],[-50.612,-12.776],[-50.636,-12.772],[-50.623,-12.735],[-50.655,-12.679],[-50.647,-12.651],[-50.7,-12.648],[-50.706,-12.61],[-50.694,-12.593],[-50.668,-12.596],[-50.686,-12.569],[-50.646,-12.482],[-50.653,-12.46],[-50.624,-12.455],[-50.618,-12.429],[-50.633,-12.417],[-50.627,-12.384],[-50.645,-12.346],[-50.649,-12.299],[-50.629,-12.277],[-50.65,-12.249],[-50.644,-12.223],[-50.679,-12.219],[-50.687,-12.202],[-50.667,-12.081],[-50.687,-12.045],[-50.684,-11.996],[-50.657,-11.967],[-50.668,-11.928],[-50.639,-11.885],[-50.686,-11.859],[-50.722,-11.74],[-50.664,-11.678],[-50.657,-11.593],[-50.716,-11.579],[-50.735,-11.551],[-50.742,-11.455],[-50.707,-11.328],[-50.659,-11.255],[-50.661,-11.135],[-50.609,-11.067],[-50.633,-10.936],[-50.599,-10.884],[-50.622,-10.839],[-50.571,-10.753],[-50.603,-10.658],[-50.563,-10.611],[-50.535,-10.602],[-50.516,-10.504],[-50.483,-10.49],[-50.474,-10.405],[-50.418,-10.356],[-50.423,-10.327],[-50.382,-10.219],[-50.399,-10.164],[-50.392,-10.134],[-50.355,-10.077],[-50.303,-10.035],[-50.264,-9.908],[-50.225,-9.854],[-50.198,-9.759],[-50.151,-9.696],[-50.138,-9.625],[-50.107,-9.594],[-50.09,-9.546],[-50.105,-9.475],[-50.053,-9.373],[-50.041,-9.294],[-50.005,-9.269],[-49.994,-9.234],[-49.966,-9.231],[-49.908,-9.174],[-49.91,-9.154],[-49.867,-9.097],[-49.843,-9.027],[-49.745,-8.906],[-49.684,-8.856],[-49.592,-8.839],[-49.454,-8.615],[-49.406,-8.574],[-49.377,-8.455],[-49.276,-8.364],[-49.249,-8.255],[-49.21,-8.175],[-49.199,-8.088],[-49.177,-8.062],[-49.182,-7.977],[-49.163,-7.921],[-49.165,-7.833],[-49.148,-7.807],[-49.328,-7.678],[-49.384,-7.543],[-49.378,-7.496],[-49.231,-7.326],[-49.185,-7.235],[-49.192,-7.051],[-49.217,-6.961],[-49.21,-6.925],[-49.115,-6.87],[-49.019,-6.784],[-48.909,-6.756],[-48.814,-6.752],[-48.769,-6.731],[-48.737,-6.693],[-48.676,-6.673],[-48.652,-6.64],[-48.665,-6.568],[-48.644,-6.504],[-48.613,-6.454],[-48.541,-6.401],[-48.506,-6.353],[-48.448,-6.351],[-48.383,-6.38],[-48.378,-6.334],[-48.417,-6.299],[-48.435,-6.183],[-48.408,-6.153],[-48.334,-6.137],[-48.297,-6.11],[-48.287,-6.066],[-48.335,-6.036],[-48.335,-6.004],[-48.314,-5.979],[-48.244,-5.957],[-48.23,-5.938],[-48.292,-5.837],[-48.294,-5.751],[-48.276,-5.727],[-48.176,-5.712],[-48.132,-5.618],[-48.195,-5.563],[-48.301,-5.523],[-48.385,-5.394],[-48.505,-5.429],[-48.597,-5.423],[-48.65,-5.385],[-48.737,-5.374],[-48.757,-5.353],[-48.709,-5.351],[-48.679,-5.306],[-48.606,-5.337],[-48.569,-5.283],[-48.561,-5.23],[-48.533,-5.199],[-48.359,-5.17]]]}},{"type":"Feature","properties":{"codigo_area_atuacao":"C.049.MA.2000","sigla":"EQUATORIAL MA","num_municipios":217,"populacao_estimada_2018":7035055,"area_km2":329644.42597595,"tipo_outorga":"CONCESSIONÁRIA","uf":"MA","regiao":"NORDESTE","num_unidades_consumidoras":2365546,"cnpj":"06.272.793/0001-84","razao_social":"COMPANHIA ENERGÉTICA DO MARANHÃO","ato_legal":"ECT 060/2000 de 11/08/2000","inicio_vigencia_epoch_ms":946695600000,"cnpj_digits":"06272793000184","subsystem_id":"NE","subsystem_mapping_method":"GEOGRAPHIC_REGION_PROXY_MVP"},"geometry":{"type":"MultiPolygon","coordinates":[[[[-45.976,-1.05],[-45.964,-1.06],[-45.984,-1.066],[-45.968,-1.087],[-45.984,-1.111],[-45.962,-1.11],[-45.964,-1.14],[-45.952,-1.142],[-45.954,-1.202],[-45.861,-1.05],[-45.845,-1.069],[-45.85,-1.102],[-45.912,-1.166],[-45.875,-1.15],[-45.884,-1.178],[-45.868,-1.172],[-45.875,-1.193],[-45.862,-1.181],[-45.863,-1.213],[-45.826,-1.204],[-45.829,-1.177],[-45.802,-1.161],[-45.8,-1.18],[-45.768,-1.199],[-45.721,-1.11],[-45.691,-1.149],[-45.738,-1.22],[-45.716,-1.26],[-45.69,-1.274],[-45.648,-1.237],[-45.63,-1.124],[-45.614,-1.163],[-45.643,-1.223],[-45.637,-1.281],[-45.594,-1.267],[-45.592,-1.302],[-45.549,-1.276],[-45.545,-1.301],[-45.515,-1.307],[-45.527,-1.359],[-45.512,-1.378],[-45.476,-1.325],[-45.446,-1.312],[-45.457,-1.298],[-45.414,-1.297],[-45.416,-1.346],[-45.475,-1.372],[-45.482,-1.479],[-45.464,-1.477],[-45.425,-1.419],[-45.37,-1.396],[-45.376,-1.367],[-45.358,-1.346],[-45.341,-1.352],[-45.362,-1.319],[-45.345,-1.313],[-45.309,-1.333],[-45.3,-1.438],[-45.388,-1.472],[-45.337,-1.477],[-45.308,-1.497],[-45.32,-1.557],[-45.343,-1.587],[-45.335,-1.594],[-45.261,-1.596],[-45.198,-1.488],[-45.175,-1.495],[-45.153,-1.47],[-45.132,-1.485],[-45.097,-1.455],[-45.049,-1.49],[-45.006,-1.486],[-44.99,-1.511],[-45.007,-1.532],[-44.979,-1.525],[-44.955,-1.561],[-44.948,-1.538],[-44.973,-1.503],[-44.969,-1.478],[-44.937,-1.49],[-44.887,-1.442],[-44.886,-1.42],[-44.86,-1.411],[-44.831,-1.435],[-44.844,-1.489],[-44.885,-1.478],[-44.873,-1.489],[-44.9,-1.535],[-44.918,-1.539],[-44.906,-1.605],[-44.872,-1.601],[-44.855,-1.618],[-44.836,-1.573],[-44.803,-1.589],[-44.769,-1.561],[-44.763,-1.595],[-44.708,-1.552],[-44.709,-1.581],[-44.682,-1.566],[-44.643,-1.605],[-44.636,-1.618],[-44.662,-1.663],[-44.675,-1.641],[-44.747,-1.651],[-44.8,-1.704],[-44.701,-1.726],[-44.757,-1.789],[-44.646,-1.765],[-44.653,-1.715],[-44.601,-1.74],[-44.618,-1.761],[-44.573,-1.775],[-44.591,-1.782],[-44.564,-1.804],[-44.565,-1.835],[-44.533,-1.823],[-44.554,-1.885],[-44.515,-1.886],[-44.489,-1.957],[-44.511,-1.958],[-44.481,-1.987],[-44.516,-2.013],[-44.576,-2.024],[-44.532,-2.036],[-44.502,-2.024],[-44.485,-2.043],[-44.552,-2.089],[-44.567,-2.126],[-44.588,-2.135],[-44.595,-2.182],[-44.634,-2.229],[-44.684,-2.256],[-44.682,-2.272],[-44.651,-2.295],[-44.628,-2.291],[-44.616,-2.258],[-44.543,-2.196],[-44.53,-2.16],[-44.464,-2.144],[-44.398,-2.214],[-44.391,-2.276],[-44.358,-2.34],[-44.38,-2.355],[-44.372,-2.381],[-44.388,-2.409],[-44.478,-2.411],[-44.498,-2.426],[-44.458,-2.434],[-44.443,-2.458],[-44.476,-2.485],[-44.49,-2.522],[-44.512,-2.535],[-44.535,-2.528],[-44.585,-2.657],[-44.627,-2.702],[-44.624,-2.739],[-44.652,-2.807],[-44.633,-2.857],[-44.681,-2.929],[-44.676,-2.993],[-44.658,-3.015],[-44.597,-3.04],[-44.532,-3.044],[-44.449,-2.981],[-44.409,-2.901],[-44.409,-2.792],[-44.354,-2.603],[-44.378,-2.566],[-44.349,-2.527],[-44.309,-2.539],[-44.32,-2.503],[-44.305,-2.488],[-44.174,-2.458],[-44.095,-2.407],[-44.031,-2.407],[-44.024,-2.449],[-44.053,-2.469],[-44.024,-2.508],[-44.036,-2.557],[-44.093,-2.575],[-44.138,-2.682],[-44.25,-2.73],[-44.266,-2.758],[-44.241,-2.781],[-44.095,-2.753],[-44.023,-2.653],[-43.957,-2.622],[-43.931,-2.562],[-43.894,-2.556],[-43.876,-2.518],[-43.85,-2.51],[-43.838,-2.417],[-43.8,-2.39],[-43.808,-2.438],[-43.76,-2.417],[-43.727,-2.386],[-43.74,-2.35],[-43.72,-2.291],[-43.627,-2.251],[-43.604,-2.258],[-43.594,-2.287],[-43.624,-2.303],[-43.645,-2.403],[-43.688,-2.398],[-43.71,-2.427],[-43.732,-2.426],[-43.776,-2.473],[-43.768,-2.494],[-43.717,-2.476],[-43.695,-2.484],[-43.693,-2.521],[-43.652,-2.482],[-43.622,-2.51],[-43.58,-2.459],[-43.572,-2.476],[-43.599,-2.499],[-43.581,-2.507],[-43.528,-2.419],[-43.509,-2.476],[-43.461,-2.486],[-43.452,-2.443],[-43.484,-2.378],[-43.461,-2.351],[-43.405,-2.336],[-43.292,-2.343],[-42.825,-2.545],[-42.723,-2.556],[-42.587,-2.669],[-42.504,-2.678],[-42.494,-2.705],[-42.369,-2.714],[-42.339,-2.749],[-42.264,-2.758],[-42.257,-2.676],[-42.229,-2.696],[-42.07,-2.687],[-42.031,-2.74],[-42.017,-2.738],[-42.014,-2.713],[-41.807,-2.73],[-41.849,-2.774],[-41.841,-2.819],[-41.863,-2.832],[-41.865,-2.875],[-41.796,-2.966],[-41.831,-3.032],[-41.923,-3.108],[-41.94,-3.188],[-41.964,-3.179],[-41.974,-3.213],[-42.01,-3.246],[-42.116,-3.262],[-42.134,-3.278],[-42.096,-3.306],[-42.124,-3.323],[-42.124,-3.353],[-42.142,-3.36],[-42.152,-3.387],[-42.196,-3.4],[-42.204,-3.436],[-42.243,-3.433],[-42.295,-3.453],[-42.331,-3.434],[-42.366,-3.453],[-42.393,-3.448],[-42.405,-3.476],[-42.432,-3.455],[-42.461,-3.486],[-42.498,-3.448],[-42.568,-3.566],[-42.61,-3.586],[-42.625,-3.626],[-42.678,-3.677],[-42.669,-3.736],[-42.684,-3.766],[-42.669,-3.792],[-42.721,-3.875],[-42.726,-3.91],[-42.787,-3.959],[-42.798,-3.997],[-42.824,-3.992],[-42.863,-4.093],[-42.903,-4.124],[-42.888,-4.156],[-42.932,-4.159],[-42.985,-4.221],[-42.962,-4.379],[-42.931,-4.382],[-42.88,-4.417],[-42.876,-4.464],[-42.849,-4.483],[-42.875,-4.536],[-42.869,-4.572],[-42.954,-4.686],[-42.92,-4.735],[-42.951,-4.78],[-42.898,-4.843],[-42.896,-4.888],[-42.855,-4.936],[-42.858,-4.989],[-42.798,-5.183],[-42.829,-5.24],[-42.811,-5.285],[-42.825,-5.346],[-42.881,-5.39],[-42.908,-5.392],[-42.93,-5.437],[-42.967,-5.449],[-43.032,-5.589],[-43.086,-5.602],[-43.099,-5.63],[-43.082,-5.646],[-43.077,-5.735],[-43.101,-5.756],[-43.097,-5.829],[-43.077,-5.867],[-43.1,-5.902],[-43.079,-5.967],[-43.048,-6.002],[-43.075,-6.055],[-43.045,-6.105],[-42.985,-6.124],[-42.969,-6.178],[-42.865,-6.236],[-42.847,-6.282],[-42.86,-6.331],[-42.837,-6.325],[-42.829,-6.337],[-42.878,-6.418],[-42.867,-6.482],[-42.887,-6.507],[-42.871,-6.512],[-42.92,-6.67],[-43.011,-6.759],[-43.082,-6.748],[-43.146,-6.783],[-43.178,-6.767],[-43.245,-6.766],[-43.279,-6.797],[-43.349,-6.798],[-43.42,-6.844],[-43.482,-6.835],[-43.507,-6.8],[-43.541,-6.79],[-43.561,-6.749],[-43.584,-6.757],[-43.643,-6.717],[-43.715,-6.699],[-43.775,-6.715],[-43.795,-6.702],[-43.88,-6.758],[-43.914,-6.753],[-43.932,-6.772],[-43.961,-6.742],[-44.033,-6.76],[-44.057,-6.774],[-44.07,-6.821],[-44.089,-6.803],[-44.116,-6.806],[-44.101,-6.851],[-44.125,-6.836],[-44.174,-6.889],[-44.176,-6.928],[-44.201,-6.933],[-44.208,-6.967],[-44.236,-6.999],[-44.262,-6.999],[-44.28,-7.042],[-44.274,-7.071],[-44.306,-7.117],[-44.387,-7.121],[-44.501,-7.185],[-44.526,-7.222],[-44.564,-7.227],[-44.617,-7.309],[-44.663,-7.332],[-44.688,-7.395],[-44.73,-7.391],[-44.742,-7.362],[-44.781,-7.378],[-44.817,-7.361],[-44.869,-7.422],[-44.901,-7.426],[-44.927,-7.472],[-45.047,-7.513],[-45.084,-7.502],[-45.137,-7.522],[-45.155,-7.513],[-45.219,-7.568],[-45.234,-7.549],[-45.261,-7.571],[-45.332,-7.577],[-45.374,-7.619],[-45.394,-7.613],[-45.399,-7.64],[-45.438,-7.678],[-45.459,-7.672],[-45.449,-7.686],[-45.469,-7.689],[-45.482,-7.751],[-45.496,-7.748],[-45.49,-7.787],[-45.54,-7.865],[-45.521,-7.888],[-45.543,-7.898],[-45.524,-7.912],[-45.544,-7.921],[-45.556,-7.954],[-45.545,-7.961],[-45.567,-7.994],[-45.55,-8.014],[-45.576,-8.029],[-45.561,-8.048],[-45.584,-8.097],[-45.581,-8.156],[-45.611,-8.187],[-45.608,-8.205],[-45.662,-8.25],[-45.688,-8.356],[-45.743,-8.448],[-45.738,-8.501],[-45.754,-8.542],[-45.794,-8.584],[-45.766,-8.61],[-45.797,-8.613],[-45.816,-8.633],[-45.812,-8.656],[-45.84,-8.715],[-45.865,-8.716],[-45.892,-8.763],[-45.908,-8.759],[-45.938,-8.783],[-45.961,-8.819],[-45.946,-8.84],[-45.972,-8.862],[-45.994,-8.927],[-45.943,-9.015],[-45.923,-9.09],[-45.928,-9.138],[-45.898,-9.184],[-45.907,-9.298],[-45.894,-9.342],[-45.824,-9.375],[-45.783,-9.48],[-45.841,-9.562],[-45.82,-9.618],[-45.838,-9.696],[-45.821,-9.773],[-45.866,-9.871],[-45.842,-9.942],[-45.88,-10.059],[-45.877,-10.107],[-45.946,-10.196],[-45.956,-10.221],[-45.946,-10.259],[-45.974,-10.248],[-46.003,-10.262],[-46.031,-10.176],[-46.1,-10.213],[-46.163,-10.214],[-46.211,-10.17],[-46.328,-10.184],[-46.368,-10.169],[-46.384,-10.12],[-46.421,-10.081],[-46.445,-10.077],[-46.457,-10.05],[-46.478,-9.988],[-46.473,-9.877],[-46.492,-9.87],[-46.48,-9.855],[-46.509,-9.801],[-46.572,-9.808],[-46.575,-9.759],[-46.632,-9.749],[-46.647,-9.73],[-46.653,-9.693],[-46.613,-9.666],[-46.592,-9.587],[-46.537,-9.557],[-46.576,-9.518],[-46.561,-9.484],[-46.64,-9.458],[-46.648,-9.427],[-46.633,-9.412],[-46.666,-9.392],[-46.723,-9.396],[-46.746,-9.414],[-46.766,-9.406],[-46.759,-9.381],[-46.811,-9.307],[-46.845,-9.3],[-46.819,-9.26],[-46.823,-9.199],[-46.851,-9.192],[-46.852,-9.154],[-46.892,-9.14],[-46.89,-9.124],[-46.932,-9.128],[-46.932,-9.086],[-46.912,-9.083],[-46.922,-9.067],[-47.007,-9.082],[-47.01,-9.07],[-47.071,-9.062],[-47.043,-9.027],[-47.067,-9.01],[-47.044,-9.007],[-47.036,-8.979],[-47.022,-8.989],[-47.018,-8.953],[-46.97,-8.914],[-46.993,-8.879],[-46.915,-8.853],[-46.904,-8.779],[-46.931,-8.727],[-46.887,-8.686],[-46.916,-8.648],[-46.898,-8.601],[-46.916,-8.595],[-46.846,-8.535],[-46.851,-8.476],[-46.801,-8.454],[-46.807,-8.399],[-46.787,-8.399],[-46.78,-8.367],[-46.728,-8.386],[-46.707,-8.352],[-46.635,-8.319],[-46.548,-8.322],[-46.514,-8.284],[-46.488,-8.2],[-46.515,-8.168],[-46.466,-8.07],[-46.49,-7.983],[-46.549,-7.95],[-46.562,-7.921],[-46.597,-7.899],[-46.661,-7.901],[-46.673,-7.914],[-46.756,-7.922],[-46.785,-7.952],[-46.866,-7.969],[-46.873,-7.956],[-46.896,-7.987],[-46.918,-7.982],[-46.953,-8.007],[-46.963,-8.039],[-46.997,-8.067],[-47.044,-8.054],[-47.062,-8.005],[-47.106,-7.991],[-47.107,-7.937],[-47.141,-7.925],[-47.143,-7.895],[-47.175,-7.856],[-47.245,-7.816],[-47.235,-7.804],[-47.247,-7.801],[-47.246,-7.759],[-47.267,-7.761],[-47.26,-7.744],[-47.274,-7.745],[-47.274,-7.731],[-47.314,-7.729],[-47.303,-7.689],[-47.332,-7.685],[-47.338,-7.667],[-47.315,-7.66],[-47.36,-7.616],[-47.373,-7.625],[-47.352,-7.647],[-47.381,-7.655],[-47.399,-7.569],[-47.439,-7.556],[-47.427,-7.527],[-47.461,-7.519],[-47.475,-7.533],[-47.505,-7.437],[-47.563,-7.45],[-47.59,-7.441],[-47.577,-7.416],[-47.486,-7.367],[-47.478,-7.337],[-47.5,-7.294],[-47.54,-7.266],[-47.592,-7.264],[-47.648,-7.304],[-47.684,-7.246],[-47.75,-7.195],[-47.745,-7.163],[-47.711,-7.138],[-47.644,-7.144],[-47.53,-6.98],[-47.505,-6.894],[-47.53,-6.831],[-47.494,-6.755],[-47.499,-6.671],[-47.463,-6.607],[-47.456,-6.538],[-47.417,-6.486],[-47.434,-6.431],[-47.377,-6.267],[-47.43,-6.131],[-47.428,-6.039],[-47.448,-5.993],[-47.43,-5.932],[-47.431,-5.869],[-47.493,-5.731],[-47.474,-5.662],[-47.5,-5.526],[-47.555,-5.466],[-47.619,-5.46],[-47.741,-5.381],[-47.844,-5.376],[-47.868,-5.343],[-47.873,-5.272],[-47.928,-5.241],[-48.004,-5.235],[-48.079,-5.275],[-48.179,-5.261],[-48.321,-5.201],[-48.364,-5.168],[-48.533,-5.199],[-48.561,-5.23],[-48.569,-5.283],[-48.606,-5.337],[-48.679,-5.306],[-48.712,-5.353],[-48.755,-5.349],[-48.433,-5.098],[-48.435,-5.077],[-48.419,-5.086],[-48.4,-5.074],[-47.793,-4.586],[-47.68,-4.609],[-47.612,-4.557],[-47.503,-4.404],[-47.476,-4.356],[-47.475,-4.315],[-47.372,-4.246],[-47.379,-4.221],[-47.366,-4.181],[-47.34,-4.177],[-47.351,-4.115],[-47.319,-4.048],[-47.305,-4.059],[-47.202,-3.974],[-47.19,-3.984],[-47.173,-3.924],[-47.148,-3.914],[-47.149,-3.897],[-47.132,-3.9],[-47.133,-3.879],[-47.107,-3.881],[-47.085,-3.857],[-47.087,-3.825],[-47.056,-3.774],[-47.055,-3.685],[-47.037,-3.668],[-47.057,-3.655],[-47.027,-3.599],[-47.041,-3.591],[-47.027,-3.581],[-47.039,-3.562],[-47.018,-3.566],[-47.004,-3.534],[-46.976,-3.53],[-46.982,-3.495],[-46.96,-3.495],[-46.969,-3.474],[-46.948,-3.477],[-46.956,-3.461],[-46.942,-3.447],[-46.956,-3.426],[-46.94,-3.421],[-46.944,-3.377],[-46.906,-3.368],[-46.89,-3.335],[-46.874,-3.346],[-46.868,-3.327],[-46.859,-3.343],[-46.849,-3.318],[-46.814,-3.31],[-46.827,-3.298],[-46.811,-3.29],[-46.82,-3.274],[-46.802,-3.266],[-46.806,-3.244],[-46.786,-3.247],[-46.779,-3.217],[-46.755,-3.216],[-46.773,-3.179],[-46.752,-3.189],[-46.75,-3.166],[-46.72,-3.153],[-46.748,-3.122],[-46.719,-3.109],[-46.708,-3.127],[-46.707,-3.101],[-46.677,-3.094],[-46.677,-3.034],[-46.659,-3.011],[-46.674,-3.0],[-46.65,-2.996],[-46.663,-2.975],[-46.647,-2.97],[-46.673,-2.945],[-46.654,-2.931],[-46.681,-2.883],[-46.639,-2.884],[-46.64,-2.851],[-46.611,-2.855],[-46.615,-2.829],[-46.576,-2.842],[-46.596,-2.826],[-46.603,-2.789],[-46.625,-2.807],[-46.635,-2.796],[-46.636,-2.755],[-46.652,-2.757],[-46.654,-2.729],[-46.675,-2.732],[-46.671,-2.706],[-46.651,-2.68],[-46.634,-2.685],[-46.622,-2.645],[-46.606,-2.639],[-46.593,-2.665],[-46.579,-2.632],[-46.507,-2.617],[-46.509,-2.591],[-46.487,-2.575],[-46.501,-2.556],[-46.491,-2.538],[-46.474,-2.547],[-46.419,-2.532],[-46.437,-2.515],[-46.442,-2.419],[-46.409,-2.371],[-46.432,-2.364],[-46.456,-2.387],[-46.467,-2.376],[-46.432,-2.335],[-46.416,-2.269],[-46.432,-2.237],[-46.411,-2.229],[-46.382,-2.249],[-46.283,-2.154],[-46.301,-2.142],[-46.272,-2.118],[-46.275,-2.058],[-46.26,-2.046],[-46.223,-1.91],[-46.245,-1.882],[-46.211,-1.836],[-46.227,-1.806],[-46.254,-1.796],[-46.312,-1.806],[-46.322,-1.759],[-46.308,-1.731],[-46.248,-1.721],[-46.221,-1.731],[-46.157,-1.68],[-46.164,-1.627],[-46.134,-1.579],[-46.144,-1.518],[-46.176,-1.475],[-46.14,-1.444],[-46.154,-1.423],[-46.104,-1.337],[-46.129,-1.334],[-46.129,-1.312],[-46.159,-1.288],[-46.14,-1.248],[-46.149,-1.226],[-46.077,-1.196],[-46.056,-1.132],[-46.039,-1.173],[-46.046,-1.121],[-45.996,-1.054],[-45.976,-1.05]]],[[[-44.661,-2.98],[-44.667,-2.972],[-44.662,-2.957],[-44.661,-2.98]]],[[[-44.629,-2.943],[-44.628,-2.933],[-44.621,-2.926],[-44.629,-2.943]]],[[[-44.662,-2.945],[-44.664,-2.928],[-44.641,-2.915],[-44.662,-2.945]]],[[[-44.591,-2.878],[-44.588,-2.867],[-44.588,-2.874],[-44.591,-2.878]]],[[[-44.412,-2.798],[-44.414,-2.797],[-44.413,-2.796],[-44.412,-2.798]],[[-44.096,-2.751],[-44.095,-2.75],[-44.095,-2.75],[-44.096,-2.751]]],[[[-44.092,-2.747],[-44.093,-2.748],[-44.094,-2.747],[-44.092,-2.747]]],[[[-44.482,-2.727],[-44.479,-2.958],[-44.583,-3.032],[-44.641,-2.97],[-44.614,-2.951],[-44.59,-2.895],[-44.586,-2.815],[-44.532,-2.749],[-44.482,-2.727]]],[[[-44.373,-2.579],[-44.375,-2.578],[-44.374,-2.577],[-44.373,-2.579]]],[[[-44.365,-2.545],[-44.366,-2.543],[-44.364,-2.544],[-44.365,-2.545]]],[[[-44.365,-2.54],[-44.367,-2.539],[-44.366,-2.539],[-44.365,-2.54]],[[-44.36,-2.523],[-44.36,-2.524],[-44.36,-2.523],[-44.36,-2.523]]],[[[-44.362,-2.525],[-44.37,-2.528],[-44.373,-2.522],[-44.362,-2.525]]],[[[-43.68,-2.508],[-43.681,-2.507],[-43.68,-2.505],[-43.68,-2.508]]],[[[-43.71,-2.485],[-43.711,-2.483],[-43.71,-2.482],[-43.71,-2.485]]],[[[-43.465,-2.485],[-43.474,-2.474],[-43.471,-2.47],[-43.465,-2.485]]],[[[-43.854,-2.473],[-43.854,-2.469],[-43.852,-2.469],[-43.854,-2.473]]],[[[-43.851,-2.465],[-43.852,-2.468],[-43.851,-2.464],[-43.851,-2.465]]],[[[-43.855,-2.448],[-43.855,-2.45],[-43.857,-2.45],[-43.855,-2.448]]],[[[-43.851,-2.423],[-43.852,-2.438],[-43.87,-2.446],[-43.851,-2.423]]],[[[-43.788,-2.416],[-43.789,-2.416],[-43.789,-2.415],[-43.788,-2.416]]],[[[-44.423,-2.416],[-44.424,-2.428],[-44.428,-2.42],[-44.423,-2.416]]],[[[-43.506,-2.404],[-43.537,-2.406],[-43.527,-2.371],[-43.507,-2.384],[-43.506,-2.404]]],[[[-43.754,-2.377],[-43.789,-2.414],[-43.787,-2.377],[-43.754,-2.377]]],[[[-43.542,-2.361],[-43.562,-2.424],[-43.601,-2.413],[-43.607,-2.372],[-43.542,-2.361]]],[[[-44.477,-2.079],[-44.484,-2.077],[-44.466,-2.069],[-44.477,-2.079]]],[[[-44.538,-2.021],[-44.535,-2.022],[-44.541,-2.021],[-44.538,-2.021]]],[[[-44.732,-1.686],[-44.742,-1.699],[-44.758,-1.689],[-44.732,-1.686]]],[[[-44.749,-1.68],[-44.747,-1.677],[-44.745,-1.678],[-44.749,-1.68]]],[[[-44.726,-1.667],[-44.742,-1.667],[-44.729,-1.659],[-44.726,-1.667]]],[[[-44.78,-1.574],[-44.781,-1.576],[-44.785,-1.576],[-44.78,-1.574]]],[[[-44.828,-1.567],[-44.839,-1.557],[-44.827,-1.559],[-44.828,-1.567]]],[[[-44.732,-1.544],[-44.763,-1.58],[-44.753,-1.537],[-44.732,-1.544]]],[[[-44.895,-1.529],[-44.896,-1.533],[-44.898,-1.531],[-44.895,-1.529]]],[[[-44.864,-1.492],[-44.872,-1.491],[-44.868,-1.49],[-44.864,-1.492]]],[[[-44.87,-1.487],[-44.87,-1.489],[-44.871,-1.489],[-44.87,-1.487]]],[[[-44.797,-1.533],[-44.809,-1.561],[-44.837,-1.543],[-44.781,-1.479],[-44.797,-1.533]]],[[[-45.142,-1.471],[-45.142,-1.478],[-45.143,-1.475],[-45.142,-1.471]]],[[[-44.752,-1.468],[-44.747,-1.514],[-44.793,-1.526],[-44.772,-1.486],[-44.793,-1.469],[-44.766,-1.458],[-44.752,-1.468]]],[[[-45.096,-1.45],[-45.099,-1.448],[-45.099,-1.445],[-45.096,-1.45]]],[[[-45.072,-1.444],[-45.075,-1.46],[-45.079,-1.428],[-45.072,-1.444]]],[[[-45.089,-1.444],[-45.097,-1.435],[-45.088,-1.422],[-45.089,-1.444]]],[[[-45.109,-1.469],[-45.134,-1.464],[-45.111,-1.422],[-45.109,-1.469]]],[[[-45.411,-1.418],[-45.42,-1.408],[-45.409,-1.399],[-45.411,-1.418]],[[-45.092,-1.409],[-45.101,-1.433],[-45.072,-1.373],[-45.092,-1.409]]],[[[-45.044,-1.398],[-45.048,-1.366],[-45.039,-1.388],[-45.044,-1.398]]],[[[-45.097,-1.386],[-45.111,-1.413],[-45.127,-1.385],[-45.115,-1.363],[-45.097,-1.386]]],[[[-45.499,-1.362],[-45.501,-1.353],[-45.496,-1.346],[-45.499,-1.362]]],[[[-45.491,-1.348],[-45.491,-1.343],[-45.487,-1.34],[-45.491,-1.348]]],[[[-44.966,-1.271],[-44.885,-1.281],[-44.867,-1.329],[-45.005,-1.401],[-45.021,-1.384],[-45.014,-1.349],[-45.034,-1.338],[-45.031,-1.321],[-44.982,-1.321],[-45.002,-1.292],[-44.987,-1.266],[-44.966,-1.271]]],[[[-45.57,-1.261],[-45.575,-1.274],[-45.576,-1.262],[-45.57,-1.261]]],[[[-45.65,-1.234],[-45.652,-1.235],[-45.65,-1.229],[-45.65,-1.234]]],[[[-45.536,-1.228],[-45.596,-1.242],[-45.573,-1.192],[-45.539,-1.205],[-45.536,-1.228]]],[[[-45.769,-1.196],[-45.773,-1.194],[-45.772,-1.189],[-45.769,-1.196]]],[[[-45.691,-1.265],[-45.711,-1.228],[-45.688,-1.184],[-45.667,-1.23],[-45.691,-1.265]]],[[[-45.955,-1.192],[-45.956,-1.187],[-45.954,-1.183],[-45.955,-1.192]]],[[[-45.901,-1.162],[-45.904,-1.164],[-45.892,-1.15],[-45.901,-1.162]]],[[[-45.605,-1.16],[-45.61,-1.159],[-45.608,-1.15],[-45.605,-1.16]]],[[[-45.819,-1.155],[-45.828,-1.129],[-45.81,-1.124],[-45.805,-1.144],[-45.819,-1.155]]],[[[-46.015,-1.078],[-46.014,-1.072],[-46.009,-1.073],[-46.015,-1.078]]]]}},{"type":"Feature","properties":{"codigo_area_atuacao":"C.013.MT.1997","sigla":"EMT","num_municipios":141,"populacao_estimada_2018":3441781,"area_km2":903211.99338731,"tipo_outorga":"CONCESSIONÁRIA","uf":"MT","regiao":"CENTRO-OESTE","num_unidades_consumidoras":1557764,"cnpj":"03.467.321/0001-99","razao_social":"ENERGISA MATO GROSSO - DISTRIBUIDORA DE ENERGIA S.A.","ato_legal":"ECT 03/1997 de 11/12/1997","inicio_vigencia_epoch_ms":852087600000,"cnpj_digits":"03467321000199","subsystem_id":"SE/CO","subsystem_mapping_method":"GEOGRAPHIC_REGION_PROXY_MVP"},"geometry":{"type":"Polygon","coordinates":[[[-57.934,-7.657],[-57.897,-7.678],[-57.874,-7.801],[-57.835,-7.881],[-57.829,-7.973],[-57.777,-8.052],[-57.728,-8.094],[-57.715,-8.158],[-57.667,-8.176],[-57.643,-8.212],[-57.679,-8.315],[-57.669,-8.375],[-57.687,-8.416],[-57.651,-8.471],[-57.659,-8.5],[-57.634,-8.519],[-57.649,-8.576],[-57.622,-8.591],[-57.625,-8.639],[-57.597,-8.692],[-57.593,-8.756],[-57.53,-8.748],[-57.464,-8.785],[-57.428,-8.783],[-57.414,-8.813],[-57.42,-8.853],[-57.384,-8.88],[-57.318,-8.886],[-57.3,-8.914],[-57.24,-8.906],[-57.195,-8.928],[-57.138,-8.995],[-57.095,-9.017],[-57.039,-9.098],[-57.06,-9.137],[-57.057,-9.186],[-56.996,-9.234],[-56.952,-9.223],[-56.82,-9.246],[-56.779,-9.317],[-56.772,-9.391],[-56.757,-9.406],[-56.711,-9.374],[-56.672,-9.367],[-53.0,-9.655],[-50.225,-9.841],[-50.264,-9.908],[-50.303,-10.035],[-50.355,-10.077],[-50.392,-10.134],[-50.399,-10.164],[-50.382,-10.219],[-50.423,-10.327],[-50.418,-10.356],[-50.474,-10.405],[-50.483,-10.49],[-50.516,-10.504],[-50.535,-10.602],[-50.563,-10.611],[-50.603,-10.658],[-50.571,-10.753],[-50.622,-10.839],[-50.599,-10.884],[-50.633,-10.936],[-50.609,-11.067],[-50.661,-11.135],[-50.659,-11.255],[-50.697,-11.305],[-50.739,-11.435],[-50.739,-11.545],[-50.716,-11.579],[-50.657,-11.593],[-50.664,-11.678],[-50.722,-11.74],[-50.686,-11.859],[-50.639,-11.885],[-50.668,-11.928],[-50.657,-11.967],[-50.684,-11.996],[-50.687,-12.045],[-50.667,-12.081],[-50.687,-12.202],[-50.679,-12.219],[-50.644,-12.223],[-50.65,-12.249],[-50.629,-12.277],[-50.649,-12.299],[-50.645,-12.346],[-50.627,-12.384],[-50.633,-12.417],[-50.618,-12.429],[-50.624,-12.455],[-50.653,-12.46],[-50.646,-12.482],[-50.686,-12.569],[-50.668,-12.596],[-50.702,-12.597],[-50.701,-12.643],[-50.647,-12.651],[-50.655,-12.679],[-50.623,-12.735],[-50.636,-12.772],[-50.612,-12.776],[-50.623,-12.82],[-50.582,-12.799],[-50.601,-12.824],[-50.567,-12.843],[-50.519,-12.837],[-50.499,-12.877],[-50.526,-12.934],[-50.526,-12.976],[-50.591,-13.0],[-50.569,-13.042],[-50.61,-13.06],[-50.592,-13.108],[-50.606,-13.188],[-50.584,-13.218],[-50.609,-13.318],[-50.665,-13.376],[-50.664,-13.435],[-50.759,-13.52],[-50.768,-13.596],[-50.806,-13.694],[-50.874,-13.734],[-50.854,-13.761],[-50.859,-13.829],[-50.841,-13.864],[-50.84,-13.924],[-50.866,-13.98],[-50.847,-14.0],[-50.856,-14.021],[-50.832,-14.086],[-50.852,-14.118],[-50.887,-14.132],[-50.904,-14.11],[-50.918,-14.116],[-50.914,-14.169],[-50.978,-14.297],[-50.966,-14.327],[-50.998,-14.416],[-50.963,-14.524],[-50.996,-14.575],[-50.993,-14.612],[-51.027,-14.659],[-51.029,-14.707],[-51.058,-14.752],[-51.045,-14.793],[-51.09,-14.84],[-51.086,-14.919],[-51.148,-14.946],[-51.157,-14.986],[-51.268,-15.044],[-51.295,-15.03],[-51.304,-14.984],[-51.329,-14.97],[-51.368,-15.01],[-51.427,-15.008],[-51.462,-15.048],[-51.531,-15.062],[-51.595,-15.155],[-51.651,-15.177],[-51.672,-15.248],[-51.646,-15.265],[-51.688,-15.312],[-51.67,-15.374],[-51.697,-15.409],[-51.691,-15.431],[-51.709,-15.459],[-51.699,-15.488],[-51.736,-15.51],[-51.726,-15.544],[-51.739,-15.559],[-51.756,-15.557],[-51.761,-15.53],[-51.777,-15.535],[-51.757,-15.633],[-51.883,-15.828],[-51.948,-15.81],[-51.955,-15.839],[-51.981,-15.843],[-52.015,-15.887],[-52.11,-15.883],[-52.131,-15.895],[-52.193,-15.881],[-52.253,-15.893],[-52.257,-15.931],[-52.29,-15.966],[-52.33,-16.072],[-52.499,-16.142],[-52.516,-16.134],[-52.549,-16.165],[-52.545,-16.223],[-52.57,-16.229],[-52.547,-16.261],[-52.578,-16.25],[-52.589,-16.269],[-52.625,-16.287],[-52.658,-16.28],[-52.683,-16.302],[-52.687,-16.399],[-52.644,-16.412],[-52.621,-16.465],[-52.605,-16.463],[-52.613,-16.502],[-52.637,-16.503],[-52.626,-16.523],[-52.636,-16.552],[-52.649,-16.547],[-52.651,-16.562],[-52.668,-16.551],[-52.66,-16.571],[-52.673,-16.57],[-52.674,-16.585],[-52.706,-16.572],[-52.705,-16.599],[-52.74,-16.59],[-52.741,-16.611],[-52.715,-16.639],[-52.724,-16.647],[-52.746,-16.631],[-52.74,-16.657],[-52.771,-16.669],[-52.755,-16.672],[-52.76,-16.704],[-52.786,-16.714],[-52.787,-16.743],[-52.808,-16.742],[-52.832,-16.772],[-52.884,-16.776],[-52.923,-16.818],[-52.933,-16.803],[-52.945,-16.813],[-52.927,-16.841],[-52.953,-16.841],[-52.945,-16.855],[-52.957,-16.85],[-52.963,-16.867],[-53.014,-16.862],[-53.019,-16.9],[-53.039,-16.913],[-53.035,-16.942],[-53.056,-16.964],[-53.054,-17.019],[-53.071,-17.05],[-53.06,-17.047],[-53.055,-17.071],[-53.118,-17.113],[-53.128,-17.155],[-53.157,-17.171],[-53.165,-17.221],[-53.219,-17.298],[-53.197,-17.38],[-53.233,-17.441],[-53.223,-17.459],[-53.245,-17.526],[-53.244,-17.69],[-53.235,-17.714],[-53.197,-17.729],[-53.16,-17.773],[-53.132,-17.836],[-53.127,-17.915],[-53.088,-17.944],[-53.065,-17.985],[-53.072,-18.034],[-53.177,-18.042],[-53.242,-18.005],[-53.299,-17.995],[-53.381,-18.009],[-53.439,-17.984],[-53.468,-18.035],[-53.486,-18.04],[-53.557,-18.006],[-53.59,-18.013],[-53.616,-17.976],[-53.661,-17.978],[-53.692,-18.014],[-53.734,-17.995],[-53.774,-18.001],[-53.86,-17.921],[-53.899,-17.909],[-53.949,-17.923],[-53.954,-17.869],[-53.856,-17.703],[-53.8,-17.671],[-53.705,-17.664],[-53.68,-17.254],[-53.705,-17.228],[-53.759,-17.243],[-53.786,-17.288],[-53.82,-17.295],[-53.831,-17.355],[-53.878,-17.375],[-53.952,-17.459],[-54.038,-17.486],[-54.058,-17.513],[-54.052,-17.563],[-54.085,-17.619],[-54.179,-17.603],[-54.275,-17.654],[-54.336,-17.662],[-54.387,-17.635],[-54.374,-17.609],[-54.383,-17.572],[-54.421,-17.536],[-54.467,-17.529],[-54.481,-17.488],[-54.536,-17.478],[-54.554,-17.489],[-54.582,-17.468],[-54.617,-17.49],[-54.685,-17.507],[-54.7,-17.497],[-54.719,-17.518],[-54.747,-17.52],[-54.759,-17.566],[-54.861,-17.624],[-54.943,-17.609],[-54.992,-17.638],[-55.011,-17.629],[-55.064,-17.642],[-55.109,-17.629],[-55.127,-17.653],[-55.171,-17.641],[-55.184,-17.62],[-55.221,-17.617],[-55.294,-17.542],[-55.351,-17.549],[-55.377,-17.515],[-55.382,-17.525],[-55.444,-17.512],[-55.473,-17.481],[-55.524,-17.481],[-55.575,-17.419],[-55.587,-17.422],[-55.586,-17.374],[-55.626,-17.364],[-55.64,-17.34],[-55.645,-17.359],[-55.657,-17.338],[-55.668,-17.351],[-55.693,-17.34],[-55.701,-17.354],[-55.709,-17.338],[-55.722,-17.349],[-55.761,-17.324],[-55.788,-17.329],[-55.804,-17.299],[-55.828,-17.307],[-55.827,-17.288],[-55.842,-17.301],[-55.875,-17.269],[-55.887,-17.285],[-55.902,-17.273],[-55.887,-17.264],[-55.926,-17.258],[-55.941,-17.278],[-55.952,-17.25],[-55.981,-17.247],[-55.987,-17.258],[-55.989,-17.242],[-56.011,-17.239],[-56.009,-17.214],[-56.021,-17.214],[-56.006,-17.204],[-56.044,-17.171],[-56.051,-17.187],[-56.062,-17.171],[-56.114,-17.167],[-56.14,-17.191],[-56.185,-17.189],[-56.189,-17.21],[-56.213,-17.211],[-56.209,-17.227],[-56.251,-17.219],[-56.257,-17.244],[-56.285,-17.247],[-56.298,-17.277],[-56.314,-17.269],[-56.336,-17.29],[-56.357,-17.267],[-56.442,-17.331],[-56.452,-17.31],[-56.502,-17.286],[-56.527,-17.321],[-56.571,-17.315],[-56.596,-17.333],[-56.625,-17.322],[-56.63,-17.334],[-56.647,-17.317],[-56.645,-17.339],[-56.657,-17.321],[-56.664,-17.339],[-56.683,-17.317],[-56.696,-17.327],[-56.734,-17.31],[-56.769,-17.341],[-56.763,-17.361],[-56.787,-17.371],[-56.788,-17.39],[-56.83,-17.391],[-56.842,-17.418],[-56.82,-17.432],[-56.841,-17.442],[-56.825,-17.459],[-56.862,-17.484],[-56.876,-17.533],[-56.91,-17.533],[-56.982,-17.58],[-56.981,-17.611],[-56.959,-17.613],[-57.033,-17.695],[-57.045,-17.73],[-57.074,-17.735],[-57.116,-17.781],[-57.147,-17.768],[-57.252,-17.793],[-57.233,-17.812],[-57.283,-17.823],[-57.308,-17.811],[-57.353,-17.838],[-57.376,-17.826],[-57.447,-17.875],[-57.454,-17.903],[-57.478,-17.859],[-57.519,-17.862],[-57.576,-17.801],[-57.606,-17.802],[-57.613,-17.779],[-57.601,-17.775],[-57.64,-17.717],[-57.664,-17.73],[-57.685,-17.716],[-57.669,-17.672],[-57.725,-17.531],[-57.752,-17.564],[-57.883,-17.45],[-57.993,-17.515],[-58.043,-17.493],[-58.06,-17.451],[-58.089,-17.461],[-58.118,-17.45],[-58.123,-17.415],[-58.145,-17.414],[-58.152,-17.385],[-58.185,-17.391],[-58.202,-17.357],[-58.255,-17.353],[-58.276,-17.301],[-58.298,-17.299],[-58.303,-17.27],[-58.396,-17.184],[-58.386,-17.111],[-58.424,-17.113],[-58.436,-17.083],[-58.422,-17.053],[-58.434,-17.04],[-58.417,-17.035],[-58.435,-17.027],[-58.423,-16.989],[-58.46,-16.967],[-58.457,-16.94],[-58.474,-16.935],[-58.46,-16.9],[-58.462,-16.841],[-58.477,-16.819],[-58.459,-16.786],[-58.471,-16.703],[-58.436,-16.592],[-58.344,-16.518],[-58.334,-16.49],[-58.356,-16.426],[-58.344,-16.389],[-58.307,-16.37],[-58.303,-16.308],[-58.321,-16.265],[-58.366,-16.273],[-58.389,-16.261],[-58.394,-16.297],[-58.43,-16.321],[-60.172,-16.266],[-60.239,-15.474],[-60.565,-15.109],[-60.501,-15.096],[-60.244,-15.097],[-60.272,-14.62],[-60.321,-14.609],[-60.338,-14.512],[-60.407,-14.413],[-60.394,-14.367],[-60.409,-14.369],[-60.406,-14.356],[-60.453,-14.314],[-60.465,-14.264],[-60.449,-14.241],[-60.465,-14.234],[-60.472,-14.193],[-60.492,-14.188],[-60.475,-14.16],[-60.479,-14.095],[-60.441,-14.079],[-60.406,-14.03],[-60.403,-14.0],[-60.382,-13.987],[-60.415,-13.981],[-60.419,-13.938],[-60.451,-13.938],[-60.451,-13.883],[-60.476,-13.886],[-60.457,-13.854],[-60.493,-13.856],[-60.469,-13.833],[-60.49,-13.824],[-60.468,-13.821],[-60.479,-13.804],[-60.467,-13.796],[-60.529,-13.792],[-60.523,-13.769],[-60.55,-13.782],[-60.575,-13.747],[-60.604,-13.748],[-60.624,-13.72],[-60.656,-13.738],[-60.717,-13.685],[-60.686,-13.625],[-60.641,-13.597],[-60.632,-13.572],[-60.578,-13.565],[-60.511,-13.504],[-60.432,-13.488],[-60.384,-13.449],[-60.365,-13.3],[-60.326,-13.253],[-60.304,-13.178],[-60.269,-13.145],[-60.283,-13.081],[-60.215,-13.027],[-60.189,-12.971],[-60.117,-12.96],[-60.081,-12.889],[-60.059,-12.786],[-60.075,-12.733],[-60.056,-12.704],[-60.065,-12.671],[-60.003,-12.592],[-59.982,-12.592],[-59.973,-12.61],[-59.929,-12.58],[-59.896,-12.536],[-59.898,-12.502],[-59.844,-12.467],[-59.819,-12.379],[-59.774,-12.341],[-59.892,-12.245],[-59.911,-12.186],[-59.9,-12.117],[-59.979,-12.03],[-59.967,-12.007],[-59.98,-11.991],[-59.971,-11.97],[-59.987,-11.96],[-59.986,-11.912],[-60.012,-11.893],[-60.061,-11.895],[-60.109,-11.84],[-60.096,-11.8],[-60.108,-11.793],[-60.122,-11.712],[-60.114,-11.587],[-60.094,-11.586],[-60.091,-11.555],[-60.057,-11.542],[-60.031,-11.493],[-59.985,-11.469],[-59.976,-11.439],[-59.926,-11.415],[-59.917,-11.338],[-59.928,-11.31],[-59.959,-11.295],[-59.982,-11.234],[-59.981,-11.204],[-59.964,-11.189],[-59.998,-11.151],[-59.98,-11.14],[-59.984,-11.116],[-60.016,-11.116],[-60.026,-11.131],[-60.037,-11.117],[-60.067,-11.126],[-60.084,-11.097],[-60.096,-11.111],[-60.159,-11.096],[-60.203,-11.113],[-60.239,-11.095],[-60.271,-11.099],[-60.282,-11.064],[-60.301,-11.057],[-60.335,-11.083],[-60.348,-11.074],[-60.348,-11.109],[-60.392,-11.094],[-60.414,-11.067],[-60.414,-11.043],[-60.447,-11.042],[-60.438,-11.017],[-60.46,-10.99],[-61.55,-10.986],[-61.53,-10.979],[-61.52,-10.95],[-61.527,-10.885],[-61.511,-10.794],[-61.498,-10.782],[-61.474,-10.798],[-61.488,-10.736],[-61.472,-10.715],[-61.499,-10.699],[-61.482,-10.669],[-61.49,-10.63],[-61.466,-10.541],[-61.481,-10.488],[-61.462,-10.42],[-61.497,-10.39],[-61.516,-10.334],[-61.553,-10.308],[-61.544,-10.301],[-61.578,-10.235],[-61.573,-10.207],[-61.552,-10.198],[-61.561,-10.173],[-61.602,-10.154],[-61.584,-10.06],[-61.556,-10.039],[-61.531,-9.99],[-61.539,-9.964],[-61.508,-9.889],[-61.516,-9.828],[-61.532,-9.82],[-61.525,-9.796],[-61.547,-9.788],[-61.532,-9.74],[-61.575,-9.718],[-61.505,-9.691],[-61.507,-9.662],[-61.477,-9.629],[-61.503,-9.615],[-61.495,-9.579],[-61.513,-9.529],[-61.55,-9.515],[-61.526,-9.502],[-61.579,-9.472],[-61.551,-9.418],[-61.553,-9.387],[-61.612,-9.356],[-61.626,-9.363],[-61.612,-9.281],[-61.633,-9.271],[-61.577,-9.238],[-61.526,-9.246],[-61.52,-9.195],[-61.555,-9.131],[-61.556,-9.092],[-61.511,-8.976],[-61.469,-8.917],[-61.512,-8.864],[-61.524,-8.819],[-61.583,-8.799],[-58.416,-8.793],[-58.326,-8.72],[-58.351,-8.702],[-58.412,-8.721],[-58.437,-8.703],[-58.39,-8.595],[-58.41,-8.57],[-58.418,-8.49],[-58.355,-8.393],[-58.35,-8.346],[-58.315,-8.323],[-58.328,-8.286],[-58.313,-8.209],[-58.322,-8.17],[-58.287,-8.129],[-58.288,-8.08],[-58.322,-8.025],[-58.332,-7.969],[-58.373,-7.907],[-58.385,-7.844],[-58.294,-7.772],[-58.281,-7.706],[-58.202,-7.621],[-58.223,-7.524],[-58.213,-7.459],[-58.138,-7.349],[-58.061,-7.395],[-57.973,-7.535],[-57.934,-7.657]]]}},{"type":"Feature","properties":{"codigo_area_atuacao":"C.007.MG.1997","sigla":"CEMIG-D","num_municipios":780,"populacao_estimada_2018":19666410,"area_km2":567139.33209538,"tipo_outorga":"CONCESSIONÁRIA","uf":"MG","regiao":"SUDESTE","num_unidades_consumidoras":9835494,"cnpj":"06.981.180/0001-16","razao_social":"CEMIG DISTRIBUIÇÃO S.A","ato_legal":"ECT 05/1997, ECT 04/1997, ECT 03/1997, ECT 02/1997, todos de 10/07/1997","inicio_vigencia_epoch_ms":852087600000,"cnpj_digits":"06981180000116","subsystem_id":"SE/CO","subsystem_mapping_method":"GEOGRAPHIC_REGION_PROXY_MVP"},"geometry":{"type":"MultiPolygon","coordinates":[[[[-44.21,-14.245],[-44.17,-14.269],[-44.137,-14.264],[-44.136,-14.282],[-44.113,-14.259],[-44.088,-14.278],[-44.074,-14.271],[-44.073,-14.286],[-44.035,-14.289],[-43.987,-14.267],[-43.942,-14.305],[-43.892,-14.293],[-43.88,-14.312],[-43.82,-14.312],[-43.822,-14.323],[-43.784,-14.337],[-43.874,-14.521],[-43.887,-14.585],[-43.87,-14.613],[-43.884,-14.653],[-43.859,-14.674],[-43.723,-14.7],[-43.72,-14.73],[-43.687,-14.721],[-43.611,-14.761],[-43.581,-14.751],[-43.537,-14.784],[-43.531,-14.815],[-43.47,-14.787],[-43.481,-14.768],[-43.463,-14.766],[-43.435,-14.723],[-43.347,-14.696],[-43.311,-14.67],[-43.176,-14.651],[-43.104,-14.674],[-43.084,-14.698],[-43.066,-14.681],[-42.939,-14.708],[-42.927,-14.744],[-42.868,-14.767],[-42.82,-14.821],[-42.755,-14.846],[-42.723,-14.886],[-42.704,-14.883],[-42.626,-14.945],[-42.599,-14.924],[-42.476,-15.017],[-42.437,-15.023],[-42.441,-15.062],[-42.374,-15.071],[-42.355,-15.098],[-42.334,-15.079],[-42.265,-15.125],[-42.173,-15.086],[-42.092,-15.187],[-41.998,-15.159],[-41.933,-15.175],[-41.87,-15.115],[-41.803,-15.1],[-41.356,-15.5],[-41.331,-15.745],[-41.215,-15.737],[-41.143,-15.772],[-41.129,-15.747],[-41.078,-15.719],[-41.006,-15.714],[-40.962,-15.648],[-40.914,-15.661],[-40.903,-15.692],[-40.882,-15.694],[-40.842,-15.683],[-40.819,-15.646],[-40.78,-15.68],[-40.783,-15.701],[-40.768,-15.714],[-40.74,-15.704],[-40.741,-15.68],[-40.701,-15.667],[-40.645,-15.729],[-40.629,-15.716],[-40.607,-15.737],[-40.593,-15.772],[-40.567,-15.776],[-40.563,-15.803],[-40.518,-15.798],[-40.51,-15.768],[-40.481,-15.775],[-40.461,-15.753],[-40.425,-15.806],[-40.377,-15.824],[-40.231,-15.804],[-40.2,-15.863],[-40.166,-15.868],[-40.171,-15.908],[-40.141,-15.899],[-40.105,-15.912],[-40.085,-15.897],[-40.081,-15.924],[-40.066,-15.911],[-40.079,-15.941],[-40.066,-15.94],[-40.066,-15.96],[-40.004,-16.002],[-39.915,-16.0],[-39.936,-16.024],[-39.882,-16.068],[-39.857,-16.114],[-39.881,-16.144],[-39.897,-16.142],[-39.883,-16.195],[-39.937,-16.246],[-39.917,-16.284],[-39.952,-16.298],[-39.967,-16.327],[-39.991,-16.313],[-40.069,-16.461],[-40.097,-16.448],[-40.099,-16.421],[-40.117,-16.466],[-40.171,-16.524],[-40.158,-16.579],[-40.234,-16.558],[-40.283,-16.587],[-40.313,-16.675],[-40.31,-16.736],[-40.345,-16.787],[-40.258,-16.807],[-40.247,-16.846],[-40.282,-16.901],[-40.303,-16.892],[-40.332,-16.908],[-40.366,-16.874],[-40.416,-16.9],[-40.485,-16.879],[-40.516,-16.964],[-40.549,-16.991],[-40.571,-17.064],[-40.557,-17.097],[-40.578,-17.168],[-40.552,-17.199],[-40.572,-17.251],[-40.548,-17.284],[-40.609,-17.327],[-40.593,-17.345],[-40.606,-17.36],[-40.599,-17.39],[-40.623,-17.406],[-40.521,-17.445],[-40.483,-17.489],[-40.489,-17.52],[-40.46,-17.569],[-40.444,-17.579],[-40.411,-17.568],[-40.414,-17.61],[-40.397,-17.626],[-40.372,-17.612],[-40.355,-17.644],[-40.347,-17.612],[-40.28,-17.723],[-40.221,-17.737],[-40.218,-17.796],[-40.174,-17.852],[-40.213,-17.896],[-40.264,-17.922],[-40.222,-17.98],[-40.346,-17.924],[-40.464,-17.928],[-40.527,-17.892],[-40.585,-17.918],[-40.587,-17.939],[-40.613,-17.94],[-40.626,-17.991],[-40.704,-18.024],[-40.726,-18.001],[-40.772,-18.003],[-40.771,-17.981],[-40.795,-17.982],[-40.808,-17.952],[-40.837,-17.957],[-40.863,-17.988],[-40.883,-17.971],[-40.903,-17.988],[-40.773,-18.108],[-40.771,-18.156],[-40.845,-18.15],[-40.893,-18.108],[-40.932,-18.136],[-40.95,-18.129],[-40.955,-18.154],[-40.98,-18.141],[-40.989,-18.171],[-41.015,-18.158],[-41.034,-18.172],[-41.056,-18.167],[-41.104,-18.213],[-41.091,-18.23],[-41.097,-18.257],[-41.159,-18.308],[-41.146,-18.374],[-41.163,-18.391],[-41.144,-18.406],[-41.182,-18.439],[-41.021,-18.459],[-41.042,-18.605],[-41.032,-18.618],[-41.053,-18.631],[-40.988,-18.678],[-40.941,-18.689],[-40.94,-18.77],[-40.916,-18.813],[-40.964,-18.841],[-41.097,-18.842],[-41.134,-18.796],[-41.233,-18.797],[-41.244,-18.853],[-41.215,-18.878],[-41.208,-18.855],[-41.163,-18.86],[-41.118,-18.922],[-41.067,-18.942],[-41.061,-18.968],[-41.017,-18.975],[-41.067,-19.007],[-41.066,-19.051],[-41.054,-19.069],[-41.013,-19.076],[-41.009,-19.099],[-40.985,-19.101],[-40.956,-19.129],[-40.962,-19.144],[-40.944,-19.144],[-40.923,-19.204],[-40.939,-19.248],[-40.916,-19.259],[-40.944,-19.281],[-40.908,-19.309],[-40.938,-19.346],[-40.928,-19.382],[-40.968,-19.426],[-40.945,-19.461],[-40.972,-19.505],[-41.014,-19.506],[-41.047,-19.487],[-41.037,-19.57],[-41.091,-19.596],[-41.109,-19.639],[-41.168,-19.672],[-41.191,-19.746],[-41.164,-19.806],[-41.186,-19.828],[-41.176,-19.839],[-41.185,-19.89],[-41.228,-19.905],[-41.244,-19.937],[-41.303,-19.938],[-41.32,-19.98],[-41.309,-20.016],[-41.382,-20.189],[-41.411,-20.207],[-41.757,-20.207],[-41.734,-20.184],[-41.745,-20.132],[-41.727,-20.106],[-41.734,-20.078],[-41.747,-20.057],[-41.769,-20.067],[-41.79,-20.043],[-41.811,-20.042],[-41.803,-19.955],[-41.842,-19.941],[-41.831,-19.898],[-41.809,-19.894],[-41.819,-19.887],[-41.808,-19.875],[-41.822,-19.871],[-41.8,-19.833],[-41.827,-19.829],[-41.892,-19.887],[-41.974,-19.88],[-41.97,-19.938],[-42.015,-19.916],[-42.056,-19.951],[-42.076,-19.937],[-42.126,-20.019],[-42.163,-19.99],[-42.197,-20.003],[-42.21,-20.09],[-42.248,-20.084],[-42.309,-20.117],[-42.321,-20.233],[-42.364,-20.248],[-42.368,-20.281],[-42.391,-20.281],[-42.416,-20.345],[-42.394,-20.36],[-42.391,-20.388],[-42.365,-20.405],[-42.345,-20.395],[-42.319,-20.547],[-42.307,-20.536],[-42.288,-20.555],[-42.241,-20.478],[-42.214,-20.468],[-42.208,-20.431],[-42.135,-20.469],[-42.135,-20.494],[-42.092,-20.493],[-42.09,-20.507],[-42.069,-20.51],[-42.007,-20.484],[-41.984,-20.483],[-41.971,-20.506],[-41.932,-20.492],[-41.903,-20.435],[-41.873,-20.419],[-41.874,-20.398],[-41.803,-20.422],[-41.799,-20.477],[-41.826,-20.485],[-41.804,-20.543],[-41.828,-20.557],[-41.857,-20.616],[-41.817,-20.625],[-41.807,-20.644],[-41.863,-20.711],[-41.857,-20.748],[-41.877,-20.748],[-41.88,-20.781],[-41.929,-20.794],[-41.927,-20.839],[-41.954,-20.865],[-41.976,-20.936],[-42.023,-20.925],[-42.094,-20.936],[-42.16,-20.977],[-42.17,-20.896],[-42.187,-20.87],[-42.147,-20.848],[-42.108,-20.857],[-42.103,-20.801],[-42.172,-20.786],[-42.235,-20.838],[-42.305,-20.863],[-42.354,-20.821],[-42.345,-20.805],[-42.366,-20.769],[-42.393,-20.753],[-42.42,-20.77],[-42.434,-20.751],[-42.471,-20.75],[-42.481,-20.723],[-42.47,-20.69],[-42.449,-20.692],[-42.417,-20.667],[-42.406,-20.626],[-42.377,-20.598],[-42.415,-20.564],[-42.386,-20.509],[-42.409,-20.472],[-42.403,-20.45],[-42.456,-20.438],[-42.491,-20.407],[-42.527,-20.425],[-42.531,-20.45],[-42.506,-20.468],[-42.514,-20.519],[-42.487,-20.578],[-42.534,-20.58],[-42.542,-20.608],[-42.554,-20.596],[-42.629,-20.598],[-42.643,-20.575],[-42.633,-20.562],[-42.679,-20.531],[-42.726,-20.519],[-42.732,-20.545],[-42.758,-20.55],[-42.783,-20.532],[-42.791,-20.56],[-42.776,-20.575],[-42.808,-20.615],[-42.769,-20.617],[-42.765,-20.658],[-42.794,-20.7],[-42.754,-20.745],[-42.783,-20.761],[-42.826,-20.755],[-42.824,-20.801],[-42.845,-20.816],[-42.846,-20.839],[-42.921,-20.807],[-42.952,-20.814],[-42.957,-20.775],[-43.0,-20.755],[-43.027,-20.759],[-43.041,-20.799],[-43.152,-20.849],[-43.164,-20.893],[-43.151,-20.917],[-43.173,-20.925],[-43.172,-20.939],[-43.145,-20.978],[-43.112,-20.977],[-43.102,-20.956],[-43.094,-20.972],[-43.107,-20.996],[-43.083,-21.018],[-43.096,-21.053],[-43.082,-21.073],[-43.095,-21.108],[-43.137,-21.121],[-43.154,-21.068],[-43.24,-21.088],[-43.272,-21.058],[-43.294,-21.06],[-43.356,-21.095],[-43.362,-21.151],[-43.452,-21.175],[-43.435,-21.223],[-43.448,-21.226],[-43.445,-21.248],[-43.418,-21.264],[-43.377,-21.259],[-43.374,-21.284],[-43.324,-21.296],[-43.344,-21.316],[-43.353,-21.358],[-43.309,-21.392],[-43.301,-21.432],[-43.265,-21.434],[-43.257,-21.464],[-43.231,-21.453],[-43.208,-21.463],[-43.201,-21.484],[-43.235,-21.495],[-43.214,-21.508],[-43.166,-21.503],[-43.158,-21.528],[-43.106,-21.509],[-43.128,-21.589],[-43.171,-21.619],[-43.169,-21.663],[-43.14,-21.664],[-43.133,-21.695],[-43.082,-21.658],[-43.046,-21.696],[-43.029,-21.676],[-42.997,-21.673],[-42.981,-21.65],[-42.958,-21.67],[-42.927,-21.655],[-42.909,-21.688],[-42.868,-21.703],[-42.883,-21.728],[-42.85,-21.759],[-42.863,-21.796],[-42.894,-21.812],[-42.875,-21.856],[-42.899,-21.89],[-42.885,-21.901],[-42.908,-21.908],[-42.933,-21.97],[-42.913,-21.974],[-42.91,-21.991],[-43.039,-22.045],[-43.033,-22.066],[-43.066,-22.09],[-43.117,-22.085],[-43.136,-22.11],[-43.155,-22.078],[-43.129,-22.029],[-43.17,-22.022],[-43.203,-22.037],[-43.201,-22.026],[-43.222,-22.034],[-43.245,-22.007],[-43.302,-22.021],[-43.348,-22.002],[-43.448,-22.067],[-43.504,-22.075],[-43.512,-22.059],[-43.561,-22.088],[-43.586,-22.052],[-43.613,-22.082],[-43.646,-22.065],[-43.672,-22.09],[-43.691,-22.071],[-43.734,-22.097],[-43.766,-22.062],[-44.004,-22.163],[-44.027,-22.151],[-44.069,-22.163],[-44.087,-22.185],[-44.1,-22.173],[-44.123,-22.188],[-44.121,-22.209],[-44.235,-22.266],[-44.261,-22.268],[-44.264,-22.243],[-44.322,-22.261],[-44.362,-22.252],[-44.388,-22.273],[-44.414,-22.254],[-44.456,-22.257],[-44.46,-22.28],[-44.533,-22.331],[-44.61,-22.327],[-44.661,-22.381],[-44.726,-22.359],[-44.802,-22.392],[-44.833,-22.431],[-44.89,-22.432],[-44.899,-22.454],[-44.94,-22.453],[-44.966,-22.475],[-45.028,-22.463],[-45.097,-22.485],[-45.15,-22.507],[-45.178,-22.55],[-45.26,-22.582],[-45.274,-22.616],[-45.333,-22.618],[-45.398,-22.653],[-45.411,-22.652],[-45.413,-22.622],[-45.474,-22.589],[-45.489,-22.629],[-45.54,-22.653],[-45.584,-22.652],[-45.555,-22.626],[-45.577,-22.602],[-45.618,-22.638],[-45.666,-22.651],[-45.681,-22.636],[-45.661,-22.578],[-45.718,-22.578],[-45.737,-22.609],[-45.694,-22.652],[-45.743,-22.659],[-45.812,-22.699],[-45.82,-22.723],[-45.796,-22.739],[-45.728,-22.724],[-45.712,-22.772],[-45.73,-22.799],[-45.714,-22.815],[-45.755,-22.793],[-45.782,-22.855],[-45.81,-22.829],[-45.84,-22.833],[-45.864,-22.869],[-45.889,-22.876],[-45.909,-22.817],[-45.939,-22.846],[-45.962,-22.844],[-45.958,-22.795],[-45.972,-22.781],[-45.97,-22.752],[-45.921,-22.72],[-45.959,-22.691],[-45.932,-22.647],[-45.963,-22.603],[-45.941,-22.543],[-45.957,-22.526],[-45.924,-22.474],[-45.933,-22.457],[-45.919,-22.408],[-46.006,-22.408],[-46.018,-22.372],[-46.045,-22.363],[-46.067,-22.409],[-46.076,-22.391],[-46.097,-22.394],[-46.085,-22.448],[-46.135,-22.513],[-46.168,-22.52],[-46.195,-22.501],[-46.262,-22.518],[-46.283,-22.515],[-46.252,-22.438],[-46.261,-22.419],[-46.272,-22.424],[-46.278,-22.385],[-46.303,-22.412],[-46.378,-22.374],[-46.429,-22.407],[-46.419,-22.469],[-46.465,-22.523],[-46.542,-22.494],[-46.531,-22.471],[-46.55,-22.47],[-46.555,-22.447],[-46.573,-22.453],[-46.667,-22.415],[-46.661,-22.366],[-46.676,-22.369],[-46.723,-22.307],[-46.705,-22.296],[-46.71,-22.262],[-46.678,-22.224],[-46.674,-22.176],[-46.646,-22.181],[-46.64,-22.158],[-46.599,-22.135],[-46.647,-22.092],[-46.701,-22.095],[-46.723,-22.077],[-46.665,-22.069],[-46.681,-22.026],[-46.649,-22.009],[-46.614,-22.017],[-46.618,-21.989],[-46.592,-21.942],[-46.574,-21.925],[-46.524,-21.924],[-46.527,-21.875],[-46.484,-21.858],[-46.489,-21.827],[-46.466,-21.806],[-46.43,-21.802],[-46.399,-21.759],[-46.414,-21.729],[-46.462,-21.758],[-46.466,-21.729],[-46.45,-21.71],[-46.483,-21.712],[-46.485,-21.693],[-46.51,-21.703],[-46.527,-21.685],[-46.517,-21.673],[-46.526,-21.645],[-46.555,-21.653],[-46.518,-21.613],[-46.522,-21.585],[-46.5,-21.555],[-46.523,-21.53],[-46.509,-21.489],[-46.521,-21.447],[-46.577,-21.427],[-46.615,-21.441],[-46.649,-21.392],[-46.647,-21.364],[-46.666,-21.361],[-46.706,-21.405],[-46.759,-21.379],[-46.765,-21.36],[-46.792,-21.374],[-46.832,-21.367],[-46.842,-21.389],[-46.885,-21.407],[-46.894,-21.383],[-46.883,-21.374],[-46.899,-21.366],[-46.873,-21.332],[-46.884,-21.336],[-46.892,-21.305],[-46.862,-21.287],[-46.864,-21.253],[-46.839,-21.199],[-46.804,-21.152],[-46.785,-21.152],[-46.792,-21.102],[-46.811,-21.084],[-46.859,-21.077],[-46.863,-21.053],[-46.905,-21.073],[-46.926,-21.067],[-46.957,-21.053],[-46.964,-21.033],[-47.019,-21.014],[-47.025,-20.997],[-47.148,-21.035],[-47.148,-20.972],[-47.225,-20.912],[-47.24,-20.885],[-47.214,-20.827],[-47.225,-20.8],[-47.189,-20.771],[-47.169,-20.703],[-47.113,-20.705],[-47.097,-20.645],[-47.113,-20.638],[-47.151,-20.522],[-47.212,-20.502],[-47.293,-20.448],[-47.298,-20.348],[-47.231,-20.219],[-47.257,-20.166],[-47.439,-20.051],[-47.444,-20.028],[-47.424,-20.015],[-47.468,-19.961],[-47.584,-19.997],[-47.6,-20.032],[-47.635,-20.049],[-47.708,-19.979],[-47.856,-19.991],[-47.876,-20.021],[-47.859,-20.052],[-47.895,-20.125],[-47.934,-20.108],[-47.948,-20.056],[-47.976,-20.035],[-48.02,-20.124],[-48.105,-20.146],[-48.179,-20.096],[-48.208,-20.039],[-48.235,-20.028],[-48.253,-20.078],[-48.218,-20.125],[-48.255,-20.144],[-48.317,-20.113],[-48.406,-20.114],[-48.491,-20.138],[-48.578,-20.131],[-48.642,-20.166],[-48.731,-20.149],[-48.826,-20.162],[-48.855,-20.18],[-48.857,-20.227],[-48.887,-20.271],[-48.867,-20.402],[-48.895,-20.442],[-48.97,-20.39],[-48.962,-20.263],[-48.992,-20.165],[-49.065,-20.153],[-49.13,-20.281],[-49.173,-20.313],[-49.225,-20.305],[-49.299,-20.167],[-49.309,-20.104],[-49.297,-20.018],[-49.248,-20.0],[-49.25,-19.97],[-49.294,-19.96],[-49.356,-19.987],[-49.445,-19.981],[-49.493,-19.95],[-49.503,-19.92],[-49.54,-19.907],[-49.634,-19.932],[-49.782,-19.924],[-49.888,-19.945],[-49.962,-19.92],[-50.019,-19.925],[-50.097,-19.875],[-50.346,-19.868],[-50.417,-19.801],[-50.472,-19.78],[-50.578,-19.816],[-50.661,-19.909],[-50.784,-19.937],[-50.873,-19.99],[-50.908,-19.994],[-50.969,-20.036],[-51.0,-20.085],[-51.018,-20.048],[-51.005,-19.999],[-51.021,-19.964],[-50.999,-19.906],[-51.04,-19.782],[-51.028,-19.757],[-51.046,-19.729],[-50.988,-19.59],[-50.924,-19.581],[-50.963,-19.484],[-50.935,-19.467],[-50.849,-19.498],[-50.83,-19.492],[-50.826,-19.471],[-50.876,-19.415],[-50.823,-19.295],[-50.748,-19.239],[-50.738,-19.189],[-50.678,-19.173],[-50.678,-19.138],[-50.585,-19.137],[-50.539,-19.102],[-50.496,-19.019],[-50.511,-18.939],[-50.443,-18.894],[-50.423,-18.833],[-50.376,-18.811],[-50.306,-18.695],[-50.164,-18.664],[-50.08,-18.672],[-50.02,-18.599],[-49.932,-18.624],[-49.88,-18.61],[-49.836,-18.637],[-49.785,-18.642],[-49.769,-18.611],[-49.733,-18.616],[-49.682,-18.589],[-49.64,-18.6],[-49.652,-18.561],[-49.552,-18.544],[-49.534,-18.493],[-49.492,-18.496],[-49.482,-18.561],[-49.413,-18.642],[-49.384,-18.645],[-49.329,-18.564],[-49.294,-18.565],[-49.287,-18.539],[-49.249,-18.524],[-49.228,-18.48],[-49.194,-18.452],[-49.21,-18.415],[-49.161,-18.417],[-49.126,-18.383],[-49.077,-18.417],[-49.036,-18.372],[-48.996,-18.371],[-48.984,-18.341],[-48.933,-18.305],[-48.837,-18.341],[-48.816,-18.38],[-48.758,-18.345],[-48.698,-18.35],[-48.647,-18.344],[-48.634,-18.328],[-48.561,-18.324],[-48.555,-18.347],[-48.516,-18.366],[-48.485,-18.354],[-48.481,-18.38],[-48.446,-18.355],[-48.41,-18.355],[-48.404,-18.371],[-48.35,-18.366],[-48.308,-18.385],[-48.315,-18.364],[-48.262,-18.332],[-48.221,-18.362],[-48.161,-18.372],[-48.148,-18.408],[-48.109,-18.429],[-48.078,-18.431],[-48.056,-18.413],[-48.009,-18.454],[-47.981,-18.443],[-47.979,-18.476],[-47.955,-18.5],[-47.914,-18.467],[-47.868,-18.474],[-47.858,-18.439],[-47.832,-18.45],[-47.831,-18.414],[-47.811,-18.4],[-47.779,-18.424],[-47.748,-18.412],[-47.757,-18.397],[-47.733,-18.376],[-47.741,-18.364],[-47.717,-18.362],[-47.704,-18.38],[-47.658,-18.328],[-47.648,-18.341],[-47.626,-18.334],[-47.611,-18.313],[-47.639,-18.288],[-47.568,-18.204],[-47.536,-18.195],[-47.534,-18.231],[-47.516,-18.196],[-47.485,-18.194],[-47.451,-18.159],[-47.43,-18.166],[-47.429,-18.139],[-47.397,-18.142],[-47.407,-18.132],[-47.356,-18.105],[-47.358,-18.085],[-47.283,-18.058],[-47.297,-18.009],[-47.319,-17.996],[-47.314,-17.963],[-47.341,-17.937],[-47.373,-17.83],[-47.352,-17.815],[-47.354,-17.788],[-47.333,-17.767],[-47.343,-17.744],[-47.318,-17.727],[-47.314,-17.699],[-47.27,-17.675],[-47.281,-17.653],[-47.266,-17.61],[-47.33,-17.525],[-47.399,-17.512],[-47.457,-17.538],[-47.478,-17.511],[-47.498,-17.525],[-47.514,-17.461],[-47.541,-17.454],[-47.521,-17.424],[-47.539,-17.389],[-47.515,-17.376],[-47.511,-17.326],[-47.488,-17.35],[-47.441,-17.348],[-47.455,-17.33],[-47.423,-17.323],[-47.419,-17.295],[-47.434,-17.276],[-47.408,-17.246],[-47.384,-17.248],[-47.376,-17.217],[-47.363,-17.223],[-47.35,-17.202],[-47.363,-17.186],[-47.34,-17.187],[-47.352,-17.166],[-47.283,-17.144],[-47.282,-17.115],[-47.248,-17.099],[-47.248,-17.082],[-47.23,-17.09],[-47.18,-17.063],[-47.184,-17.036],[-47.167,-17.047],[-47.162,-17.029],[-47.147,-17.031],[-47.131,-17.008],[-47.151,-16.997],[-47.126,-16.98],[-47.167,-16.953],[-47.157,-16.941],[-47.174,-16.932],[-47.16,-16.921],[-47.181,-16.902],[-47.198,-16.91],[-47.193,-16.883],[-47.209,-16.865],[-47.194,-16.825],[-47.212,-16.829],[-47.22,-16.808],[-47.217,-16.78],[-47.236,-16.755],[-47.222,-16.726],[-47.251,-16.705],[-47.25,-16.667],[-47.277,-16.66],[-47.287,-16.634],[-47.321,-16.619],[-47.319,-16.604],[-47.335,-16.617],[-47.343,-16.592],[-47.377,-16.601],[-47.377,-16.58],[-47.387,-16.589],[-47.413,-16.576],[-47.405,-16.556],[-47.444,-16.542],[-47.46,-16.502],[-47.454,-16.466],[-47.43,-16.443],[-47.427,-16.394],[-47.366,-16.331],[-47.328,-16.249],[-47.322,-16.209],[-47.336,-16.202],[-47.332,-16.172],[-47.353,-16.133],[-47.338,-16.128],[-47.333,-16.086],[-47.311,-16.088],[-47.301,-16.017],[-47.277,-16.006],[-47.22,-16.014],[-47.142,-15.927],[-47.135,-15.95],[-47.085,-15.961],[-47.053,-15.938],[-46.807,-15.879],[-46.827,-15.73],[-46.856,-15.683],[-46.855,-15.618],[-46.918,-15.59],[-46.949,-15.558],[-46.929,-15.44],[-46.912,-15.412],[-46.849,-15.373],[-46.869,-15.361],[-46.836,-15.325],[-46.889,-15.282],[-46.891,-15.235],[-46.928,-15.255],[-46.941,-15.231],[-46.888,-15.116],[-46.926,-15.074],[-46.921,-15.051],[-46.844,-15.009],[-46.726,-15.038],[-46.628,-15.089],[-46.504,-15.053],[-46.531,-15.005],[-46.517,-14.973],[-46.547,-14.925],[-46.522,-14.851],[-46.534,-14.828],[-46.56,-14.821],[-46.566,-14.788],[-46.544,-14.753],[-46.51,-14.738],[-46.503,-14.704],[-46.475,-14.705],[-46.463,-14.731],[-46.322,-14.815],[-46.325,-14.848],[-46.3,-14.858],[-46.319,-14.9],[-46.287,-14.928],[-46.234,-14.922],[-46.224,-14.942],[-46.176,-14.949],[-46.163,-14.906],[-46.146,-14.927],[-46.12,-14.92],[-46.098,-14.939],[-46.049,-14.878],[-46.004,-14.902],[-46.007,-14.926],[-45.966,-14.966],[-45.975,-15.039],[-46.044,-15.118],[-46.054,-15.172],[-46.121,-15.195],[-46.095,-15.246],[-46.058,-15.263],[-46.03,-15.202],[-45.985,-15.196],[-45.956,-15.141],[-45.919,-15.133],[-45.871,-15.159],[-45.818,-15.114],[-45.73,-15.117],[-45.717,-15.094],[-45.675,-15.081],[-45.657,-15.027],[-45.616,-15.014],[-45.567,-14.945],[-45.456,-14.954],[-45.434,-14.922],[-45.4,-14.918],[-45.364,-14.872],[-45.316,-14.851],[-45.316,-14.831],[-45.286,-14.832],[-45.271,-14.799],[-45.206,-14.745],[-45.164,-14.732],[-45.083,-14.749],[-45.04,-14.68],[-44.843,-14.581],[-44.844,-14.566],[-44.859,-14.572],[-44.847,-14.545],[-44.824,-14.539],[-44.833,-14.5],[-44.814,-14.505],[-44.818,-14.49],[-44.794,-14.497],[-44.724,-14.449],[-44.701,-14.45],[-44.688,-14.417],[-44.668,-14.424],[-44.659,-14.396],[-44.634,-14.394],[-44.566,-14.34],[-44.487,-14.329],[-44.429,-14.287],[-44.362,-14.273],[-44.316,-14.24],[-44.248,-14.26],[-44.241,-14.241],[-44.218,-14.245],[-44.215,-14.233],[-44.21,-14.245]]],[[[-42.447,-21.634],[-42.428,-21.643],[-42.422,-21.741],[-42.408,-21.733],[-42.401,-21.753],[-42.378,-21.748],[-42.606,-21.846],[-42.594,-21.825],[-42.606,-21.828],[-42.616,-21.78],[-42.656,-21.764],[-42.624,-21.738],[-42.628,-21.704],[-42.559,-21.681],[-42.538,-21.651],[-42.47,-21.657],[-42.447,-21.634]]]]}},{"type":"Feature","properties":{"codigo_area_atuacao":"C.079.PI.2018","sigla":"EQUATORIAL PI","num_municipios":224,"populacao_estimada_2018":3264531,"area_km2":251618.60286966,"tipo_outorga":"CONCESSIONÁRIA","uf":"PI","regiao":"NORDESTE","num_unidades_consumidoras":1304073,"cnpj":"06.840.748/0001-89","razao_social":"EQUATORIAL PIAUÍ DISTRIBUIDORA DE ENERGIA S.A","ato_legal":"ECT 001/2018 de 18/10/2018; ECT 004/2001 de 12/02/2001","inicio_vigencia_epoch_ms":978318000000,"cnpj_digits":"06840748000189","subsystem_id":"NE","subsystem_mapping_method":"GEOGRAPHIC_REGION_PROXY_MVP"},"geometry":{"type":"Polygon","coordinates":[[[-41.781,-2.761],[-41.751,-2.801],[-41.729,-2.803],[-41.594,-2.904],[-41.558,-2.897],[-41.512,-2.912],[-41.478,-2.896],[-41.323,-2.921],[-41.32,-2.957],[-41.271,-2.971],[-41.248,-3.026],[-41.261,-3.05],[-41.256,-3.088],[-41.319,-3.145],[-41.322,-3.18],[-41.424,-3.368],[-41.399,-3.364],[-41.387,-3.409],[-41.324,-3.386],[-41.32,-3.484],[-41.303,-3.492],[-41.324,-3.503],[-41.337,-3.554],[-41.371,-3.573],[-41.345,-3.589],[-41.331,-3.625],[-41.342,-3.681],[-41.238,-3.716],[-41.259,-3.733],[-41.254,-3.775],[-41.301,-3.826],[-41.277,-3.826],[-41.22,-3.942],[-41.257,-4.035],[-41.186,-4.017],[-41.172,-4.032],[-41.114,-4.041],[-41.143,-4.124],[-41.118,-4.165],[-41.091,-4.17],[-41.136,-4.234],[-41.12,-4.331],[-41.16,-4.381],[-41.191,-4.516],[-41.222,-4.567],[-41.242,-4.57],[-41.221,-4.579],[-41.229,-4.62],[-41.174,-4.667],[-41.25,-4.757],[-41.208,-4.777],[-41.242,-4.822],[-41.25,-4.87],[-41.228,-4.891],[-41.221,-4.938],[-41.204,-4.95],[-41.189,-4.941],[-41.151,-4.992],[-41.138,-4.985],[-41.12,-5.021],[-41.132,-5.049],[-41.097,-5.053],[-41.081,-5.09],[-41.054,-5.103],[-41.034,-5.091],[-40.982,-5.154],[-40.926,-5.177],[-40.922,-5.226],[-40.942,-5.24],[-40.912,-5.267],[-40.927,-5.297],[-40.912,-5.314],[-40.936,-5.366],[-40.912,-5.407],[-40.944,-5.424],[-40.916,-5.464],[-40.936,-5.526],[-40.901,-5.616],[-40.911,-5.657],[-40.939,-5.673],[-40.914,-5.727],[-40.898,-5.901],[-40.88,-5.918],[-40.874,-5.967],[-40.908,-6.045],[-40.873,-6.057],[-40.846,-6.135],[-40.852,-6.224],[-40.783,-6.313],[-40.78,-6.347],[-40.805,-6.393],[-40.792,-6.513],[-40.722,-6.618],[-40.731,-6.657],[-40.71,-6.676],[-40.649,-6.679],[-40.602,-6.716],[-40.477,-6.733],[-40.432,-6.813],[-40.371,-6.803],[-40.43,-6.868],[-40.43,-6.993],[-40.406,-7.005],[-40.439,-7.016],[-40.428,-7.034],[-40.49,-7.119],[-40.512,-7.299],[-40.542,-7.332],[-40.548,-7.393],[-40.701,-7.456],[-40.715,-7.481],[-40.622,-7.651],[-40.674,-7.762],[-40.645,-7.787],[-40.559,-7.815],[-40.538,-7.857],[-40.544,-7.965],[-40.603,-8.095],[-40.59,-8.139],[-40.601,-8.15],[-40.634,-8.139],[-40.707,-8.223],[-40.782,-8.253],[-40.78,-8.302],[-40.793,-8.32],[-40.82,-8.322],[-40.82,-8.363],[-40.85,-8.381],[-40.87,-8.359],[-40.893,-8.357],[-40.902,-8.422],[-40.925,-8.446],[-40.979,-8.399],[-41.0,-8.4],[-41.007,-8.421],[-41.044,-8.437],[-41.051,-8.48],[-41.079,-8.473],[-41.096,-8.519],[-41.127,-8.542],[-41.148,-8.533],[-41.169,-8.583],[-41.212,-8.602],[-41.214,-8.644],[-41.287,-8.661],[-41.337,-8.708],[-41.384,-8.709],[-41.424,-8.803],[-41.511,-8.876],[-41.545,-8.961],[-41.565,-8.97],[-41.57,-8.955],[-41.606,-8.957],[-41.629,-8.985],[-41.669,-8.99],[-41.68,-9.012],[-41.726,-9.016],[-41.735,-9.095],[-41.8,-9.148],[-41.838,-9.242],[-41.871,-9.237],[-41.918,-9.278],[-41.972,-9.249],[-42.0,-9.266],[-42.025,-9.25],[-42.067,-9.256],[-42.101,-9.282],[-42.231,-9.283],[-42.269,-9.31],[-42.316,-9.317],[-42.357,-9.353],[-42.36,-9.378],[-42.423,-9.414],[-42.441,-9.456],[-42.489,-9.462],[-42.493,-9.495],[-42.589,-9.497],[-42.622,-9.541],[-42.68,-9.549],[-42.72,-9.531],[-42.717,-9.556],[-42.77,-9.619],[-42.821,-9.619],[-42.837,-9.55],[-42.873,-9.564],[-42.904,-9.527],[-42.946,-9.518],[-42.973,-9.407],[-43.057,-9.419],[-43.061,-9.395],[-43.08,-9.399],[-43.12,-9.372],[-43.133,-9.387],[-43.159,-9.377],[-43.192,-9.42],[-43.214,-9.4],[-43.279,-9.425],[-43.33,-9.372],[-43.361,-9.364],[-43.428,-9.273],[-43.485,-9.265],[-43.531,-9.304],[-43.579,-9.32],[-43.686,-9.418],[-43.778,-9.449],[-43.85,-9.55],[-43.842,-9.637],[-43.797,-9.696],[-43.785,-9.762],[-43.653,-9.839],[-43.709,-9.913],[-43.69,-9.929],[-43.703,-9.966],[-43.666,-9.99],[-43.662,-10.01],[-43.69,-10.045],[-43.693,-10.077],[-43.766,-10.08],[-43.779,-10.18],[-43.837,-10.25],[-43.838,-10.305],[-43.915,-10.384],[-43.918,-10.429],[-43.973,-10.433],[-44.008,-10.405],[-44.028,-10.412],[-44.026,-10.475],[-44.051,-10.506],[-44.072,-10.58],[-44.111,-10.597],[-44.131,-10.635],[-44.166,-10.643],[-44.214,-10.614],[-44.264,-10.625],[-44.306,-10.566],[-44.337,-10.549],[-44.398,-10.606],[-44.456,-10.608],[-44.501,-10.65],[-44.585,-10.629],[-44.618,-10.671],[-44.667,-10.682],[-44.668,-10.76],[-44.746,-10.778],[-44.759,-10.805],[-44.788,-10.809],[-44.808,-10.866],[-44.844,-10.9],[-44.86,-10.883],[-44.931,-10.929],[-45.073,-10.84],[-45.248,-10.822],[-45.268,-10.776],[-45.358,-10.732],[-45.385,-10.652],[-45.432,-10.631],[-45.447,-10.507],[-45.396,-10.445],[-45.424,-10.426],[-45.43,-10.359],[-45.514,-10.29],[-45.526,-10.237],[-45.563,-10.211],[-45.566,-10.147],[-45.584,-10.117],[-45.603,-10.108],[-45.685,-10.153],[-45.727,-10.157],[-45.734,-10.229],[-45.794,-10.268],[-45.878,-10.239],[-45.946,-10.259],[-45.955,-10.218],[-45.879,-10.11],[-45.88,-10.059],[-45.842,-9.942],[-45.866,-9.871],[-45.821,-9.773],[-45.838,-9.696],[-45.82,-9.618],[-45.841,-9.562],[-45.783,-9.48],[-45.824,-9.375],[-45.887,-9.349],[-45.902,-9.318],[-45.898,-9.184],[-45.928,-9.138],[-45.923,-9.09],[-45.943,-9.015],[-45.994,-8.936],[-45.972,-8.862],[-45.946,-8.84],[-45.96,-8.816],[-45.935,-8.779],[-45.892,-8.763],[-45.865,-8.716],[-45.84,-8.715],[-45.797,-8.613],[-45.766,-8.61],[-45.794,-8.584],[-45.761,-8.562],[-45.738,-8.501],[-45.731,-8.413],[-45.69,-8.361],[-45.662,-8.25],[-45.608,-8.205],[-45.611,-8.187],[-45.581,-8.156],[-45.584,-8.097],[-45.561,-8.048],[-45.576,-8.029],[-45.55,-8.014],[-45.567,-7.994],[-45.545,-7.961],[-45.556,-7.954],[-45.544,-7.921],[-45.524,-7.912],[-45.543,-7.898],[-45.521,-7.888],[-45.54,-7.865],[-45.49,-7.787],[-45.496,-7.748],[-45.482,-7.751],[-45.47,-7.691],[-45.401,-7.642],[-45.394,-7.613],[-45.374,-7.619],[-45.34,-7.58],[-45.261,-7.571],[-45.234,-7.549],[-45.219,-7.568],[-45.155,-7.513],[-45.137,-7.522],[-45.084,-7.502],[-45.047,-7.513],[-44.927,-7.472],[-44.901,-7.426],[-44.869,-7.422],[-44.817,-7.361],[-44.781,-7.378],[-44.742,-7.362],[-44.73,-7.391],[-44.688,-7.395],[-44.663,-7.332],[-44.617,-7.309],[-44.564,-7.227],[-44.526,-7.222],[-44.501,-7.185],[-44.387,-7.121],[-44.306,-7.117],[-44.274,-7.071],[-44.28,-7.042],[-44.262,-6.999],[-44.236,-6.999],[-44.208,-6.967],[-44.201,-6.933],[-44.176,-6.928],[-44.174,-6.889],[-44.125,-6.836],[-44.101,-6.851],[-44.116,-6.806],[-44.089,-6.803],[-44.07,-6.821],[-44.057,-6.774],[-44.033,-6.76],[-43.961,-6.742],[-43.932,-6.772],[-43.914,-6.753],[-43.88,-6.758],[-43.795,-6.702],[-43.775,-6.715],[-43.715,-6.699],[-43.643,-6.717],[-43.584,-6.757],[-43.561,-6.749],[-43.541,-6.79],[-43.507,-6.8],[-43.482,-6.835],[-43.42,-6.844],[-43.349,-6.798],[-43.279,-6.797],[-43.245,-6.766],[-43.178,-6.767],[-43.146,-6.783],[-43.082,-6.748],[-43.011,-6.759],[-42.92,-6.67],[-42.871,-6.512],[-42.887,-6.507],[-42.867,-6.482],[-42.878,-6.418],[-42.829,-6.337],[-42.837,-6.325],[-42.86,-6.331],[-42.847,-6.282],[-42.865,-6.236],[-42.969,-6.178],[-42.985,-6.124],[-43.045,-6.105],[-43.075,-6.055],[-43.048,-6.002],[-43.079,-5.967],[-43.1,-5.902],[-43.077,-5.867],[-43.097,-5.829],[-43.101,-5.756],[-43.077,-5.735],[-43.082,-5.646],[-43.099,-5.63],[-43.086,-5.602],[-43.032,-5.589],[-42.967,-5.449],[-42.93,-5.437],[-42.908,-5.392],[-42.881,-5.39],[-42.825,-5.346],[-42.811,-5.285],[-42.829,-5.24],[-42.798,-5.183],[-42.858,-4.989],[-42.855,-4.936],[-42.896,-4.888],[-42.898,-4.843],[-42.951,-4.78],[-42.92,-4.735],[-42.954,-4.686],[-42.869,-4.572],[-42.875,-4.536],[-42.849,-4.483],[-42.876,-4.464],[-42.88,-4.417],[-42.931,-4.382],[-42.962,-4.379],[-42.985,-4.221],[-42.932,-4.159],[-42.888,-4.156],[-42.903,-4.124],[-42.863,-4.093],[-42.824,-3.992],[-42.798,-3.997],[-42.787,-3.959],[-42.726,-3.91],[-42.721,-3.875],[-42.669,-3.792],[-42.684,-3.766],[-42.669,-3.736],[-42.678,-3.677],[-42.625,-3.626],[-42.61,-3.586],[-42.568,-3.566],[-42.498,-3.448],[-42.461,-3.486],[-42.432,-3.455],[-42.405,-3.476],[-42.393,-3.448],[-42.366,-3.453],[-42.331,-3.434],[-42.295,-3.453],[-42.243,-3.433],[-42.204,-3.436],[-42.196,-3.4],[-42.152,-3.387],[-42.142,-3.36],[-42.124,-3.353],[-42.124,-3.323],[-42.096,-3.306],[-42.133,-3.29],[-42.127,-3.271],[-42.01,-3.246],[-41.974,-3.213],[-41.964,-3.179],[-41.94,-3.188],[-41.923,-3.108],[-41.831,-3.032],[-41.796,-2.966],[-41.865,-2.878],[-41.863,-2.832],[-41.841,-2.819],[-41.849,-2.774],[-41.801,-2.75],[-41.781,-2.761]]]}},{"type":"Feature","properties":{"codigo_area_atuacao":"C.080.RO.2018","sigla":"ERO","num_municipios":60,"populacao_estimada_2018":1759640,"area_km2":237766.6166281,"tipo_outorga":"CONCESSIONÁRIA","uf":"RO","regiao":"NORTE","num_unidades_consumidoras":831107,"cnpj":"05.914.650/0001-66","razao_social":"ENERGISA RONDÔNIA - DISTRIBUIDORA DE ENERGIA S.A","ato_legal":"ECT 002/2018 de 30/10/2018; ECT 005/2001 de 12/02/2001","inicio_vigencia_epoch_ms":978318000000,"cnpj_digits":"05914650000166","subsystem_id":"N","subsystem_mapping_method":"GEOGRAPHIC_REGION_PROXY_MVP"},"geometry":{"type":"Polygon","coordinates":[[[-62.867,-7.976],[-62.81,-8.025],[-62.744,-8.045],[-62.692,-8.093],[-62.673,-8.145],[-62.683,-8.181],[-62.66,-8.2],[-62.65,-8.237],[-62.562,-8.284],[-62.552,-8.358],[-62.526,-8.383],[-62.465,-8.34],[-62.432,-8.372],[-62.371,-8.385],[-62.366,-8.494],[-62.337,-8.517],[-62.326,-8.564],[-62.341,-8.603],[-62.281,-8.639],[-62.293,-8.596],[-62.269,-8.576],[-62.188,-8.591],[-62.177,-8.637],[-62.201,-8.644],[-62.165,-8.679],[-62.172,-8.695],[-62.149,-8.718],[-62.155,-8.74],[-62.125,-8.802],[-62.031,-8.8],[-61.985,-8.879],[-61.914,-8.877],[-61.86,-8.853],[-61.861,-8.804],[-61.837,-8.733],[-61.775,-8.748],[-61.742,-8.695],[-61.713,-8.688],[-61.705,-8.708],[-61.631,-8.722],[-61.606,-8.795],[-61.524,-8.819],[-61.512,-8.864],[-61.469,-8.917],[-61.511,-8.976],[-61.556,-9.092],[-61.555,-9.131],[-61.52,-9.195],[-61.526,-9.246],[-61.577,-9.238],[-61.633,-9.271],[-61.612,-9.281],[-61.626,-9.363],[-61.612,-9.356],[-61.553,-9.387],[-61.551,-9.418],[-61.579,-9.472],[-61.526,-9.502],[-61.55,-9.515],[-61.513,-9.529],[-61.495,-9.579],[-61.503,-9.615],[-61.477,-9.629],[-61.507,-9.662],[-61.505,-9.691],[-61.575,-9.718],[-61.532,-9.74],[-61.547,-9.788],[-61.525,-9.796],[-61.532,-9.82],[-61.516,-9.828],[-61.508,-9.889],[-61.539,-9.964],[-61.531,-9.99],[-61.556,-10.039],[-61.584,-10.06],[-61.602,-10.154],[-61.561,-10.173],[-61.552,-10.198],[-61.573,-10.207],[-61.578,-10.235],[-61.544,-10.301],[-61.553,-10.308],[-61.516,-10.334],[-61.497,-10.39],[-61.462,-10.42],[-61.481,-10.488],[-61.466,-10.541],[-61.49,-10.63],[-61.482,-10.669],[-61.499,-10.699],[-61.472,-10.715],[-61.488,-10.736],[-61.474,-10.798],[-61.498,-10.782],[-61.511,-10.794],[-61.527,-10.885],[-61.52,-10.95],[-61.53,-10.979],[-61.55,-10.986],[-60.46,-10.99],[-60.438,-11.017],[-60.447,-11.042],[-60.414,-11.043],[-60.414,-11.067],[-60.392,-11.094],[-60.348,-11.109],[-60.348,-11.074],[-60.335,-11.083],[-60.301,-11.057],[-60.282,-11.064],[-60.271,-11.099],[-60.239,-11.095],[-60.203,-11.113],[-60.159,-11.096],[-60.096,-11.111],[-60.084,-11.097],[-60.067,-11.126],[-59.977,-11.122],[-59.998,-11.151],[-59.964,-11.189],[-59.981,-11.204],[-59.982,-11.234],[-59.959,-11.295],[-59.92,-11.327],[-59.921,-11.398],[-59.945,-11.432],[-59.976,-11.439],[-59.985,-11.469],[-60.031,-11.493],[-60.057,-11.542],[-60.091,-11.555],[-60.094,-11.586],[-60.114,-11.587],[-60.122,-11.712],[-60.108,-11.793],[-60.096,-11.8],[-60.109,-11.84],[-60.061,-11.895],[-60.012,-11.893],[-59.986,-11.912],[-59.987,-11.96],[-59.971,-11.97],[-59.98,-11.991],[-59.967,-12.007],[-59.979,-12.03],[-59.9,-12.117],[-59.911,-12.186],[-59.892,-12.245],[-59.774,-12.341],[-59.819,-12.379],[-59.844,-12.467],[-59.898,-12.502],[-59.896,-12.536],[-59.929,-12.58],[-59.973,-12.61],[-59.982,-12.592],[-60.003,-12.592],[-60.065,-12.671],[-60.056,-12.704],[-60.075,-12.733],[-60.059,-12.786],[-60.081,-12.889],[-60.117,-12.96],[-60.189,-12.971],[-60.215,-13.027],[-60.283,-13.081],[-60.269,-13.145],[-60.304,-13.178],[-60.326,-13.253],[-60.365,-13.3],[-60.384,-13.449],[-60.432,-13.488],[-60.511,-13.504],[-60.578,-13.565],[-60.632,-13.572],[-60.641,-13.597],[-60.686,-13.625],[-60.717,-13.682],[-60.709,-13.693],[-60.77,-13.684],[-60.774,-13.661],[-60.875,-13.621],[-60.921,-13.569],[-60.923,-13.541],[-61.006,-13.55],[-61.009,-13.506],[-60.988,-13.5],[-61.015,-13.488],[-61.047,-13.485],[-61.036,-13.501],[-61.06,-13.512],[-61.095,-13.492],[-61.106,-13.532],[-61.126,-13.52],[-61.14,-13.529],[-61.138,-13.512],[-61.147,-13.532],[-61.184,-13.508],[-61.194,-13.536],[-61.234,-13.525],[-61.248,-13.496],[-61.28,-13.506],[-61.296,-13.478],[-61.306,-13.503],[-61.47,-13.555],[-61.572,-13.519],[-61.577,-13.489],[-61.651,-13.519],[-61.696,-13.5],[-61.731,-13.527],[-61.758,-13.524],[-61.757,-13.541],[-61.777,-13.518],[-61.784,-13.537],[-61.817,-13.527],[-61.811,-13.54],[-61.841,-13.549],[-61.84,-13.527],[-61.861,-13.535],[-61.883,-13.497],[-61.893,-13.431],[-61.971,-13.406],[-61.971,-13.374],[-62.001,-13.371],[-62.014,-13.33],[-62.033,-13.334],[-62.057,-13.312],[-62.057,-13.288],[-62.084,-13.29],[-62.114,-13.261],[-62.116,-13.159],[-62.129,-13.148],[-62.15,-13.163],[-62.17,-13.114],[-62.191,-13.154],[-62.215,-13.111],[-62.243,-13.117],[-62.246,-13.145],[-62.277,-13.146],[-62.272,-13.156],[-62.317,-13.134],[-62.321,-13.152],[-62.392,-13.135],[-62.399,-13.113],[-62.414,-13.128],[-62.437,-13.081],[-62.457,-13.087],[-62.454,-13.065],[-62.472,-13.079],[-62.479,-13.057],[-62.503,-13.083],[-62.609,-13.044],[-62.614,-13.026],[-62.6,-13.016],[-62.629,-13.016],[-62.631,-12.99],[-62.652,-12.989],[-62.651,-12.966],[-62.699,-13.003],[-62.725,-13.001],[-62.729,-13.021],[-62.747,-12.999],[-62.756,-13.017],[-62.779,-13.01],[-62.807,-12.968],[-62.806,-12.941],[-62.823,-12.934],[-62.846,-12.949],[-62.843,-12.927],[-62.87,-12.911],[-62.894,-12.857],[-62.921,-12.841],[-62.976,-12.86],[-63.009,-12.838],[-63.009,-12.811],[-63.047,-12.741],[-63.081,-12.724],[-63.061,-12.687],[-63.096,-12.684],[-63.093,-12.658],[-63.14,-12.646],[-63.158,-12.614],[-63.164,-12.64],[-63.193,-12.624],[-63.196,-12.654],[-63.245,-12.661],[-63.238,-12.691],[-63.296,-12.682],[-63.374,-12.658],[-63.41,-12.611],[-63.439,-12.608],[-63.426,-12.597],[-63.436,-12.565],[-63.502,-12.567],[-63.55,-12.508],[-63.622,-12.473],[-63.786,-12.428],[-63.834,-12.463],[-63.887,-12.447],[-63.901,-12.506],[-63.953,-12.532],[-63.996,-12.503],[-64.009,-12.518],[-64.04,-12.515],[-64.06,-12.491],[-64.084,-12.501],[-64.092,-12.484],[-64.123,-12.506],[-64.134,-12.476],[-64.165,-12.514],[-64.173,-12.467],[-64.197,-12.473],[-64.231,-12.455],[-64.286,-12.503],[-64.299,-12.491],[-64.295,-12.458],[-64.416,-12.441],[-64.512,-12.351],[-64.493,-12.294],[-64.508,-12.225],[-64.552,-12.242],[-64.577,-12.215],[-64.698,-12.188],[-64.718,-12.154],[-64.697,-12.101],[-64.709,-12.087],[-64.739,-12.1],[-64.75,-12.158],[-64.769,-12.144],[-64.76,-12.102],[-64.788,-12.086],[-64.833,-12.122],[-64.842,-12.095],[-64.81,-12.054],[-64.84,-12.011],[-64.917,-12.028],[-64.948,-11.993],[-64.975,-12.019],[-65.001,-11.993],[-65.032,-11.995],[-65.026,-11.971],[-65.042,-11.962],[-65.015,-11.898],[-65.071,-11.869],[-65.06,-11.791],[-65.088,-11.709],[-65.183,-11.722],[-65.173,-11.751],[-65.185,-11.757],[-65.261,-11.707],[-65.218,-11.652],[-65.235,-11.574],[-65.212,-11.53],[-65.309,-11.494],[-65.335,-11.355],[-65.292,-11.324],[-65.347,-11.303],[-65.361,-11.223],[-65.319,-11.197],[-65.35,-11.188],[-65.364,-11.142],[-65.337,-11.11],[-65.284,-11.09],[-65.281,-11.064],[-65.301,-11.032],[-65.251,-10.986],[-65.286,-10.928],[-65.267,-10.922],[-65.277,-10.869],[-65.367,-10.796],[-65.345,-10.77],[-65.346,-10.682],[-65.358,-10.657],[-65.402,-10.644],[-65.416,-10.621],[-65.397,-10.583],[-65.43,-10.481],[-65.39,-10.448],[-65.379,-10.409],[-65.392,-10.374],[-65.322,-10.298],[-65.289,-10.22],[-65.307,-10.165],[-65.301,-10.101],[-65.33,-10.054],[-65.32,-10.001],[-65.334,-9.943],[-65.286,-9.845],[-65.321,-9.815],[-65.368,-9.707],[-65.446,-9.669],[-65.447,-9.697],[-65.487,-9.708],[-65.483,-9.728],[-65.501,-9.73],[-65.502,-9.786],[-65.532,-9.781],[-65.539,-9.802],[-65.564,-9.81],[-65.558,-9.845],[-65.597,-9.842],[-65.601,-9.824],[-65.628,-9.837],[-65.634,-9.807],[-65.649,-9.816],[-65.644,-9.794],[-65.669,-9.781],[-65.69,-9.813],[-65.711,-9.807],[-65.708,-9.766],[-65.681,-9.767],[-65.685,-9.749],[-65.729,-9.76],[-65.744,-9.782],[-65.773,-9.758],[-65.772,-9.734],[-65.795,-9.792],[-65.813,-9.772],[-65.8,-9.757],[-65.817,-9.755],[-65.842,-9.79],[-65.869,-9.793],[-65.862,-9.768],[-65.881,-9.752],[-65.967,-9.771],[-65.964,-9.803],[-65.982,-9.809],[-66.0,-9.794],[-66.024,-9.812],[-66.035,-9.788],[-66.071,-9.784],[-66.094,-9.814],[-66.1,-9.785],[-66.153,-9.786],[-66.195,-9.806],[-66.186,-9.822],[-66.204,-9.835],[-66.238,-9.815],[-66.255,-9.833],[-66.28,-9.829],[-66.286,-9.845],[-66.316,-9.831],[-66.346,-9.839],[-66.36,-9.866],[-66.404,-9.864],[-66.426,-9.9],[-66.436,-9.866],[-66.456,-9.88],[-66.481,-9.868],[-66.495,-9.884],[-66.562,-9.881],[-66.582,-9.906],[-66.627,-9.898],[-66.81,-9.818],[-66.781,-9.791],[-66.775,-9.753],[-66.725,-9.756],[-66.609,-9.665],[-66.586,-9.674],[-66.501,-9.634],[-66.495,-9.602],[-66.392,-9.5],[-66.39,-9.456],[-66.415,-9.422],[-66.409,-9.407],[-66.375,-9.426],[-66.319,-9.42],[-66.307,-9.437],[-66.284,-9.432],[-66.29,-9.412],[-66.268,-9.41],[-66.243,-9.429],[-66.174,-9.434],[-66.124,-9.409],[-66.06,-9.418],[-66.027,-9.401],[-65.97,-9.413],[-65.913,-9.484],[-65.881,-9.487],[-65.847,-9.516],[-65.848,-9.532],[-65.825,-9.53],[-65.818,-9.562],[-65.792,-9.586],[-65.75,-9.554],[-65.724,-9.559],[-65.681,-9.5],[-65.679,-9.451],[-65.597,-9.414],[-65.507,-9.448],[-65.493,-9.474],[-65.468,-9.459],[-65.435,-9.466],[-65.457,-9.401],[-65.447,-9.316],[-65.385,-9.338],[-65.247,-9.258],[-65.208,-9.286],[-65.188,-9.345],[-65.196,-9.375],[-65.174,-9.385],[-65.185,-9.427],[-65.143,-9.447],[-65.098,-9.433],[-65.092,-9.409],[-65.054,-9.402],[-65.039,-9.36],[-65.006,-9.344],[-65.001,-9.305],[-64.963,-9.293],[-64.936,-9.256],[-64.92,-9.22],[-64.94,-9.125],[-64.917,-9.043],[-64.894,-9.044],[-64.839,-8.994],[-64.792,-8.986],[-64.754,-9.021],[-64.699,-8.988],[-64.671,-9.015],[-64.611,-9.016],[-64.55,-8.978],[-64.447,-8.977],[-64.323,-8.929],[-64.31,-8.934],[-64.326,-8.98],[-64.311,-8.996],[-64.233,-8.992],[-64.143,-8.954],[-64.158,-8.843],[-64.129,-8.805],[-64.143,-8.743],[-64.125,-8.717],[-64.095,-8.728],[-64.067,-8.711],[-64.028,-8.716],[-64.035,-8.694],[-63.986,-8.586],[-63.946,-8.609],[-63.925,-8.576],[-63.975,-8.487],[-63.941,-8.452],[-63.944,-8.435],[-63.978,-8.42],[-63.945,-8.388],[-63.944,-8.331],[-63.911,-8.329],[-63.871,-8.289],[-63.791,-8.333],[-63.774,-8.321],[-63.723,-8.249],[-63.747,-8.199],[-63.67,-8.122],[-63.667,-8.082],[-63.622,-8.03],[-63.621,-7.977],[-62.867,-7.976]]]}},{"type":"Feature","properties":{"codigo_area_atuacao":"C.037.GO.1999","sigla":"CHESP","num_municipios":10,"populacao_estimada_2018":79034,"area_km2":3216.51486646,"tipo_outorga":"CONCESSIONÁRIA","uf":"GO","regiao":"CENTRO-OESTE","num_unidades_consumidoras":37756,"cnpj":"01.377.555/0001-10","razao_social":"COMPANHIA HIDROELÉTRICA SÃO PATRÍCIO - CHESP","ato_legal":"ECT 044/1999 de 18/06/1999","inicio_vigencia_epoch_ms":915159600000,"cnpj_digits":"01377555000110","subsystem_id":"SE/CO","subsystem_mapping_method":"GEOGRAPHIC_REGION_PROXY_MVP"},"geometry":{"type":"Polygon","coordinates":[[[-49.425,-14.987],[-49.385,-15.011],[-49.29,-14.992],[-49.311,-15.078],[-49.309,-15.171],[-49.361,-15.324],[-49.343,-15.344],[-49.288,-15.326],[-49.263,-15.339],[-49.298,-15.411],[-49.284,-15.437],[-49.314,-15.492],[-49.429,-15.493],[-49.455,-15.533],[-49.508,-15.515],[-49.529,-15.471],[-49.531,-15.482],[-49.555,-15.466],[-49.569,-15.477],[-49.575,-15.517],[-49.552,-15.544],[-49.557,-15.638],[-49.601,-15.675],[-49.606,-15.698],[-49.639,-15.683],[-49.648,-15.758],[-49.678,-15.777],[-49.676,-15.8],[-49.697,-15.826],[-49.685,-15.755],[-49.72,-15.69],[-49.751,-15.67],[-49.702,-15.611],[-49.697,-15.545],[-49.729,-15.535],[-49.723,-15.523],[-49.773,-15.546],[-49.882,-15.52],[-49.887,-15.479],[-49.861,-15.45],[-49.86,-15.393],[-49.882,-15.402],[-49.916,-15.382],[-49.891,-15.366],[-49.897,-15.326],[-49.861,-15.332],[-49.79,-15.281],[-49.771,-15.288],[-49.749,-15.27],[-49.747,-15.24],[-49.774,-15.236],[-49.672,-15.062],[-49.591,-15.039],[-49.542,-14.986],[-49.522,-15.003],[-49.461,-14.993],[-49.457,-15.006],[-49.435,-14.998],[-49.428,-14.97],[-49.425,-14.987]]]}},{"type":"Feature","properties":{"codigo_area_atuacao":"C.032.PR.1998","sigla":"COCEL","num_municipios":3,"populacao_estimada_2018":128927,"area_km2":1243.56199966,"tipo_outorga":"CONCESSIONÁRIA","uf":"PR","regiao":"SUL","num_unidades_consumidoras":53038,"cnpj":"75.805.895/0001-30","razao_social":"COMPANHIA CAMPOLARGUENSE DE ENERGIA","ato_legal":"ECT 27/1998 de 30/03/1999","inicio_vigencia_epoch_ms":915159600000,"cnpj_digits":"75805895000130","subsystem_id":"S","subsystem_mapping_method":"GEOGRAPHIC_REGION_PROXY_MVP"},"geometry":{"type":"Polygon","coordinates":[[[-49.611,-24.979],[-49.599,-25.011],[-49.546,-25.046],[-49.602,-25.088],[-49.554,-25.176],[-49.576,-25.2],[-49.565,-25.207],[-49.578,-25.231],[-49.569,-25.262],[-49.528,-25.27],[-49.483,-25.31],[-49.47,-25.377],[-49.383,-25.419],[-49.376,-25.515],[-49.428,-25.481],[-49.468,-25.482],[-49.554,-25.554],[-49.596,-25.499],[-49.575,-25.459],[-49.603,-25.448],[-49.646,-25.47],[-49.711,-25.475],[-49.689,-25.439],[-49.723,-25.432],[-49.728,-25.41],[-49.715,-25.4],[-49.738,-25.393],[-49.736,-25.363],[-49.758,-25.361],[-49.857,-25.235],[-49.817,-25.226],[-49.781,-25.194],[-49.746,-25.221],[-49.712,-25.217],[-49.68,-25.169],[-49.732,-25.127],[-49.74,-25.063],[-49.702,-25.049],[-49.712,-25.022],[-49.668,-24.999],[-49.639,-25.008],[-49.611,-24.979]]]}},{"type":"Feature","properties":{"codigo_area_atuacao":"C.008.BA.1997","sigla":"COELBA","num_municipios":415,"populacao_estimada_2018":14761448,"area_km2":563339.15028974,"tipo_outorga":"CONCESSIONÁRIA","uf":"BA","regiao":"NORDESTE","num_unidades_consumidoras":6359992,"cnpj":"15.139.629/0001-94","razao_social":"COMPANHIA DE ELETRICIDADE DO ESTADO DA BAHIA","ato_legal":"ECT 10/1997 de 08/08/1997","inicio_vigencia_epoch_ms":852087600000,"cnpj_digits":"15139629000194","subsystem_id":"NE","subsystem_mapping_method":"GEOGRAPHIC_REGION_PROXY_MVP"},"geometry":{"type":"MultiPolygon","coordinates":[[[[-39.364,-8.538],[-39.345,-8.559],[-39.293,-8.561],[-39.275,-8.577],[-39.242,-8.636],[-39.245,-8.684],[-39.229,-8.71],[-39.181,-8.706],[-39.169,-8.692],[-39.144,-8.713],[-39.038,-8.735],[-38.952,-8.805],[-38.868,-8.784],[-38.797,-8.793],[-38.707,-8.862],[-38.689,-8.947],[-38.654,-8.984],[-38.631,-8.985],[-38.61,-8.957],[-38.604,-8.881],[-38.57,-8.83],[-38.541,-8.823],[-38.481,-8.849],[-38.473,-8.89],[-38.52,-8.944],[-38.484,-9.001],[-38.408,-9.039],[-38.324,-8.99],[-38.29,-9.036],[-38.326,-9.078],[-38.304,-9.098],[-38.319,-9.138],[-38.288,-9.174],[-38.288,-9.217],[-38.24,-9.327],[-38.194,-9.385],[-38.205,-9.419],[-38.155,-9.443],[-38.078,-9.441],[-37.999,-9.498],[-38.019,-9.564],[-38.041,-9.574],[-38.041,-9.603],[-37.988,-9.647],[-38.044,-9.698],[-38.032,-9.771],[-37.967,-9.816],[-37.998,-9.917],[-37.96,-9.97],[-37.927,-9.966],[-37.829,-10.002],[-37.817,-10.067],[-37.776,-10.137],[-37.783,-10.181],[-37.766,-10.196],[-37.735,-10.333],[-37.839,-10.379],[-37.859,-10.426],[-37.813,-10.508],[-37.82,-10.539],[-37.841,-10.55],[-37.814,-10.691],[-37.985,-10.759],[-38.047,-10.693],[-38.068,-10.716],[-38.194,-10.709],[-38.215,-10.724],[-38.211,-10.763],[-38.245,-10.823],[-38.232,-10.84],[-38.236,-10.882],[-38.226,-10.917],[-38.181,-10.943],[-38.173,-10.987],[-38.129,-11.019],[-38.121,-11.007],[-38.102,-11.015],[-38.075,-11.077],[-38.094,-11.102],[-38.065,-11.123],[-38.062,-11.172],[-37.974,-11.195],[-37.994,-11.24],[-37.987,-11.271],[-38.015,-11.286],[-37.992,-11.313],[-37.994,-11.346],[-38.037,-11.39],[-38.026,-11.399],[-38.035,-11.417],[-38.08,-11.441],[-38.077,-11.474],[-38.049,-11.497],[-38.056,-11.53],[-37.972,-11.603],[-37.932,-11.616],[-37.948,-11.637],[-37.938,-11.667],[-37.9,-11.689],[-37.865,-11.684],[-37.837,-11.734],[-37.794,-11.731],[-37.775,-11.702],[-37.727,-11.726],[-37.748,-11.679],[-37.739,-11.629],[-37.671,-11.674],[-37.61,-11.667],[-37.561,-11.705],[-37.531,-11.702],[-37.521,-11.726],[-37.541,-11.772],[-37.514,-11.744],[-37.62,-11.976],[-37.767,-12.235],[-38.001,-12.578],[-38.244,-12.852],[-38.343,-12.951],[-38.387,-12.957],[-38.469,-13.015],[-38.643,-13.015],[-38.713,-13.061],[-38.762,-13.119],[-38.929,-13.218],[-38.958,-13.268],[-38.968,-13.332],[-38.956,-13.38],[-38.946,-13.399],[-38.909,-13.379],[-38.892,-13.452],[-38.916,-13.477],[-38.934,-13.555],[-38.902,-13.6],[-38.891,-13.653],[-38.914,-13.676],[-38.929,-13.658],[-38.971,-13.672],[-38.963,-13.686],[-38.998,-13.748],[-38.995,-13.802],[-38.936,-13.887],[-38.928,-13.94],[-38.99,-14.199],[-38.995,-14.266],[-38.98,-14.294],[-39.062,-14.625],[-39.065,-14.709],[-39.055,-14.777],[-39.027,-14.783],[-39.019,-14.92],[-38.998,-14.987],[-38.993,-15.294],[-38.947,-15.498],[-38.935,-15.665],[-38.853,-15.849],[-38.952,-16.097],[-38.948,-16.156],[-38.974,-16.213],[-39.011,-16.246],[-39.024,-16.307],[-39.006,-16.333],[-39.009,-16.375],[-39.034,-16.387],[-39.062,-16.434],[-39.104,-16.699],[-39.142,-16.761],[-39.142,-16.868],[-39.107,-16.897],[-39.151,-16.942],[-39.182,-17.112],[-39.212,-17.161],[-39.221,-17.302],[-39.192,-17.444],[-39.194,-17.582],[-39.136,-17.69],[-39.208,-17.747],[-39.206,-17.773],[-39.258,-17.827],[-39.271,-17.866],[-39.32,-17.892],[-39.364,-17.891],[-39.362,-17.905],[-39.427,-17.934],[-39.481,-17.985],[-39.627,-18.216],[-39.67,-18.349],[-39.674,-18.325],[-40.222,-17.98],[-40.264,-17.922],[-40.213,-17.896],[-40.174,-17.852],[-40.218,-17.796],[-40.221,-17.737],[-40.28,-17.723],[-40.347,-17.612],[-40.355,-17.644],[-40.372,-17.612],[-40.397,-17.626],[-40.414,-17.61],[-40.411,-17.568],[-40.444,-17.579],[-40.46,-17.569],[-40.489,-17.52],[-40.483,-17.489],[-40.521,-17.445],[-40.623,-17.406],[-40.599,-17.39],[-40.606,-17.36],[-40.593,-17.345],[-40.609,-17.327],[-40.548,-17.284],[-40.572,-17.251],[-40.552,-17.199],[-40.578,-17.168],[-40.557,-17.097],[-40.571,-17.064],[-40.491,-16.884],[-40.46,-16.878],[-40.416,-16.9],[-40.366,-16.874],[-40.332,-16.908],[-40.303,-16.892],[-40.282,-16.901],[-40.247,-16.846],[-40.258,-16.807],[-40.345,-16.787],[-40.31,-16.736],[-40.313,-16.675],[-40.283,-16.587],[-40.234,-16.558],[-40.158,-16.579],[-40.171,-16.524],[-40.117,-16.466],[-40.099,-16.421],[-40.097,-16.448],[-40.069,-16.461],[-39.991,-16.313],[-39.967,-16.327],[-39.952,-16.298],[-39.917,-16.284],[-39.937,-16.246],[-39.883,-16.195],[-39.897,-16.142],[-39.881,-16.144],[-39.857,-16.116],[-39.882,-16.068],[-39.936,-16.024],[-39.915,-16.0],[-40.004,-16.002],[-40.066,-15.96],[-40.066,-15.94],[-40.079,-15.941],[-40.066,-15.911],[-40.081,-15.924],[-40.085,-15.897],[-40.105,-15.912],[-40.141,-15.899],[-40.171,-15.908],[-40.166,-15.868],[-40.2,-15.863],[-40.231,-15.804],[-40.377,-15.824],[-40.425,-15.806],[-40.461,-15.753],[-40.481,-15.775],[-40.51,-15.768],[-40.518,-15.798],[-40.563,-15.803],[-40.567,-15.776],[-40.593,-15.772],[-40.607,-15.737],[-40.629,-15.716],[-40.645,-15.729],[-40.701,-15.667],[-40.741,-15.68],[-40.74,-15.704],[-40.768,-15.714],[-40.781,-15.679],[-40.822,-15.646],[-40.842,-15.683],[-40.882,-15.694],[-40.903,-15.692],[-40.914,-15.661],[-40.963,-15.648],[-41.006,-15.714],[-41.078,-15.719],[-41.129,-15.747],[-41.143,-15.772],[-41.215,-15.737],[-41.331,-15.745],[-41.356,-15.5],[-41.801,-15.101],[-41.87,-15.115],[-41.933,-15.175],[-41.998,-15.159],[-42.092,-15.187],[-42.173,-15.086],[-42.265,-15.125],[-42.334,-15.079],[-42.355,-15.098],[-42.374,-15.071],[-42.441,-15.062],[-42.437,-15.023],[-42.476,-15.017],[-42.599,-14.924],[-42.626,-14.945],[-42.704,-14.883],[-42.723,-14.886],[-42.755,-14.846],[-42.82,-14.821],[-42.868,-14.767],[-42.927,-14.744],[-42.939,-14.708],[-43.066,-14.681],[-43.084,-14.698],[-43.104,-14.674],[-43.176,-14.651],[-43.311,-14.67],[-43.347,-14.696],[-43.435,-14.723],[-43.463,-14.766],[-43.481,-14.768],[-43.47,-14.787],[-43.53,-14.816],[-43.537,-14.784],[-43.581,-14.751],[-43.611,-14.761],[-43.687,-14.721],[-43.72,-14.73],[-43.723,-14.7],[-43.859,-14.674],[-43.884,-14.653],[-43.87,-14.613],[-43.887,-14.585],[-43.874,-14.521],[-43.784,-14.337],[-43.822,-14.323],[-43.82,-14.312],[-43.88,-14.312],[-43.892,-14.293],[-43.942,-14.305],[-43.998,-14.265],[-44.035,-14.289],[-44.073,-14.286],[-44.074,-14.271],[-44.088,-14.278],[-44.113,-14.259],[-44.136,-14.282],[-44.137,-14.264],[-44.17,-14.269],[-44.215,-14.233],[-44.218,-14.245],[-44.241,-14.241],[-44.248,-14.26],[-44.318,-14.241],[-44.362,-14.273],[-44.429,-14.287],[-44.487,-14.329],[-44.566,-14.34],[-44.634,-14.394],[-44.659,-14.396],[-44.668,-14.424],[-44.688,-14.417],[-44.701,-14.45],[-44.724,-14.449],[-44.794,-14.497],[-44.818,-14.49],[-44.814,-14.505],[-44.833,-14.5],[-44.824,-14.539],[-44.847,-14.545],[-44.859,-14.572],[-44.844,-14.566],[-44.843,-14.581],[-45.04,-14.68],[-45.083,-14.749],[-45.164,-14.732],[-45.206,-14.745],[-45.271,-14.799],[-45.286,-14.832],[-45.316,-14.831],[-45.316,-14.851],[-45.364,-14.872],[-45.4,-14.918],[-45.434,-14.922],[-45.456,-14.954],[-45.564,-14.944],[-45.623,-15.02],[-45.657,-15.027],[-45.675,-15.081],[-45.717,-15.094],[-45.722,-15.113],[-45.825,-15.116],[-45.871,-15.159],[-45.919,-15.133],[-45.954,-15.14],[-45.985,-15.196],[-46.03,-15.202],[-46.053,-15.259],[-46.077,-15.265],[-46.121,-15.195],[-46.05,-15.168],[-46.044,-15.118],[-45.975,-15.039],[-45.966,-14.977],[-46.053,-14.831],[-46.007,-14.792],[-46.002,-14.711],[-46.029,-14.681],[-46.025,-14.665],[-45.99,-14.659],[-45.997,-14.543],[-45.977,-14.539],[-46.004,-14.516],[-45.994,-14.495],[-46.016,-14.469],[-46.001,-14.435],[-46.018,-14.419],[-46.009,-14.406],[-45.981,-14.433],[-45.935,-14.415],[-45.907,-14.353],[-45.943,-14.344],[-45.961,-14.288],[-45.995,-14.279],[-45.996,-14.257],[-46.022,-14.26],[-46.061,-14.233],[-46.061,-14.194],[-46.096,-14.205],[-46.116,-14.188],[-46.118,-14.16],[-46.186,-14.152],[-46.202,-14.12],[-46.266,-14.098],[-46.227,-14.073],[-46.248,-14.057],[-46.21,-14.013],[-46.219,-13.974],[-46.268,-13.944],[-46.234,-13.846],[-46.27,-13.829],[-46.263,-13.809],[-46.282,-13.795],[-46.224,-13.769],[-46.237,-13.745],[-46.267,-13.74],[-46.236,-13.711],[-46.261,-13.688],[-46.162,-13.591],[-46.184,-13.568],[-46.236,-13.563],[-46.241,-13.526],[-46.219,-13.501],[-46.23,-13.481],[-46.206,-13.466],[-46.226,-13.434],[-46.244,-13.434],[-46.214,-13.401],[-46.134,-13.375],[-46.095,-13.332],[-46.052,-13.312],[-46.041,-13.277],[-46.064,-13.261],[-46.279,-13.348],[-46.289,-13.315],[-46.316,-13.303],[-46.299,-13.254],[-46.331,-13.252],[-46.301,-13.194],[-46.31,-13.158],[-46.292,-13.144],[-46.323,-13.098],[-46.273,-13.015],[-46.126,-12.961],[-46.112,-12.926],[-46.139,-12.909],[-46.221,-12.941],[-46.267,-12.932],[-46.305,-12.949],[-46.286,-12.895],[-46.293,-12.859],[-46.262,-12.832],[-46.283,-12.784],[-46.265,-12.717],[-46.293,-12.693],[-46.256,-12.658],[-46.291,-12.633],[-46.28,-12.585],[-46.259,-12.548],[-46.161,-12.529],[-46.154,-12.483],[-46.179,-12.475],[-46.228,-12.498],[-46.255,-12.494],[-46.252,-12.43],[-46.265,-12.413],[-46.301,-12.416],[-46.286,-12.379],[-46.352,-12.337],[-46.351,-12.318],[-46.323,-12.304],[-46.375,-12.287],[-46.366,-12.267],[-46.381,-12.249],[-46.36,-12.224],[-46.369,-12.2],[-46.391,-12.194],[-46.39,-12.171],[-46.366,-12.104],[-46.386,-12.092],[-46.379,-12.06],[-46.398,-12.04],[-46.326,-11.958],[-46.193,-11.929],[-46.171,-11.901],[-46.189,-11.884],[-46.238,-11.903],[-46.285,-11.886],[-46.318,-11.898],[-46.373,-11.872],[-46.373,-11.837],[-46.349,-11.839],[-46.323,-11.771],[-46.373,-11.751],[-46.329,-11.737],[-46.294,-11.693],[-46.315,-11.631],[-46.256,-11.621],[-46.2,-11.652],[-46.154,-11.657],[-46.083,-11.636],[-46.103,-11.611],[-46.203,-11.603],[-46.236,-11.565],[-46.313,-11.539],[-46.411,-11.542],[-46.446,-11.515],[-46.479,-11.516],[-46.52,-11.484],[-46.528,-11.423],[-46.549,-11.408],[-46.549,-11.381],[-46.6,-11.352],[-46.617,-11.289],[-46.6,-11.265],[-46.61,-11.256],[-46.472,-11.191],[-46.448,-11.092],[-46.402,-11.0],[-46.286,-10.91],[-46.3,-10.871],[-46.282,-10.824],[-46.231,-10.796],[-46.228,-10.768],[-46.257,-10.76],[-46.194,-10.717],[-46.206,-10.659],[-46.007,-10.575],[-45.945,-10.526],[-45.845,-10.487],[-45.827,-10.368],[-45.745,-10.348],[-45.698,-10.263],[-45.7,-10.183],[-45.724,-10.156],[-45.685,-10.153],[-45.603,-10.108],[-45.567,-10.14],[-45.567,-10.201],[-45.526,-10.237],[-45.521,-10.28],[-45.43,-10.359],[-45.424,-10.426],[-45.396,-10.445],[-45.447,-10.507],[-45.432,-10.631],[-45.385,-10.652],[-45.358,-10.732],[-45.268,-10.776],[-45.248,-10.822],[-45.073,-10.84],[-44.931,-10.929],[-44.86,-10.883],[-44.844,-10.9],[-44.808,-10.866],[-44.788,-10.809],[-44.759,-10.805],[-44.746,-10.778],[-44.668,-10.76],[-44.667,-10.682],[-44.618,-10.671],[-44.585,-10.629],[-44.501,-10.65],[-44.456,-10.608],[-44.398,-10.606],[-44.337,-10.549],[-44.306,-10.566],[-44.264,-10.625],[-44.214,-10.614],[-44.166,-10.643],[-44.134,-10.637],[-44.111,-10.597],[-44.072,-10.58],[-44.051,-10.506],[-44.026,-10.475],[-44.028,-10.412],[-44.008,-10.405],[-43.973,-10.433],[-43.918,-10.429],[-43.915,-10.384],[-43.838,-10.305],[-43.837,-10.25],[-43.779,-10.18],[-43.766,-10.08],[-43.693,-10.077],[-43.69,-10.045],[-43.662,-10.01],[-43.666,-9.99],[-43.703,-9.966],[-43.69,-9.929],[-43.709,-9.913],[-43.653,-9.839],[-43.785,-9.762],[-43.797,-9.696],[-43.842,-9.637],[-43.85,-9.55],[-43.778,-9.449],[-43.686,-9.418],[-43.579,-9.32],[-43.531,-9.304],[-43.485,-9.265],[-43.428,-9.273],[-43.361,-9.364],[-43.33,-9.372],[-43.279,-9.425],[-43.214,-9.4],[-43.192,-9.42],[-43.159,-9.377],[-43.133,-9.387],[-43.12,-9.372],[-43.08,-9.399],[-43.061,-9.395],[-43.057,-9.419],[-42.973,-9.407],[-42.946,-9.518],[-42.904,-9.527],[-42.873,-9.564],[-42.837,-9.55],[-42.821,-9.619],[-42.77,-9.619],[-42.717,-9.556],[-42.72,-9.531],[-42.68,-9.549],[-42.622,-9.541],[-42.589,-9.497],[-42.493,-9.495],[-42.489,-9.462],[-42.441,-9.456],[-42.423,-9.414],[-42.36,-9.378],[-42.357,-9.353],[-42.316,-9.317],[-42.269,-9.31],[-42.231,-9.283],[-42.101,-9.282],[-42.067,-9.256],[-42.025,-9.25],[-42.0,-9.266],[-41.972,-9.249],[-41.918,-9.278],[-41.871,-9.237],[-41.838,-9.242],[-41.8,-9.148],[-41.735,-9.095],[-41.726,-9.016],[-41.68,-9.012],[-41.669,-8.99],[-41.629,-8.985],[-41.606,-8.957],[-41.57,-8.955],[-41.565,-8.97],[-41.545,-8.961],[-41.503,-8.864],[-41.424,-8.803],[-41.381,-8.707],[-41.282,-8.736],[-41.227,-8.705],[-41.114,-8.704],[-41.125,-8.753],[-41.102,-8.782],[-41.036,-8.786],[-41.021,-8.844],[-40.979,-8.823],[-40.955,-8.844],[-40.919,-8.837],[-40.852,-8.952],[-40.809,-9.094],[-40.757,-9.105],[-40.757,-9.12],[-40.71,-9.141],[-40.685,-9.138],[-40.667,-9.159],[-40.695,-9.233],[-40.686,-9.276],[-40.756,-9.315],[-40.737,-9.337],[-40.743,-9.401],[-40.765,-9.413],[-40.777,-9.454],[-40.722,-9.446],[-40.621,-9.483],[-40.556,-9.458],[-40.529,-9.414],[-40.468,-9.421],[-40.424,-9.353],[-40.371,-9.379],[-40.339,-9.36],[-40.286,-9.186],[-40.287,-9.117],[-40.256,-9.063],[-40.224,-9.057],[-40.165,-9.106],[-40.13,-9.11],[-40.066,-9.063],[-39.958,-9.049],[-39.873,-8.934],[-39.903,-8.859],[-39.893,-8.829],[-39.789,-8.819],[-39.748,-8.794],[-39.693,-8.799],[-39.672,-8.778],[-39.691,-8.662],[-39.607,-8.656],[-39.476,-8.593],[-39.41,-8.539],[-39.364,-8.538]]],[[[-38.904,-13.38],[-38.904,-13.381],[-38.905,-13.379],[-38.904,-13.38]]],[[[-38.947,-13.387],[-38.947,-13.385],[-38.945,-13.384],[-38.947,-13.387]]],[[[-38.964,-13.676],[-38.964,-13.677],[-38.965,-13.676],[-38.964,-13.676]]],[[[-38.94,-13.836],[-38.938,-13.839],[-38.943,-13.836],[-38.94,-13.836]]],[[[-39.017,-14.769],[-39.018,-14.771],[-39.018,-14.77],[-39.017,-14.769]]],[[[-39.016,-14.77],[-39.015,-14.771],[-39.016,-14.771],[-39.016,-14.77]]],[[[-39.015,-14.772],[-39.016,-14.772],[-39.016,-14.771],[-39.015,-14.772]]],[[[-39.015,-14.79],[-39.014,-14.79],[-39.015,-14.791],[-39.015,-14.79]]],[[[-38.998,-14.979],[-38.998,-14.98],[-38.999,-14.981],[-38.998,-14.979]],[[-38.923,-16.031],[-38.923,-16.031],[-38.922,-16.028],[-38.923,-16.031]]],[[[-38.919,-16.179],[-38.92,-16.179],[-38.919,-16.178],[-38.919,-16.179]],[[-38.956,-16.226],[-38.956,-16.225],[-38.956,-16.225],[-38.956,-16.226]]],[[[-39.176,-17.74],[-39.198,-17.758],[-39.202,-17.756],[-39.176,-17.74]]],[[[-38.692,-17.961],[-38.693,-17.961],[-38.692,-17.96],[-38.692,-17.961]]],[[[-38.7,-17.961],[-38.692,-17.966],[-38.707,-17.963],[-38.7,-17.961]]],[[[-38.708,-17.967],[-38.713,-17.965],[-38.708,-17.964],[-38.708,-17.967]]],[[[-39.208,-17.968],[-39.209,-17.968],[-39.207,-17.966],[-39.208,-17.968]]],[[[-38.707,-17.97],[-38.708,-17.971],[-38.715,-17.971],[-38.707,-17.97]]],[[[-38.701,-17.979],[-38.696,-17.98],[-38.701,-17.982],[-38.701,-17.979]],[[-38.696,-17.979],[-38.696,-17.979],[-38.696,-17.979],[-38.696,-17.979]]]]}},{"type":"Feature","properties":{"codigo_area_atuacao":"C.016.CE.1998","sigla":"ENEL CE","num_municipios":184,"populacao_estimada_2018":9075649,"area_km2":148895.80872851,"tipo_outorga":"CONCESSIONÁRIA","uf":"CE","regiao":"NORDESTE","num_unidades_consumidoras":3669240,"cnpj":"07.047.251/0001-70","razao_social":"COMPANHIA ENERGÉTICA DO CEARÁ","ato_legal":"ECT 01/1998 de 13/05/1998","inicio_vigencia_epoch_ms":883623600000,"cnpj_digits":"07047251000170","subsystem_id":"NE","subsystem_mapping_method":"GEOGRAPHIC_REGION_PROXY_MVP"},"geometry":{"type":"MultiPolygon","coordinates":[[[[-40.496,-2.785],[-40.412,-2.813],[-40.185,-2.812],[-40.144,-2.84],[-40.126,-2.824],[-39.984,-2.848],[-39.995,-2.84],[-39.885,-2.891],[-39.925,-2.871],[-39.908,-2.873],[-39.719,-2.998],[-39.687,-2.997],[-39.656,-3.023],[-39.62,-3.026],[-39.594,-3.068],[-39.55,-3.079],[-39.463,-3.144],[-39.25,-3.223],[-39.159,-3.332],[-39.113,-3.347],[-39.074,-3.401],[-39.049,-3.413],[-38.984,-3.403],[-38.911,-3.503],[-38.848,-3.543],[-38.812,-3.542],[-38.762,-3.606],[-38.652,-3.682],[-38.496,-3.725],[-38.476,-3.719],[-38.483,-3.699],[-38.46,-3.705],[-38.436,-3.771],[-38.36,-3.885],[-38.319,-3.926],[-38.273,-3.945],[-38.044,-4.219],[-37.854,-4.379],[-37.77,-4.401],[-37.769,-4.426],[-37.716,-4.512],[-37.595,-4.623],[-37.543,-4.645],[-37.498,-4.627],[-37.471,-4.651],[-37.328,-4.698],[-37.285,-4.746],[-37.253,-4.831],[-37.64,-4.926],[-37.678,-5.054],[-37.725,-5.071],[-37.765,-5.14],[-37.79,-5.211],[-37.783,-5.295],[-37.858,-5.357],[-37.86,-5.407],[-37.902,-5.5],[-37.933,-5.503],[-37.948,-5.535],[-37.99,-5.556],[-38.034,-5.637],[-38.082,-5.67],[-38.088,-5.73],[-38.047,-5.733],[-38.114,-5.822],[-38.123,-5.882],[-38.164,-5.927],[-38.164,-5.945],[-38.245,-5.999],[-38.259,-6.054],[-38.304,-6.087],[-38.347,-6.067],[-38.366,-6.088],[-38.383,-6.052],[-38.424,-6.067],[-38.501,-6.191],[-38.527,-6.193],[-38.528,-6.239],[-38.58,-6.28],[-38.566,-6.303],[-38.582,-6.331],[-38.563,-6.356],[-38.602,-6.391],[-38.572,-6.404],[-38.529,-6.393],[-38.518,-6.409],[-38.554,-6.433],[-38.612,-6.513],[-38.607,-6.53],[-38.643,-6.581],[-38.629,-6.605],[-38.657,-6.637],[-38.646,-6.662],[-38.673,-6.697],[-38.653,-6.76],[-38.614,-6.783],[-38.668,-6.828],[-38.675,-6.862],[-38.764,-6.909],[-38.766,-6.949],[-38.742,-6.974],[-38.765,-6.993],[-38.67,-7.048],[-38.677,-7.067],[-38.656,-7.092],[-38.688,-7.19],[-38.625,-7.191],[-38.615,-7.23],[-38.595,-7.247],[-38.552,-7.243],[-38.535,-7.294],[-38.595,-7.411],[-38.585,-7.435],[-38.606,-7.445],[-38.603,-7.458],[-38.646,-7.463],[-38.631,-7.484],[-38.655,-7.522],[-38.655,-7.566],[-38.711,-7.587],[-38.715,-7.622],[-38.737,-7.635],[-38.743,-7.66],[-38.82,-7.665],[-38.828,-7.72],[-38.869,-7.711],[-38.881,-7.747],[-38.94,-7.759],[-38.963,-7.845],[-39.001,-7.84],[-39.016,-7.812],[-39.026,-7.825],[-39.054,-7.819],[-39.093,-7.858],[-39.1,-7.776],[-39.136,-7.723],[-39.208,-7.689],[-39.253,-7.705],[-39.25,-7.684],[-39.27,-7.66],[-39.306,-7.666],[-39.376,-7.612],[-39.42,-7.604],[-39.435,-7.574],[-39.472,-7.576],[-39.485,-7.534],[-39.457,-7.506],[-39.461,-7.471],[-39.502,-7.464],[-39.548,-7.483],[-39.572,-7.43],[-39.629,-7.426],[-39.653,-7.372],[-39.706,-7.338],[-39.858,-7.325],[-40.001,-7.374],[-40.087,-7.383],[-40.196,-7.358],[-40.263,-7.301],[-40.319,-7.303],[-40.361,-7.356],[-40.394,-7.368],[-40.434,-7.367],[-40.524,-7.318],[-40.49,-7.119],[-40.428,-7.034],[-40.439,-7.016],[-40.406,-7.005],[-40.43,-6.993],[-40.43,-6.868],[-40.371,-6.803],[-40.432,-6.813],[-40.477,-6.733],[-40.602,-6.716],[-40.649,-6.679],[-40.718,-6.671],[-40.732,-6.655],[-40.722,-6.619],[-40.742,-6.572],[-40.791,-6.519],[-40.805,-6.393],[-40.781,-6.352],[-40.782,-6.317],[-40.852,-6.224],[-40.846,-6.135],[-40.873,-6.057],[-40.908,-6.045],[-40.874,-5.967],[-40.88,-5.918],[-40.898,-5.901],[-40.914,-5.727],[-40.939,-5.673],[-40.911,-5.657],[-40.901,-5.616],[-40.936,-5.526],[-40.916,-5.464],[-40.944,-5.424],[-40.912,-5.407],[-40.936,-5.366],[-40.912,-5.314],[-40.927,-5.297],[-40.912,-5.267],[-40.942,-5.24],[-40.922,-5.226],[-40.926,-5.177],[-40.982,-5.154],[-41.034,-5.091],[-41.054,-5.103],[-41.081,-5.09],[-41.097,-5.053],[-41.132,-5.049],[-41.12,-5.021],[-41.138,-4.985],[-41.151,-4.992],[-41.189,-4.941],[-41.204,-4.95],[-41.221,-4.938],[-41.228,-4.891],[-41.25,-4.87],[-41.242,-4.822],[-41.208,-4.777],[-41.25,-4.757],[-41.174,-4.667],[-41.229,-4.62],[-41.221,-4.579],[-41.242,-4.57],[-41.222,-4.567],[-41.191,-4.516],[-41.16,-4.381],[-41.12,-4.331],[-41.136,-4.234],[-41.091,-4.17],[-41.118,-4.165],[-41.143,-4.124],[-41.113,-4.042],[-41.172,-4.032],[-41.186,-4.017],[-41.257,-4.035],[-41.22,-3.942],[-41.277,-3.826],[-41.301,-3.826],[-41.254,-3.775],[-41.259,-3.733],[-41.238,-3.716],[-41.342,-3.681],[-41.331,-3.625],[-41.345,-3.589],[-41.371,-3.573],[-41.337,-3.554],[-41.324,-3.503],[-41.303,-3.492],[-41.32,-3.484],[-41.324,-3.386],[-41.387,-3.409],[-41.399,-3.364],[-41.423,-3.364],[-41.322,-3.18],[-41.319,-3.145],[-41.256,-3.088],[-41.261,-3.05],[-41.248,-3.027],[-41.271,-2.971],[-41.322,-2.952],[-41.323,-2.921],[-41.271,-2.887],[-41.116,-2.885],[-41.102,-2.901],[-41.108,-2.89],[-41.016,-2.892],[-40.863,-2.856],[-40.845,-2.886],[-40.76,-2.849],[-40.588,-2.846],[-40.596,-2.839],[-40.537,-2.819],[-40.52,-2.791],[-40.496,-2.785]]],[[[-38.796,-3.535],[-38.803,-3.519],[-38.792,-3.531],[-38.796,-3.535]]],[[[-40.996,-2.875],[-40.994,-2.875],[-40.996,-2.876],[-40.996,-2.875]],[[-40.423,-2.809],[-40.424,-2.809],[-40.424,-2.809],[-40.423,-2.809]]]]}},{"type":"Feature","properties":{"codigo_area_atuacao":"C.063.SC.2002","sigla":"COOPERALIANÇA","num_municipios":4,"populacao_estimada_2018":63967,"area_km2":702.9307139,"tipo_outorga":"CONCESSIONÁRIA","uf":"SC","regiao":"SUL","num_unidades_consumidoras":40009,"cnpj":"83.647.990/0001-81","razao_social":"COOPERATIVA ALIANÇA","ato_legal":"ECT 145/2002 de 16/01/2002","inicio_vigencia_epoch_ms":1009854000000,"cnpj_digits":"83647990000181","subsystem_id":"S","subsystem_mapping_method":"GEOGRAPHIC_REGION_PROXY_MVP"},"geometry":{"type":"Polygon","coordinates":[[[-49.018,-28.534],[-48.997,-28.557],[-48.968,-28.555],[-48.971,-28.573],[-48.945,-28.594],[-48.873,-28.594],[-48.858,-28.616],[-49.079,-28.732],[-49.29,-28.883],[-49.351,-28.855],[-49.357,-28.755],[-49.335,-28.754],[-49.333,-28.679],[-49.214,-28.671],[-49.176,-28.685],[-49.182,-28.641],[-49.018,-28.534]]]}},{"type":"Feature","properties":{"codigo_area_atuacao":"C.038.PR.1999","sigla":"COPEL-DIS","num_municipios":414,"populacao_estimada_2018":10987505,"area_km2":193319.60469042,"tipo_outorga":"CONCESSIONÁRIA","uf":"PR","regiao":"SUL","num_unidades_consumidoras":5224635,"cnpj":"04.368.898/0001-06","razao_social":"COPEL DISTRIBUIÇÃO S.A.","ato_legal":"ECT 046/1999 de 24/06/1999","inicio_vigencia_epoch_ms":915159600000,"cnpj_digits":"04368898000106","subsystem_id":"S","subsystem_mapping_method":"GEOGRAPHIC_REGION_PROXY_MVP"},"geometry":{"type":"MultiPolygon","coordinates":[[[[-52.052,-22.539],[-51.941,-22.567],[-51.869,-22.63],[-51.754,-22.617],[-51.734,-22.625],[-51.718,-22.669],[-51.628,-22.658],[-51.56,-22.697],[-51.499,-22.691],[-51.446,-22.653],[-51.402,-22.668],[-51.265,-22.668],[-51.228,-22.716],[-51.15,-22.755],[-51.058,-22.766],[-51.006,-22.794],[-50.972,-22.782],[-50.941,-22.805],[-50.889,-22.797],[-50.793,-22.894],[-50.804,-22.946],[-50.736,-22.963],[-50.711,-22.955],[-50.662,-22.895],[-50.609,-22.924],[-50.577,-22.904],[-50.54,-22.912],[-50.506,-22.945],[-50.43,-22.946],[-50.419,-22.914],[-50.379,-22.905],[-50.336,-22.95],[-50.273,-22.931],[-50.238,-22.954],[-50.067,-22.928],[-50.048,-22.902],[-49.995,-22.93],[-49.998,-22.9],[-49.975,-22.904],[-49.961,-22.931],[-49.976,-22.958],[-49.971,-23.017],[-50.006,-23.039],[-50.008,-23.057],[-50.048,-23.073],[-50.054,-23.095],[-50.112,-23.067],[-50.133,-23.081],[-50.247,-23.074],[-50.254,-23.095],[-50.234,-23.106],[-50.244,-23.133],[-50.229,-23.123],[-50.201,-23.147],[-50.161,-23.124],[-50.15,-23.145],[-50.137,-23.131],[-50.123,-23.184],[-50.102,-23.171],[-50.072,-23.18],[-50.072,-23.198],[-50.057,-23.174],[-50.055,-23.196],[-50.036,-23.193],[-50.04,-23.21],[-50.03,-23.203],[-50.004,-23.234],[-49.988,-23.228],[-49.956,-23.248],[-49.967,-23.255],[-49.95,-23.293],[-49.858,-23.361],[-49.871,-23.378],[-49.834,-23.44],[-49.801,-23.433],[-49.82,-23.407],[-49.79,-23.39],[-49.75,-23.392],[-49.739,-23.364],[-49.717,-23.371],[-49.686,-23.351],[-49.644,-23.363],[-49.638,-23.35],[-49.595,-23.367],[-49.592,-23.389],[-49.621,-23.397],[-49.6,-23.397],[-49.581,-23.432],[-49.567,-23.428],[-49.573,-23.444],[-49.596,-23.44],[-49.599,-23.477],[-49.615,-23.472],[-49.621,-23.492],[-49.613,-23.508],[-49.629,-23.512],[-49.6,-23.536],[-49.602,-23.583],[-49.621,-23.611],[-49.606,-23.624],[-49.617,-23.64],[-49.556,-23.691],[-49.548,-23.735],[-49.564,-23.732],[-49.573,-23.756],[-49.561,-23.761],[-49.561,-23.816],[-49.611,-23.852],[-49.585,-23.89],[-49.574,-23.878],[-49.577,-23.897],[-49.557,-23.923],[-49.512,-23.926],[-49.521,-23.946],[-49.5,-23.959],[-49.517,-23.97],[-49.494,-23.978],[-49.498,-23.994],[-49.481,-24.006],[-49.49,-24.02],[-49.463,-24.027],[-49.43,-24.089],[-49.337,-24.138],[-49.342,-24.203],[-49.356,-24.215],[-49.305,-24.251],[-49.284,-24.308],[-49.201,-24.344],[-49.254,-24.405],[-49.236,-24.41],[-49.253,-24.436],[-49.247,-24.469],[-49.296,-24.502],[-49.28,-24.537],[-49.316,-24.556],[-49.305,-24.674],[-49.276,-24.694],[-49.215,-24.702],[-49.181,-24.672],[-49.112,-24.688],[-49.08,-24.673],[-49.064,-24.686],[-49.037,-24.66],[-49.04,-24.637],[-49.005,-24.633],[-49.009,-24.66],[-48.991,-24.655],[-48.958,-24.685],[-48.942,-24.672],[-48.852,-24.675],[-48.859,-24.658],[-48.827,-24.654],[-48.779,-24.697],[-48.757,-24.68],[-48.752,-24.695],[-48.704,-24.68],[-48.69,-24.694],[-48.694,-24.671],[-48.679,-24.671],[-48.677,-24.698],[-48.66,-24.707],[-48.638,-24.678],[-48.582,-24.671],[-48.531,-24.738],[-48.499,-24.739],[-48.517,-24.78],[-48.556,-24.806],[-48.567,-24.864],[-48.545,-24.879],[-48.559,-24.901],[-48.572,-24.895],[-48.567,-24.972],[-48.601,-25.011],[-48.583,-25.052],[-48.559,-25.062],[-48.556,-25.087],[-48.529,-25.101],[-48.483,-25.053],[-48.474,-25.013],[-48.411,-24.98],[-48.379,-24.997],[-48.351,-25.036],[-48.324,-25.037],[-48.33,-25.07],[-48.297,-25.023],[-48.288,-25.04],[-48.278,-25.033],[-48.25,-24.977],[-48.223,-25.009],[-48.232,-25.021],[-48.209,-25.027],[-48.205,-25.1],[-48.157,-25.145],[-48.191,-25.196],[-48.115,-25.251],[-48.062,-25.24],[-48.057,-25.218],[-48.028,-25.221],[-48.028,-25.236],[-48.172,-25.387],[-48.215,-25.474],[-48.247,-25.465],[-48.31,-25.493],[-48.277,-25.514],[-48.299,-25.567],[-48.32,-25.587],[-48.368,-25.591],[-48.432,-25.643],[-48.527,-25.802],[-48.535,-25.853],[-48.565,-25.856],[-48.56,-25.891],[-48.595,-25.977],[-48.634,-25.978],[-48.644,-25.956],[-48.682,-25.984],[-48.96,-25.981],[-48.95,-25.99],[-48.979,-25.989],[-49.007,-26.016],[-49.041,-26.004],[-49.054,-26.021],[-49.072,-26.0],[-49.098,-26.01],[-49.126,-25.996],[-49.14,-26.016],[-49.175,-26.0],[-49.238,-26.031],[-49.266,-26.081],[-49.294,-26.083],[-49.29,-26.104],[-49.322,-26.11],[-49.37,-26.156],[-49.416,-26.153],[-49.437,-26.173],[-49.461,-26.162],[-49.487,-26.18],[-49.496,-26.221],[-49.52,-26.227],[-49.538,-26.213],[-49.556,-26.237],[-49.578,-26.214],[-49.591,-26.232],[-49.588,-26.217],[-49.602,-26.229],[-49.605,-26.212],[-49.635,-26.209],[-49.634,-26.19],[-49.644,-26.21],[-49.654,-26.187],[-49.691,-26.189],[-49.677,-26.176],[-49.711,-26.154],[-49.728,-26.171],[-49.737,-26.158],[-49.725,-26.145],[-49.749,-26.14],[-49.768,-26.104],[-49.778,-26.12],[-49.787,-26.098],[-49.793,-26.113],[-49.807,-26.089],[-49.825,-26.093],[-49.83,-26.069],[-49.841,-26.077],[-49.832,-26.053],[-49.845,-26.065],[-49.87,-26.033],[-49.935,-26.033],[-49.942,-26.008],[-49.972,-26.058],[-49.963,-26.028],[-49.977,-26.014],[-50.011,-26.013],[-50.006,-26.046],[-50.036,-26.027],[-50.076,-26.046],[-50.083,-26.024],[-50.118,-26.064],[-50.132,-26.042],[-50.148,-26.058],[-50.14,-26.027],[-50.17,-26.025],[-50.18,-26.033],[-50.153,-26.042],[-50.18,-26.079],[-50.251,-26.03],[-50.252,-26.051],[-50.298,-26.054],[-50.332,-26.083],[-50.324,-26.135],[-50.369,-26.112],[-50.362,-26.093],[-50.403,-26.057],[-50.433,-26.062],[-50.444,-26.034],[-50.499,-26.022],[-50.548,-26.04],[-50.57,-26.002],[-50.591,-26.041],[-50.553,-26.043],[-50.552,-26.058],[-50.631,-26.065],[-50.657,-26.102],[-50.649,-26.131],[-50.731,-26.206],[-50.716,-26.245],[-50.742,-26.249],[-50.751,-26.224],[-50.781,-26.225],[-50.824,-26.245],[-50.839,-26.271],[-50.869,-26.241],[-50.882,-26.279],[-50.902,-26.289],[-50.908,-26.251],[-50.933,-26.234],[-50.944,-26.238],[-50.932,-26.268],[-50.945,-26.283],[-50.999,-26.231],[-51.057,-26.244],[-51.079,-26.227],[-51.104,-26.276],[-51.207,-26.296],[-51.248,-26.33],[-51.251,-26.374],[-51.3,-26.418],[-51.277,-26.458],[-51.253,-26.462],[-51.273,-26.498],[-51.215,-26.567],[-51.238,-26.605],[-51.227,-26.615],[-51.277,-26.636],[-51.283,-26.654],[-51.332,-26.647],[-51.391,-26.663],[-51.405,-26.676],[-51.394,-26.703],[-51.411,-26.717],[-51.407,-26.701],[-51.435,-26.688],[-51.506,-26.582],[-51.631,-26.588],[-51.666,-26.564],[-51.694,-26.581],[-51.735,-26.572],[-51.789,-26.589],[-51.814,-26.578],[-51.873,-26.599],[-51.897,-26.58],[-52.009,-26.567],[-52.033,-26.541],[-52.081,-26.525],[-52.101,-26.482],[-52.167,-26.465],[-52.186,-26.445],[-52.23,-26.467],[-52.312,-26.439],[-52.377,-26.441],[-52.4,-26.423],[-52.459,-26.441],[-52.525,-26.399],[-52.603,-26.415],[-52.679,-26.353],[-52.719,-26.357],[-52.738,-26.342],[-52.942,-26.363],[-52.988,-26.346],[-53.093,-26.392],[-53.144,-26.345],[-53.184,-26.344],[-53.265,-26.289],[-53.284,-26.246],[-53.305,-26.261],[-53.376,-26.242],[-53.461,-26.296],[-53.551,-26.294],[-53.586,-26.256],[-53.64,-26.253],[-53.654,-26.235],[-53.641,-26.216],[-53.65,-26.195],[-53.742,-26.116],[-53.734,-26.043],[-53.772,-26.031],[-53.803,-25.985],[-53.818,-25.99],[-53.836,-25.972],[-53.843,-25.934],[-53.82,-25.927],[-53.819,-25.913],[-53.835,-25.912],[-53.819,-25.899],[-53.85,-25.884],[-53.823,-25.872],[-53.85,-25.839],[-53.838,-25.816],[-53.82,-25.816],[-53.822,-25.794],[-53.843,-25.791],[-53.831,-25.781],[-53.857,-25.766],[-53.835,-25.75],[-53.866,-25.744],[-53.859,-25.723],[-53.879,-25.708],[-53.865,-25.705],[-53.873,-25.694],[-53.851,-25.706],[-53.855,-25.691],[-53.842,-25.688],[-53.862,-25.659],[-53.89,-25.661],[-53.877,-25.645],[-53.895,-25.643],[-53.891,-25.623],[-53.912,-25.636],[-53.917,-25.616],[-53.949,-25.612],[-53.956,-25.646],[-53.978,-25.612],[-53.97,-25.601],[-54.011,-25.567],[-54.052,-25.585],[-54.078,-25.558],[-54.102,-25.618],[-54.123,-25.568],[-54.094,-25.515],[-54.104,-25.494],[-54.163,-25.543],[-54.206,-25.542],[-54.176,-25.584],[-54.23,-25.563],[-54.235,-25.594],[-54.254,-25.596],[-54.288,-25.554],[-54.329,-25.572],[-54.35,-25.607],[-54.387,-25.598],[-54.432,-25.697],[-54.493,-25.618],[-54.526,-25.629],[-54.553,-25.588],[-54.594,-25.592],[-54.601,-25.485],[-54.619,-25.454],[-54.501,-25.299],[-54.464,-25.195],[-54.43,-25.159],[-54.461,-25.095],[-54.442,-24.949],[-54.387,-24.777],[-54.325,-24.663],[-54.318,-24.591],[-54.338,-24.518],[-54.329,-24.471],[-54.259,-24.365],[-54.274,-24.297],[-54.324,-24.247],[-54.341,-24.131],[-54.286,-24.069],[-54.133,-23.984],[-54.102,-23.952],[-54.08,-23.889],[-54.08,-23.781],[-54.053,-23.725],[-53.987,-23.465],[-53.964,-23.444],[-53.932,-23.446],[-53.775,-23.375],[-53.741,-23.336],[-53.637,-23.125],[-53.635,-23.001],[-53.607,-22.951],[-53.542,-22.886],[-53.378,-22.803],[-53.36,-22.78],[-53.194,-22.725],[-53.105,-22.622],[-53.088,-22.658],[-52.972,-22.57],[-52.925,-22.566],[-52.858,-22.608],[-52.815,-22.597],[-52.708,-22.628],[-52.585,-22.566],[-52.503,-22.635],[-52.438,-22.607],[-52.313,-22.637],[-52.25,-22.615],[-52.231,-22.634],[-52.223,-22.676],[-52.157,-22.645],[-52.161,-22.589],[-52.128,-22.52],[-52.052,-22.539]],[[-51.253,-25.019],[-51.282,-25.021],[-51.264,-25.031],[-51.29,-25.045],[-51.269,-25.072],[-51.29,-25.058],[-51.304,-25.073],[-51.294,-25.108],[-51.391,-25.114],[-51.399,-25.144],[-51.445,-25.14],[-51.559,-25.177],[-51.621,-25.159],[-51.607,-25.123],[-51.671,-25.094],[-51.657,-25.168],[-51.638,-25.192],[-51.656,-25.2],[-51.653,-25.221],[-51.711,-25.23],[-51.746,-25.202],[-51.787,-25.233],[-51.873,-25.222],[-51.886,-25.253],[-51.862,-25.268],[-51.882,-25.289],[-51.897,-25.278],[-51.912,-25.287],[-51.91,-25.306],[-51.931,-25.314],[-51.939,-25.302],[-51.943,-25.316],[-51.967,-25.317],[-51.98,-25.295],[-52.023,-25.336],[-52.009,-25.365],[-51.862,-25.313],[-51.801,-25.327],[-51.74,-25.301],[-51.766,-25.36],[-51.758,-25.382],[-51.788,-25.408],[-51.761,-25.421],[-51.771,-25.444],[-51.754,-25.452],[-51.753,-25.473],[-51.788,-25.506],[-51.776,-25.517],[-51.79,-25.542],[-51.819,-25.538],[-51.793,-25.573],[-51.795,-25.6],[-51.771,-25.589],[-51.781,-25.603],[-51.767,-25.613],[-51.751,-25.61],[-51.755,-25.598],[-51.706,-25.616],[-51.702,-25.593],[-51.654,-25.599],[-51.643,-25.616],[-51.63,-25.594],[-51.592,-25.659],[-51.551,-25.62],[-51.522,-25.627],[-51.513,-25.612],[-51.498,-25.625],[-51.488,-25.608],[-51.476,-25.63],[-51.498,-25.631],[-51.511,-25.661],[-51.494,-25.682],[-51.481,-25.662],[-51.428,-25.661],[-51.398,-25.625],[-51.382,-25.642],[-51.373,-25.629],[-51.325,-25.624],[-51.296,-25.637],[-51.271,-25.592],[-51.269,-25.552],[-51.294,-25.554],[-51.342,-25.525],[-51.335,-25.497],[-51.369,-25.464],[-51.346,-25.453],[-51.293,-25.479],[-51.226,-25.462],[-51.197,-25.486],[-51.17,-25.47],[-51.152,-25.485],[-51.112,-25.474],[-51.09,-25.448],[-51.109,-25.426],[-51.124,-25.454],[-51.126,-25.433],[-51.154,-25.438],[-51.127,-25.411],[-51.171,-25.412],[-51.138,-25.393],[-51.139,-25.378],[-51.159,-25.382],[-51.157,-25.369],[-51.135,-25.368],[-51.137,-25.347],[-51.115,-25.35],[-51.14,-25.347],[-51.146,-25.325],[-51.163,-25.341],[-51.153,-25.353],[-51.17,-25.351],[-51.17,-25.329],[-51.195,-25.332],[-51.226,-25.297],[-51.199,-25.299],[-51.201,-25.267],[-51.188,-25.272],[-51.192,-25.255],[-51.177,-25.25],[-51.205,-25.232],[-51.158,-25.232],[-51.189,-25.212],[-51.203,-25.219],[-51.215,-25.203],[-51.2,-25.205],[-51.176,-25.177],[-51.232,-25.155],[-51.223,-25.136],[-51.254,-25.128],[-51.235,-25.121],[-51.246,-25.107],[-51.225,-25.08],[-51.257,-25.048],[-51.241,-25.03],[-51.244,-24.97],[-51.253,-25.019]],[[-49.611,-24.979],[-49.639,-25.008],[-49.668,-24.999],[-49.712,-25.022],[-49.702,-25.049],[-49.74,-25.063],[-49.732,-25.127],[-49.68,-25.169],[-49.712,-25.217],[-49.746,-25.221],[-49.781,-25.194],[-49.817,-25.226],[-49.857,-25.235],[-49.758,-25.361],[-49.736,-25.363],[-49.738,-25.393],[-49.715,-25.4],[-49.728,-25.41],[-49.723,-25.432],[-49.689,-25.439],[-49.711,-25.475],[-49.646,-25.47],[-49.603,-25.448],[-49.575,-25.459],[-49.596,-25.499],[-49.554,-25.554],[-49.468,-25.482],[-49.428,-25.481],[-49.376,-25.515],[-49.383,-25.419],[-49.47,-25.377],[-49.483,-25.31],[-49.528,-25.27],[-49.569,-25.262],[-49.578,-25.231],[-49.565,-25.207],[-49.576,-25.2],[-49.554,-25.176],[-49.602,-25.088],[-49.546,-25.046],[-49.599,-25.011],[-49.611,-24.979]],[[-52.673,-25.874],[-52.686,-25.885],[-52.675,-25.92],[-52.642,-25.922],[-52.6,-25.972],[-52.637,-26.0],[-52.619,-26.024],[-52.647,-26.054],[-52.591,-26.07],[-52.569,-26.102],[-52.535,-26.092],[-52.565,-26.021],[-52.547,-26.006],[-52.524,-26.017],[-52.537,-25.992],[-52.464,-25.975],[-52.449,-25.941],[-52.547,-25.93],[-52.591,-25.905],[-52.606,-25.877],[-52.648,-25.889],[-52.673,-25.874]]],[[[-48.407,-25.843],[-48.409,-25.841],[-48.407,-25.842],[-48.407,-25.843]]],[[[-48.364,-25.736],[-48.367,-25.736],[-48.366,-25.734],[-48.364,-25.736]],[[-48.371,-25.734],[-48.369,-25.735],[-48.373,-25.733],[-48.371,-25.734]]]]}},{"type":"Feature","properties":{"codigo_area_atuacao":"C.015.RN.1997","sigla":"COSERN","num_municipios":167,"populacao_estimada_2018":3479010,"area_km2":52809.96986484,"tipo_outorga":"CONCESSIONÁRIA","uf":"RN","regiao":"NORDESTE","num_unidades_consumidoras":1584315,"cnpj":"08.324.196/0001-81","razao_social":"COMPANHIA ENERGÉTICA DO RIO GRANDE DO NORTE COSERN","ato_legal":"ECT 08/1997 de 31/12/1997","inicio_vigencia_epoch_ms":852087600000,"cnpj_digits":"08324196000181","subsystem_id":"NE","subsystem_mapping_method":"GEOGRAPHIC_REGION_PROXY_MVP"},"geometry":{"type":"MultiPolygon","coordinates":[[[[-37.145,-4.95],[-37.144,-4.936],[-37.107,-4.922],[-37.041,-4.95],[-36.96,-4.918],[-36.919,-4.947],[-36.878,-4.951],[-36.797,-5.039],[-36.689,-5.088],[-36.613,-5.094],[-36.61,-5.078],[-36.544,-5.089],[-36.503,-5.062],[-36.331,-5.087],[-36.309,-5.102],[-36.29,-5.088],[-36.161,-5.097],[-35.979,-5.042],[-35.618,-5.114],[-35.489,-5.157],[-35.395,-5.246],[-35.351,-5.362],[-35.319,-5.378],[-35.288,-5.461],[-35.26,-5.482],[-35.214,-5.63],[-35.216,-5.676],[-35.192,-5.701],[-35.204,-5.747],[-35.179,-5.799],[-35.179,-5.866],[-35.154,-5.883],[-35.149,-5.958],[-35.106,-6.007],[-35.095,-6.182],[-35.071,-6.222],[-35.036,-6.235],[-35.027,-6.351],[-34.991,-6.372],[-34.968,-6.487],[-35.058,-6.528],[-35.098,-6.498],[-35.145,-6.553],[-35.17,-6.558],[-35.203,-6.548],[-35.223,-6.516],[-35.275,-6.544],[-35.331,-6.544],[-35.401,-6.492],[-35.525,-6.476],[-35.562,-6.493],[-35.6,-6.461],[-35.66,-6.445],[-35.763,-6.482],[-35.978,-6.489],[-36.005,-6.481],[-36.013,-6.455],[-36.078,-6.405],[-36.11,-6.429],[-36.25,-6.437],[-36.251,-6.404],[-36.296,-6.393],[-36.277,-6.34],[-36.28,-6.309],[-36.304,-6.283],[-36.358,-6.31],[-36.395,-6.294],[-36.43,-6.362],[-36.5,-6.358],[-36.531,-6.452],[-36.526,-6.501],[-36.444,-6.558],[-36.436,-6.626],[-36.461,-6.634],[-36.508,-6.595],[-36.525,-6.6],[-36.559,-6.709],[-36.503,-6.758],[-36.507,-6.813],[-36.57,-6.848],[-36.568,-6.875],[-36.61,-6.937],[-36.687,-6.926],[-36.719,-6.983],[-36.767,-6.936],[-36.731,-6.835],[-36.769,-6.839],[-36.773,-6.787],[-36.835,-6.731],[-36.957,-6.79],[-36.978,-6.722],[-37.0,-6.708],[-37.059,-6.749],[-37.129,-6.766],[-37.191,-6.825],[-37.223,-6.825],[-37.255,-6.811],[-37.274,-6.767],[-37.264,-6.732],[-37.29,-6.713],[-37.284,-6.694],[-37.485,-6.71],[-37.466,-6.66],[-37.482,-6.548],[-37.397,-6.514],[-37.381,-6.437],[-37.397,-6.405],[-37.367,-6.326],[-37.33,-6.306],[-37.317,-6.279],[-37.275,-6.281],[-37.252,-6.226],[-37.202,-6.206],[-37.157,-6.152],[-37.175,-6.142],[-37.174,-6.048],[-37.223,-6.042],[-37.232,-6.028],[-37.254,-6.027],[-37.272,-6.056],[-37.298,-6.05],[-37.354,-6.086],[-37.382,-6.086],[-37.394,-6.109],[-37.446,-6.112],[-37.459,-6.145],[-37.536,-6.153],[-37.54,-6.166],[-37.57,-6.155],[-37.647,-6.189],[-37.708,-6.177],[-37.742,-6.189],[-37.776,-6.231],[-37.762,-6.236],[-37.777,-6.246],[-37.761,-6.254],[-37.771,-6.273],[-37.758,-6.291],[-37.812,-6.293],[-37.824,-6.306],[-37.815,-6.315],[-37.843,-6.33],[-37.842,-6.363],[-37.86,-6.375],[-37.888,-6.364],[-37.886,-6.397],[-37.926,-6.421],[-37.945,-6.423],[-37.955,-6.398],[-37.979,-6.427],[-38.014,-6.427],[-38.013,-6.469],[-38.041,-6.473],[-38.05,-6.441],[-38.117,-6.523],[-38.136,-6.518],[-38.148,-6.491],[-38.187,-6.499],[-38.239,-6.48],[-38.289,-6.506],[-38.331,-6.459],[-38.374,-6.456],[-38.399,-6.41],[-38.426,-6.414],[-38.452,-6.392],[-38.485,-6.399],[-38.49,-6.363],[-38.458,-6.33],[-38.505,-6.357],[-38.533,-6.342],[-38.545,-6.354],[-38.577,-6.347],[-38.582,-6.319],[-38.566,-6.303],[-38.58,-6.28],[-38.528,-6.239],[-38.527,-6.193],[-38.501,-6.191],[-38.475,-6.157],[-38.462,-6.112],[-38.441,-6.097],[-38.447,-6.085],[-38.383,-6.052],[-38.366,-6.088],[-38.347,-6.067],[-38.304,-6.087],[-38.259,-6.054],[-38.245,-5.999],[-38.165,-5.947],[-38.164,-5.927],[-38.125,-5.888],[-38.114,-5.822],[-38.047,-5.733],[-38.088,-5.73],[-38.082,-5.67],[-38.034,-5.637],[-37.99,-5.556],[-37.948,-5.535],[-37.933,-5.503],[-37.902,-5.5],[-37.86,-5.407],[-37.858,-5.357],[-37.783,-5.295],[-37.79,-5.211],[-37.765,-5.14],[-37.725,-5.071],[-37.678,-5.054],[-37.64,-4.926],[-37.253,-4.831],[-37.21,-4.895],[-37.145,-4.95]]],[[[-37.044,-4.819],[-37.046,-4.817],[-37.045,-4.816],[-37.044,-4.819]]]]}},{"type":"Feature","properties":{"codigo_area_atuacao":"C.011.SP.1997","sigla":"CPFL PAULISTA","num_municipios":234,"populacao_estimada_2018":10330884,"area_km2":90705.86825076,"tipo_outorga":"CONCESSIONÁRIA","uf":"SP","regiao":"SUDESTE","num_unidades_consumidoras":4669674,"cnpj":"33.050.196/0001-88","razao_social":"COMPANHIA PAULISTA DE FORÇA E LUZ","ato_legal":"ECT 14/1997 de 20/11/1997","inicio_vigencia_epoch_ms":852087600000,"cnpj_digits":"33050196000188","subsystem_id":"SE/CO","subsystem_mapping_method":"GEOGRAPHIC_REGION_PROXY_MVP"},"geometry":{"type":"Polygon","coordinates":[[[-47.455,-19.978],[-47.424,-20.015],[-47.444,-20.028],[-47.439,-20.051],[-47.262,-20.16],[-47.231,-20.219],[-47.298,-20.348],[-47.293,-20.448],[-47.212,-20.502],[-47.151,-20.522],[-47.096,-20.658],[-47.115,-20.707],[-47.169,-20.703],[-47.189,-20.771],[-47.225,-20.8],[-47.214,-20.827],[-47.24,-20.885],[-47.148,-20.972],[-47.157,-21.019],[-47.142,-21.088],[-47.113,-21.105],[-47.134,-21.133],[-47.119,-21.149],[-47.119,-21.186],[-47.099,-21.214],[-47.062,-21.209],[-47.077,-21.24],[-47.052,-21.247],[-47.044,-21.267],[-47.095,-21.286],[-47.09,-21.297],[-47.128,-21.329],[-47.145,-21.294],[-47.171,-21.313],[-47.215,-21.427],[-47.231,-21.422],[-47.237,-21.443],[-47.279,-21.468],[-47.285,-21.548],[-47.35,-21.564],[-47.364,-21.594],[-47.399,-21.614],[-47.425,-21.602],[-47.441,-21.613],[-47.45,-21.577],[-47.599,-21.547],[-47.608,-21.583],[-47.678,-21.612],[-47.679,-21.657],[-47.724,-21.706],[-47.68,-21.716],[-47.667,-21.743],[-47.64,-21.725],[-47.615,-21.751],[-47.588,-21.735],[-47.57,-21.784],[-47.524,-21.802],[-47.555,-21.837],[-47.543,-21.863],[-47.511,-21.879],[-47.527,-21.926],[-47.512,-21.936],[-47.544,-21.98],[-47.582,-21.99],[-47.575,-22.018],[-47.601,-22.052],[-47.626,-22.044],[-47.579,-22.087],[-47.551,-22.154],[-47.587,-22.15],[-47.599,-22.179],[-47.695,-22.202],[-47.713,-22.24],[-47.729,-22.187],[-47.754,-22.191],[-47.76,-22.163],[-47.8,-22.128],[-47.815,-22.161],[-47.831,-22.148],[-47.9,-22.157],[-47.88,-22.212],[-47.906,-22.231],[-47.94,-22.315],[-47.932,-22.33],[-47.949,-22.321],[-47.954,-22.398],[-47.924,-22.407],[-47.911,-22.432],[-47.862,-22.429],[-47.818,-22.456],[-47.768,-22.443],[-47.748,-22.484],[-47.69,-22.483],[-47.669,-22.507],[-47.667,-22.541],[-47.654,-22.521],[-47.631,-22.548],[-47.583,-22.542],[-47.579,-22.564],[-47.549,-22.585],[-47.523,-22.675],[-47.526,-22.688],[-47.55,-22.689],[-47.54,-22.717],[-47.503,-22.69],[-47.474,-22.738],[-47.363,-22.68],[-47.331,-22.714],[-47.313,-22.687],[-47.28,-22.692],[-47.279,-22.662],[-47.228,-22.606],[-47.243,-22.583],[-47.227,-22.57],[-47.211,-22.602],[-47.128,-22.613],[-47.11,-22.639],[-47.079,-22.611],[-47.087,-22.585],[-47.031,-22.575],[-46.989,-22.545],[-46.92,-22.576],[-46.87,-22.547],[-46.863,-22.507],[-46.885,-22.466],[-46.864,-22.445],[-46.86,-22.398],[-46.876,-22.378],[-46.791,-22.3],[-46.824,-22.267],[-46.9,-22.246],[-46.9,-22.176],[-46.865,-22.131],[-46.89,-22.111],[-46.892,-22.086],[-46.843,-22.095],[-46.818,-22.084],[-46.817,-22.064],[-46.787,-22.093],[-46.647,-22.092],[-46.599,-22.136],[-46.64,-22.158],[-46.646,-22.181],[-46.674,-22.176],[-46.678,-22.224],[-46.71,-22.262],[-46.705,-22.296],[-46.722,-22.311],[-46.676,-22.369],[-46.661,-22.366],[-46.662,-22.419],[-46.573,-22.453],[-46.555,-22.447],[-46.55,-22.47],[-46.531,-22.471],[-46.542,-22.494],[-46.505,-22.517],[-46.455,-22.522],[-46.426,-22.548],[-46.407,-22.54],[-46.434,-22.575],[-46.412,-22.586],[-46.424,-22.599],[-46.405,-22.621],[-46.425,-22.634],[-46.396,-22.646],[-46.393,-22.663],[-46.48,-22.678],[-46.474,-22.709],[-46.509,-22.73],[-46.622,-22.723],[-46.615,-22.758],[-46.702,-22.77],[-46.729,-22.817],[-46.755,-22.822],[-46.76,-22.858],[-46.729,-22.853],[-46.721,-22.895],[-46.704,-22.879],[-46.681,-22.886],[-46.682,-22.93],[-46.67,-22.929],[-46.764,-23.004],[-46.724,-23.028],[-46.766,-23.099],[-46.847,-23.098],[-46.878,-23.066],[-46.91,-23.057],[-46.91,-23.017],[-46.957,-23.007],[-47.001,-23.006],[-47.038,-23.057],[-47.07,-23.048],[-47.109,-23.061],[-47.144,-23.058],[-47.169,-23.031],[-47.204,-23.032],[-47.255,-22.998],[-47.291,-23.044],[-47.278,-23.072],[-47.3,-23.113],[-47.321,-23.124],[-47.339,-23.111],[-47.362,-23.141],[-47.419,-23.169],[-47.412,-23.12],[-47.428,-23.101],[-47.465,-23.11],[-47.465,-23.128],[-47.51,-23.091],[-47.609,-23.099],[-47.593,-23.076],[-47.626,-23.076],[-47.629,-23.044],[-47.652,-23.043],[-47.666,-22.984],[-47.711,-22.912],[-47.723,-22.933],[-47.746,-22.933],[-47.807,-22.877],[-47.845,-22.902],[-47.869,-22.899],[-47.866,-22.861],[-47.97,-22.9],[-47.986,-22.869],[-47.993,-22.896],[-48.01,-22.895],[-48.003,-22.866],[-48.048,-22.832],[-48.032,-22.826],[-48.014,-22.735],[-48.03,-22.719],[-48.07,-22.737],[-48.084,-22.724],[-48.099,-22.689],[-48.093,-22.626],[-48.16,-22.638],[-48.21,-22.618],[-48.229,-22.594],[-48.246,-22.619],[-48.248,-22.733],[-48.285,-22.736],[-48.29,-22.753],[-48.263,-22.767],[-48.254,-22.85],[-48.265,-22.871],[-48.293,-22.877],[-48.31,-22.928],[-48.291,-22.958],[-48.213,-22.995],[-48.178,-22.978],[-48.157,-22.997],[-48.133,-22.984],[-48.134,-22.966],[-48.125,-23.004],[-48.14,-23.023],[-48.123,-23.031],[-48.147,-23.081],[-48.15,-23.069],[-48.166,-23.079],[-48.164,-23.101],[-48.196,-23.115],[-48.181,-23.152],[-48.194,-23.183],[-48.261,-23.23],[-48.239,-23.279],[-48.273,-23.289],[-48.277,-23.265],[-48.3,-23.258],[-48.342,-23.27],[-48.335,-23.284],[-48.364,-23.292],[-48.36,-23.303],[-48.401,-23.288],[-48.419,-23.263],[-48.436,-23.273],[-48.492,-23.261],[-48.554,-23.279],[-48.591,-23.315],[-48.707,-23.341],[-48.709,-23.319],[-48.774,-23.302],[-48.772,-23.266],[-48.745,-23.251],[-48.735,-23.209],[-48.744,-23.166],[-48.734,-23.147],[-48.751,-23.115],[-48.741,-23.09],[-48.779,-23.054],[-48.761,-22.993],[-48.776,-22.966],[-48.847,-22.949],[-48.852,-22.932],[-48.827,-22.91],[-48.829,-22.892],[-48.787,-22.871],[-48.804,-22.845],[-48.88,-22.852],[-48.95,-22.825],[-48.983,-22.841],[-48.996,-22.819],[-49.014,-22.841],[-49.03,-22.834],[-49.027,-22.772],[-49.092,-22.706],[-49.095,-22.667],[-49.153,-22.685],[-49.174,-22.73],[-49.198,-22.722],[-49.228,-22.76],[-49.249,-22.749],[-49.277,-22.772],[-49.325,-22.764],[-49.367,-22.783],[-49.386,-22.763],[-49.384,-22.709],[-49.336,-22.676],[-49.362,-22.655],[-49.354,-22.638],[-49.444,-22.6],[-49.454,-22.568],[-49.506,-22.512],[-49.566,-22.576],[-49.607,-22.535],[-49.609,-22.486],[-49.642,-22.439],[-49.674,-22.469],[-49.704,-22.439],[-49.761,-22.504],[-49.819,-22.527],[-49.885,-22.506],[-49.891,-22.655],[-49.972,-22.685],[-50.001,-22.772],[-50.01,-22.784],[-50.025,-22.777],[-50.021,-22.749],[-50.038,-22.725],[-50.107,-22.68],[-50.093,-22.636],[-50.139,-22.574],[-50.118,-22.558],[-50.124,-22.511],[-50.107,-22.519],[-50.088,-22.491],[-50.069,-22.493],[-50.106,-22.416],[-50.129,-22.418],[-50.098,-22.364],[-50.142,-22.331],[-50.126,-22.287],[-50.154,-22.253],[-50.214,-22.233],[-50.224,-22.242],[-50.255,-22.213],[-50.469,-22.166],[-50.521,-22.111],[-50.483,-22.079],[-50.512,-22.059],[-50.487,-22.048],[-50.505,-22.023],[-50.424,-21.985],[-50.393,-21.913],[-50.413,-21.901],[-50.405,-21.859],[-50.359,-21.854],[-50.362,-21.828],[-50.33,-21.794],[-50.33,-21.753],[-50.308,-21.715],[-50.349,-21.71],[-50.362,-21.726],[-50.457,-21.687],[-50.464,-21.706],[-50.496,-21.715],[-50.55,-21.703],[-50.601,-21.658],[-50.621,-21.661],[-50.623,-21.643],[-50.632,-21.657],[-50.647,-21.651],[-50.652,-21.624],[-50.708,-21.577],[-50.782,-21.567],[-50.769,-21.554],[-50.778,-21.543],[-50.818,-21.563],[-50.816,-21.54],[-50.87,-21.525],[-50.866,-21.499],[-50.899,-21.491],[-50.925,-21.441],[-51.005,-21.438],[-51.091,-21.372],[-51.145,-21.374],[-51.091,-21.307],[-51.055,-21.23],[-50.95,-21.171],[-50.953,-21.134],[-50.919,-21.089],[-50.919,-21.054],[-50.875,-20.978],[-50.878,-20.948],[-50.85,-20.936],[-50.9,-20.91],[-50.867,-20.861],[-50.873,-20.827],[-50.826,-20.769],[-50.799,-20.671],[-50.751,-20.681],[-50.744,-20.722],[-50.686,-20.708],[-50.681,-20.735],[-50.658,-20.728],[-50.639,-20.762],[-50.604,-20.773],[-50.506,-20.762],[-50.457,-20.779],[-50.45,-20.801],[-50.383,-20.81],[-50.374,-20.854],[-50.338,-20.846],[-50.323,-20.873],[-50.276,-20.873],[-50.265,-20.916],[-50.281,-20.928],[-50.3,-21.001],[-50.358,-21.044],[-50.35,-21.058],[-50.312,-21.077],[-50.275,-21.073],[-50.275,-21.1],[-50.252,-21.117],[-50.178,-21.113],[-50.147,-21.143],[-50.133,-21.193],[-50.094,-21.219],[-50.028,-21.211],[-49.983,-21.223],[-49.945,-21.099],[-49.92,-21.073],[-49.9,-21.075],[-49.862,-21.03],[-49.827,-20.942],[-49.728,-20.936],[-49.701,-20.879],[-49.71,-20.846],[-49.778,-20.859],[-49.808,-20.832],[-49.834,-20.85],[-49.882,-20.845],[-49.907,-20.859],[-49.903,-20.764],[-49.948,-20.699],[-49.9,-20.71],[-49.875,-20.667],[-49.83,-20.634],[-49.871,-20.591],[-49.801,-20.532],[-49.742,-20.535],[-49.74,-20.509],[-49.705,-20.487],[-49.668,-20.367],[-49.613,-20.322],[-49.643,-20.288],[-49.646,-20.247],[-49.685,-20.228],[-49.67,-20.215],[-49.692,-20.193],[-49.675,-20.175],[-49.622,-20.177],[-49.534,-20.223],[-49.51,-20.214],[-49.496,-20.242],[-49.469,-20.218],[-49.443,-20.24],[-49.421,-20.219],[-49.387,-20.248],[-49.349,-20.251],[-49.352,-20.273],[-49.327,-20.277],[-49.31,-20.311],[-49.262,-20.257],[-49.229,-20.303],[-49.184,-20.315],[-49.122,-20.274],[-49.067,-20.155],[-49.017,-20.154],[-48.986,-20.171],[-48.972,-20.208],[-48.969,-20.394],[-48.895,-20.442],[-48.867,-20.402],[-48.887,-20.271],[-48.857,-20.227],[-48.855,-20.18],[-48.826,-20.162],[-48.731,-20.149],[-48.642,-20.166],[-48.578,-20.131],[-48.491,-20.138],[-48.406,-20.114],[-48.317,-20.113],[-48.255,-20.144],[-48.218,-20.125],[-48.253,-20.078],[-48.235,-20.028],[-48.208,-20.039],[-48.179,-20.096],[-48.105,-20.146],[-48.02,-20.124],[-47.976,-20.035],[-47.948,-20.056],[-47.934,-20.108],[-47.895,-20.125],[-47.859,-20.052],[-47.876,-20.021],[-47.856,-19.991],[-47.708,-19.979],[-47.635,-20.049],[-47.6,-20.032],[-47.58,-19.995],[-47.471,-19.961],[-47.455,-19.978]],[[-49.074,-20.811],[-49.104,-20.862],[-49.091,-20.877],[-49.109,-20.903],[-49.106,-20.933],[-49.133,-20.968],[-49.119,-20.993],[-49.129,-21.0],[-49.106,-21.022],[-49.131,-21.045],[-49.122,-21.133],[-49.137,-21.135],[-49.133,-21.156],[-49.153,-21.185],[-49.186,-21.167],[-49.19,-21.138],[-49.231,-21.124],[-49.327,-21.129],[-49.351,-21.16],[-49.382,-21.152],[-49.384,-21.175],[-49.435,-21.192],[-49.461,-21.177],[-49.461,-21.16],[-49.496,-21.138],[-49.459,-21.087],[-49.464,-21.04],[-49.446,-20.985],[-49.501,-20.943],[-49.559,-21.027],[-49.576,-21.115],[-49.611,-21.12],[-49.682,-21.173],[-49.681,-21.224],[-49.726,-21.256],[-49.711,-21.288],[-49.724,-21.302],[-49.744,-21.295],[-49.746,-21.312],[-49.727,-21.346],[-49.699,-21.338],[-49.696,-21.363],[-49.639,-21.352],[-49.587,-21.376],[-49.495,-21.494],[-49.425,-21.54],[-49.338,-21.548],[-49.312,-21.616],[-49.266,-21.664],[-49.217,-21.673],[-49.206,-21.655],[-49.162,-21.648],[-49.138,-21.708],[-49.108,-21.749],[-49.084,-21.756],[-49.0,-21.692],[-48.961,-21.701],[-48.912,-21.674],[-48.934,-21.66],[-48.972,-21.675],[-48.963,-21.547],[-49.0,-21.486],[-48.981,-21.416],[-48.949,-21.426],[-48.948,-21.399],[-48.9,-21.371],[-48.923,-21.345],[-48.921,-21.296],[-48.967,-21.267],[-48.994,-21.286],[-49.011,-21.253],[-48.967,-21.244],[-48.972,-21.202],[-48.917,-21.168],[-48.919,-21.113],[-48.884,-21.111],[-48.817,-21.035],[-48.858,-21.008],[-48.861,-20.978],[-48.908,-20.918],[-48.909,-20.882],[-48.942,-20.883],[-48.984,-20.848],[-49.016,-20.854],[-49.074,-20.811]],[[-47.102,-22.749],[-47.069,-22.73],[-46.985,-22.746],[-46.957,-22.729],[-46.901,-22.767],[-46.891,-22.817],[-46.836,-22.841],[-46.835,-22.776],[-46.885,-22.716],[-46.88,-22.691],[-46.91,-22.687],[-46.915,-22.7],[-46.944,-22.675],[-46.939,-22.658],[-46.98,-22.654],[-47.014,-22.609],[-47.031,-22.619],[-47.016,-22.657],[-47.041,-22.661],[-47.05,-22.646],[-47.068,-22.657],[-47.079,-22.679],[-47.06,-22.698],[-47.101,-22.722],[-47.102,-22.749]]]}},{"type":"Feature","properties":{"codigo_area_atuacao":"C.065.SP.2002","sigla":"CPFL PIRATININGA","num_municipios":27,"populacao_estimada_2018":3833403,"area_km2":6809.49580657,"tipo_outorga":"CONCESSIONÁRIA","uf":"SP","regiao":"SUDESTE","num_unidades_consumidoras":1822183,"cnpj":"04.172.213/0001-51","razao_social":"COMPANHIA PIRATININGA DE FORÇA E LUZ","ato_legal":"ECT 009/2002 de 23/09/2002","inicio_vigencia_epoch_ms":1009854000000,"cnpj_digits":"04172213000151","subsystem_id":"SE/CO","subsystem_mapping_method":"GEOGRAPHIC_REGION_PROXY_MVP"},"geometry":{"type":"MultiPolygon","coordinates":[[[[-47.253,-22.998],[-47.204,-23.032],[-47.169,-23.031],[-47.144,-23.058],[-47.109,-23.061],[-47.07,-23.048],[-47.038,-23.057],[-47.001,-23.006],[-46.91,-23.017],[-46.905,-23.062],[-46.878,-23.066],[-46.843,-23.1],[-46.793,-23.103],[-46.806,-23.148],[-46.773,-23.175],[-46.715,-23.192],[-46.703,-23.247],[-46.788,-23.266],[-46.802,-23.257],[-46.814,-23.282],[-46.867,-23.278],[-46.959,-23.327],[-46.97,-23.26],[-47.011,-23.267],[-47.031,-23.235],[-47.048,-23.245],[-47.107,-23.223],[-47.146,-23.256],[-47.191,-23.246],[-47.186,-23.285],[-47.161,-23.308],[-47.171,-23.338],[-47.142,-23.349],[-47.132,-23.382],[-47.118,-23.377],[-47.122,-23.403],[-47.083,-23.402],[-47.082,-23.381],[-47.101,-23.387],[-47.105,-23.372],[-47.088,-23.353],[-47.045,-23.351],[-47.03,-23.374],[-47.041,-23.422],[-47.011,-23.446],[-47.018,-23.484],[-46.991,-23.528],[-47.013,-23.536],[-47.006,-23.554],[-47.03,-23.568],[-47.041,-23.611],[-47.085,-23.667],[-47.062,-23.682],[-47.062,-23.709],[-47.033,-23.737],[-47.019,-23.789],[-46.984,-23.803],[-47.015,-23.814],[-47.029,-23.846],[-47.039,-23.835],[-47.117,-23.841],[-47.16,-23.936],[-47.191,-23.928],[-47.2,-23.939],[-47.194,-23.953],[-47.209,-23.965],[-47.189,-23.991],[-47.22,-24.014],[-47.254,-24.024],[-47.255,-24.006],[-47.272,-24.018],[-47.286,-24.006],[-47.355,-24.022],[-47.389,-23.984],[-47.365,-23.914],[-47.372,-23.888],[-47.249,-23.828],[-47.317,-23.793],[-47.302,-23.787],[-47.298,-23.749],[-47.346,-23.705],[-47.368,-23.634],[-47.454,-23.626],[-47.494,-23.65],[-47.497,-23.693],[-47.541,-23.722],[-47.575,-23.714],[-47.589,-23.729],[-47.578,-23.757],[-47.619,-23.757],[-47.647,-23.677],[-47.682,-23.692],[-47.686,-23.64],[-47.719,-23.62],[-47.729,-23.631],[-47.732,-23.602],[-47.748,-23.611],[-47.765,-23.594],[-47.745,-23.576],[-47.807,-23.488],[-47.803,-23.472],[-47.785,-23.477],[-47.786,-23.449],[-47.761,-23.442],[-47.777,-23.431],[-47.762,-23.399],[-47.725,-23.384],[-47.726,-23.354],[-47.745,-23.344],[-47.737,-23.332],[-47.758,-23.338],[-47.76,-23.321],[-47.78,-23.319],[-47.761,-23.283],[-47.78,-23.262],[-47.743,-23.23],[-47.719,-23.234],[-47.628,-23.191],[-47.609,-23.149],[-47.584,-23.152],[-47.598,-23.131],[-47.625,-23.141],[-47.628,-23.109],[-47.51,-23.091],[-47.465,-23.128],[-47.465,-23.11],[-47.428,-23.101],[-47.412,-23.12],[-47.419,-23.169],[-47.362,-23.141],[-47.339,-23.111],[-47.321,-23.124],[-47.3,-23.113],[-47.278,-23.072],[-47.291,-23.044],[-47.253,-22.998]]],[[[-46.162,-24.331],[-46.163,-24.33],[-46.161,-24.328],[-46.162,-24.331]]],[[[-46.183,-24.321],[-46.183,-24.32],[-46.18,-24.318],[-46.183,-24.321]],[[-46.368,-23.983],[-46.368,-23.982],[-46.368,-23.982],[-46.368,-23.983]]],[[[-46.353,-23.975],[-46.353,-23.974],[-46.351,-23.973],[-46.353,-23.975]]],[[[-46.235,-23.737],[-46.202,-23.751],[-46.243,-23.776],[-46.24,-23.8],[-46.21,-23.813],[-46.239,-23.839],[-46.236,-23.856],[-46.178,-23.882],[-46.194,-23.907],[-46.245,-23.925],[-46.309,-23.922],[-46.289,-23.977],[-46.297,-23.992],[-46.378,-23.97],[-46.399,-24.034],[-46.401,-24.018],[-46.435,-24.019],[-46.613,-24.083],[-46.597,-24.052],[-46.613,-24.036],[-46.589,-24.009],[-46.603,-23.996],[-46.645,-24.009],[-46.636,-23.977],[-46.566,-23.954],[-46.52,-23.905],[-46.497,-23.901],[-46.441,-23.847],[-46.445,-23.829],[-46.338,-23.782],[-46.317,-23.802],[-46.235,-23.737]]]]}},{"type":"Feature","properties":{"codigo_area_atuacao":"C.052.RS.2000","sigla":"DEMEI","num_municipios":1,"populacao_estimada_2018":74079,"area_km2":689.09834924,"tipo_outorga":"CONCESSIONÁRIA","uf":"RS","regiao":"SUL","num_unidades_consumidoras":35339,"cnpj":"95.289.500/0001-00","razao_social":"DEPARTAMENTO MUNICIPAL DE ENERGIA DE IJUÍ","ato_legal":"ECT 085/2000 de 18/10/2000","inicio_vigencia_epoch_ms":946695600000,"cnpj_digits":"95289500000100","subsystem_id":"S","subsystem_mapping_method":"GEOGRAPHIC_REGION_PROXY_MVP"},"geometry":{"type":"Polygon","coordinates":[[[-53.962,-28.245],[-53.948,-28.225],[-53.925,-28.239],[-53.917,-28.215],[-53.913,-28.156],[-53.931,-28.119],[-53.832,-28.063],[-53.799,-28.061],[-53.791,-28.087],[-53.837,-28.168],[-53.847,-28.212],[-53.832,-28.237],[-53.848,-28.259],[-53.825,-28.263],[-53.823,-28.283],[-53.808,-28.26],[-53.796,-28.277],[-53.822,-28.285],[-53.82,-28.369],[-53.838,-28.389],[-53.772,-28.434],[-53.781,-28.488],[-53.817,-28.483],[-53.864,-28.538],[-53.907,-28.499],[-53.915,-28.507],[-53.932,-28.477],[-53.934,-28.496],[-53.959,-28.488],[-53.962,-28.472],[-53.947,-28.473],[-53.956,-28.461],[-53.975,-28.466],[-53.994,-28.337],[-54.006,-28.351],[-54.027,-28.338],[-54.028,-28.319],[-54.041,-28.36],[-54.073,-28.336],[-54.066,-28.3],[-54.033,-28.274],[-54.013,-28.286],[-54.017,-28.306],[-53.993,-28.283],[-53.967,-28.291],[-53.962,-28.245]]]}},{"type":"Feature","properties":{"codigo_area_atuacao":"C.039.MG.1999","sigla":"DMED","num_municipios":1,"populacao_estimada_2018":166109,"area_km2":546.96169792,"tipo_outorga":"CONCESSIONÁRIA","uf":"MG","regiao":"SUDESTE","num_unidades_consumidoras":79049,"cnpj":"23.664.303/0001-04","razao_social":"DME DISTRIBUIÇÃO S.A. - DMED","ato_legal":"ECT 049/1999 de 24/06/1999","inicio_vigencia_epoch_ms":915159600000,"cnpj_digits":"23664303000104","subsystem_id":"SE/CO","subsystem_mapping_method":"GEOGRAPHIC_REGION_PROXY_MVP"},"geometry":{"type":"Polygon","coordinates":[[[-46.651,-21.789],[-46.626,-21.766],[-46.622,-21.676],[-46.577,-21.685],[-46.565,-21.655],[-46.529,-21.645],[-46.517,-21.673],[-46.527,-21.685],[-46.51,-21.703],[-46.485,-21.693],[-46.483,-21.712],[-46.449,-21.71],[-46.466,-21.729],[-46.462,-21.758],[-46.414,-21.729],[-46.399,-21.759],[-46.43,-21.802],[-46.466,-21.806],[-46.489,-21.827],[-46.484,-21.858],[-46.527,-21.875],[-46.523,-21.924],[-46.577,-21.927],[-46.62,-21.996],[-46.674,-21.911],[-46.648,-21.88],[-46.691,-21.837],[-46.651,-21.789]]]}},{"type":"Feature","properties":{"codigo_area_atuacao":"C.034.SC.1999","sigla":"EFLJC","num_municipios":1,"populacao_estimada_2018":8932,"area_km2":262.09698045,"tipo_outorga":"CONCESSIONÁRIA","uf":"SC","regiao":"SUL","num_unidades_consumidoras":4195,"cnpj":"86.301.124/0001-22","razao_social":"EMPRESA FORÇA E LUZ JOÃO CESA LTDA","ato_legal":"ECT 026/1999 de 30/03/1999","inicio_vigencia_epoch_ms":915159600000,"cnpj_digits":"86301124000122","subsystem_id":"S","subsystem_mapping_method":"GEOGRAPHIC_REGION_PROXY_MVP"},"geometry":{"type":"Polygon","coordinates":[[[-49.501,-28.631],[-49.685,-28.621],[-49.647,-28.599],[-49.65,-28.546],[-49.598,-28.522],[-49.591,-28.501],[-49.568,-28.504],[-49.527,-28.551],[-49.488,-28.553],[-49.482,-28.583],[-49.465,-28.559],[-49.447,-28.563],[-49.401,-28.525],[-49.386,-28.58],[-49.402,-28.598],[-49.369,-28.635],[-49.501,-28.631]]]}},{"type":"Feature","properties":{"codigo_area_atuacao":"C.033.SC.1999","sigla":"EFLUL","num_municipios":1,"populacao_estimada_2018":15941,"area_km2":254.95558209,"tipo_outorga":"CONCESSIONÁRIA","uf":"SC","regiao":"SUL","num_unidades_consumidoras":7413,"cnpj":"86.531.175/0001-40","razao_social":"EMPRESA FORÇA E LUZ DE URUSSANGA LTDA","ato_legal":"ECT 025/1999 de 30/03/1999","inicio_vigencia_epoch_ms":915159600000,"cnpj_digits":"86531175000140","subsystem_id":"S","subsystem_mapping_method":"GEOGRAPHIC_REGION_PROXY_MVP"},"geometry":{"type":"Polygon","coordinates":[[[-49.422,-28.521],[-49.428,-28.459],[-49.381,-28.456],[-49.363,-28.412],[-49.338,-28.422],[-49.288,-28.396],[-49.278,-28.418],[-49.213,-28.423],[-49.29,-28.504],[-49.251,-28.536],[-49.253,-28.589],[-49.314,-28.564],[-49.386,-28.58],[-49.401,-28.525],[-49.422,-28.541],[-49.422,-28.521]]]}},{"type":"Feature","properties":{"codigo_area_atuacao":"C.019.SP.1998","sigla":"ELEKTRO","num_municipios":234,"populacao_estimada_2018":5779746,"area_km2":120620.69889259,"tipo_outorga":"CONCESSIONÁRIA","uf":"SP","regiao":"SUDESTE","num_unidades_consumidoras":2771904,"cnpj":"02.328.280/0001-97","razao_social":"ELEKTRO REDES S.A.","ato_legal":"ECT 187/1998 de 27/08/1998","inicio_vigencia_epoch_ms":883623600000,"cnpj_digits":"02328280000197","subsystem_id":"SE/CO","subsystem_mapping_method":"GEOGRAPHIC_REGION_PROXY_MVP"},"geometry":{"type":"MultiPolygon","coordinates":[[[[-52.471,-19.615],[-52.454,-19.614],[-52.437,-19.638],[-52.387,-19.634],[-52.349,-19.662],[-52.334,-19.728],[-52.212,-19.871],[-52.22,-19.963],[-52.2,-20.032],[-52.119,-20.129],[-52.093,-20.086],[-52.028,-20.04],[-51.973,-20.022],[-51.895,-20.025],[-51.87,-20.003],[-51.846,-20.005],[-51.782,-19.916],[-51.751,-20.034],[-51.671,-20.059],[-51.562,-20.19],[-51.36,-20.322],[-51.344,-20.356],[-51.296,-20.328],[-51.118,-20.287],[-51.059,-20.235],[-50.966,-20.034],[-50.79,-19.94],[-50.661,-19.909],[-50.578,-19.816],[-50.472,-19.78],[-50.417,-19.801],[-50.346,-19.868],[-50.097,-19.875],[-50.015,-19.926],[-49.962,-19.92],[-49.856,-19.947],[-49.782,-19.924],[-49.634,-19.932],[-49.551,-19.906],[-49.503,-19.92],[-49.493,-19.95],[-49.445,-19.981],[-49.356,-19.987],[-49.298,-19.961],[-49.26,-19.964],[-49.248,-19.998],[-49.296,-20.016],[-49.309,-20.104],[-49.299,-20.167],[-49.26,-20.259],[-49.31,-20.311],[-49.327,-20.277],[-49.352,-20.273],[-49.349,-20.251],[-49.387,-20.248],[-49.425,-20.217],[-49.443,-20.24],[-49.459,-20.217],[-49.496,-20.242],[-49.51,-20.214],[-49.534,-20.223],[-49.622,-20.177],[-49.663,-20.172],[-49.69,-20.187],[-49.67,-20.215],[-49.685,-20.228],[-49.646,-20.247],[-49.643,-20.288],[-49.613,-20.322],[-49.668,-20.367],[-49.705,-20.487],[-49.74,-20.509],[-49.742,-20.535],[-49.801,-20.532],[-49.871,-20.591],[-49.83,-20.634],[-49.875,-20.667],[-49.9,-20.71],[-49.948,-20.699],[-49.903,-20.764],[-49.907,-20.859],[-49.882,-20.845],[-49.834,-20.85],[-49.808,-20.832],[-49.778,-20.859],[-49.71,-20.846],[-49.701,-20.879],[-49.728,-20.936],[-49.827,-20.942],[-49.862,-21.03],[-49.9,-21.075],[-49.92,-21.073],[-49.945,-21.099],[-49.992,-21.227],[-50.028,-21.211],[-50.094,-21.219],[-50.133,-21.193],[-50.147,-21.143],[-50.178,-21.113],[-50.252,-21.117],[-50.275,-21.1],[-50.275,-21.073],[-50.312,-21.077],[-50.35,-21.058],[-50.358,-21.044],[-50.3,-21.001],[-50.281,-20.928],[-50.265,-20.916],[-50.276,-20.873],[-50.323,-20.873],[-50.338,-20.846],[-50.374,-20.854],[-50.383,-20.81],[-50.45,-20.801],[-50.457,-20.779],[-50.506,-20.762],[-50.604,-20.773],[-50.639,-20.762],[-50.658,-20.728],[-50.681,-20.735],[-50.686,-20.708],[-50.744,-20.722],[-50.751,-20.681],[-50.8,-20.671],[-50.826,-20.769],[-50.873,-20.827],[-50.867,-20.861],[-50.9,-20.91],[-50.85,-20.936],[-50.878,-20.948],[-50.875,-20.978],[-50.919,-21.054],[-50.919,-21.089],[-50.953,-21.134],[-50.95,-21.171],[-51.055,-21.23],[-51.091,-21.307],[-51.144,-21.371],[-51.122,-21.382],[-51.093,-21.371],[-51.059,-21.399],[-51.087,-21.431],[-51.109,-21.53],[-51.08,-21.615],[-51.11,-21.647],[-51.163,-21.662],[-51.179,-21.687],[-51.126,-21.743],[-51.137,-21.758],[-51.092,-21.766],[-51.112,-21.793],[-51.099,-21.841],[-51.157,-21.865],[-51.2,-21.823],[-51.224,-21.829],[-51.249,-21.783],[-51.227,-21.739],[-51.27,-21.743],[-51.29,-21.722],[-51.343,-21.775],[-51.374,-21.74],[-51.457,-21.742],[-51.538,-21.684],[-51.606,-21.681],[-51.668,-21.633],[-51.7,-21.633],[-51.714,-21.596],[-51.78,-21.607],[-51.831,-21.58],[-51.882,-21.583],[-51.944,-21.546],[-51.946,-21.527],[-51.966,-21.526],[-51.962,-21.493],[-52.0,-21.517],[-52.062,-21.503],[-52.078,-21.515],[-52.103,-21.565],[-52.069,-21.598],[-52.051,-21.666],[-52.103,-21.745],[-52.161,-21.771],[-52.172,-21.707],[-52.197,-21.669],[-52.306,-21.632],[-52.434,-21.682],[-52.491,-21.688],[-52.506,-21.707],[-52.627,-21.708],[-52.692,-21.739],[-52.818,-21.668],[-52.883,-21.657],[-52.935,-21.666],[-52.994,-21.639],[-53.023,-21.503],[-53.041,-21.5],[-53.062,-21.431],[-53.053,-21.407],[-53.115,-21.303],[-53.141,-21.14],[-53.296,-20.951],[-53.261,-20.888],[-53.176,-20.824],[-53.167,-20.689],[-52.962,-20.644],[-52.895,-20.613],[-52.811,-20.539],[-52.747,-20.586],[-52.734,-20.618],[-52.601,-20.714],[-52.537,-20.79],[-52.364,-20.883],[-52.359,-20.802],[-52.383,-20.76],[-52.411,-20.746],[-52.464,-20.607],[-52.624,-20.408],[-52.677,-20.37],[-52.724,-20.294],[-52.736,-20.247],[-52.7,-20.196],[-52.721,-20.135],[-52.749,-20.114],[-52.732,-20.088],[-52.697,-20.081],[-52.716,-20.038],[-52.704,-20.014],[-52.743,-19.878],[-52.78,-19.894],[-52.794,-19.873],[-52.706,-19.808],[-52.615,-19.794],[-52.59,-19.697],[-52.558,-19.648],[-52.471,-19.615]]],[[[-48.037,-25.358],[-48.038,-25.356],[-48.036,-25.356],[-48.037,-25.358]],[[-47.955,-25.273],[-47.952,-25.273],[-47.958,-25.273],[-47.955,-25.273]]],[[[-47.909,-25.166],[-47.915,-25.167],[-47.911,-25.163],[-47.909,-25.166]]],[[[-47.86,-25.133],[-47.862,-25.132],[-47.861,-25.131],[-47.86,-25.133]]],[[[-47.853,-25.116],[-47.849,-25.121],[-47.865,-25.128],[-47.853,-25.116]]],[[[-46.676,-24.478],[-46.671,-24.487],[-46.676,-24.492],[-46.676,-24.478]],[[-47.031,-24.429],[-47.031,-24.429],[-47.031,-24.428],[-47.031,-24.429]],[[-46.994,-24.411],[-46.994,-24.411],[-46.994,-24.411],[-46.994,-24.411]]],[[[-47.0,-24.409],[-47.002,-24.411],[-47.003,-24.41],[-47.0,-24.409]]],[[[-46.999,-24.409],[-47.0,-24.408],[-46.999,-24.408],[-46.999,-24.409]],[[-47.007,-24.396],[-47.008,-24.396],[-47.008,-24.396],[-47.007,-24.396]]],[[[-46.987,-24.384],[-46.986,-24.385],[-46.989,-24.385],[-46.987,-24.384]]],[[[-46.985,-24.379],[-46.984,-24.382],[-46.987,-24.382],[-46.985,-24.379]]],[[[-46.807,-24.374],[-46.806,-24.376],[-46.808,-24.376],[-46.807,-24.374]]],[[[-46.804,-24.375],[-46.805,-24.375],[-46.803,-24.374],[-46.804,-24.375]],[[-47.005,-24.368],[-47.005,-24.368],[-47.005,-24.367],[-47.005,-24.368]]],[[[-46.979,-24.361],[-46.981,-24.363],[-46.981,-24.362],[-46.979,-24.361]],[[-47.0,-24.35],[-47.0,-24.35],[-47.0,-24.349],[-47.0,-24.35]],[[-46.891,-24.254],[-46.89,-24.254],[-46.891,-24.254],[-46.891,-24.254]],[[-46.69,-24.238],[-46.691,-24.237],[-46.691,-24.237],[-46.69,-24.238]]],[[[-46.793,-24.194],[-46.792,-24.195],[-46.793,-24.195],[-46.793,-24.194]],[[-46.271,-24.05],[-46.271,-24.05],[-46.27,-24.05],[-46.271,-24.05]]],[[[-46.261,-24.045],[-46.261,-24.052],[-46.267,-24.05],[-46.261,-24.045]],[[-46.295,-24.028],[-46.295,-24.028],[-46.294,-24.027],[-46.295,-24.028]]],[[[-46.293,-24.025],[-46.292,-24.025],[-46.293,-24.026],[-46.293,-24.025]]],[[[-46.325,-24.008],[-46.324,-24.009],[-46.325,-24.009],[-46.325,-24.008]]],[[[-46.217,-24.009],[-46.22,-24.011],[-46.217,-24.008],[-46.217,-24.009]]],[[[-46.255,-24.001],[-46.254,-24.003],[-46.256,-24.001],[-46.255,-24.001]]],[[[-46.181,-23.971],[-46.181,-23.975],[-46.184,-23.975],[-46.181,-23.971]],[[-46.176,-23.97],[-46.177,-23.971],[-46.176,-23.97],[-46.176,-23.97]]],[[[-46.168,-23.966],[-46.166,-23.967],[-46.168,-23.968],[-46.168,-23.966]],[[-46.17,-23.927],[-46.17,-23.927],[-46.17,-23.928],[-46.17,-23.927]],[[-45.301,-23.923],[-45.301,-23.923],[-45.3,-23.922],[-45.301,-23.923]],[[-45.298,-23.921],[-45.298,-23.921],[-45.297,-23.919],[-45.298,-23.921]]],[[[-45.296,-23.919],[-45.297,-23.919],[-45.296,-23.918],[-45.296,-23.919]]],[[[-46.168,-23.915],[-46.167,-23.916],[-46.168,-23.916],[-46.168,-23.915]]],[[[-45.325,-23.919],[-45.325,-23.918],[-45.323,-23.914],[-45.325,-23.919]]],[[[-46.136,-23.892],[-46.137,-23.893],[-46.138,-23.892],[-46.136,-23.892]]],[[[-45.259,-23.889],[-45.26,-23.889],[-45.259,-23.888],[-45.259,-23.889]]],[[[-45.263,-23.888],[-45.262,-23.889],[-45.264,-23.89],[-45.263,-23.888]]],[[[-46.129,-23.885],[-46.13,-23.885],[-46.129,-23.884],[-46.129,-23.885]]],[[[-46.134,-23.871],[-46.136,-23.873],[-46.136,-23.872],[-46.134,-23.871]]],[[[-45.286,-23.861],[-45.287,-23.861],[-45.286,-23.86],[-45.286,-23.861]],[[-45.418,-23.853],[-45.417,-23.853],[-45.418,-23.853],[-45.418,-23.853]]],[[[-45.278,-23.85],[-45.277,-23.851],[-45.279,-23.851],[-45.278,-23.85]],[[-45.393,-23.83],[-45.393,-23.83],[-45.392,-23.829],[-45.393,-23.83]]],[[[-45.153,-23.826],[-45.153,-23.829],[-45.156,-23.829],[-45.153,-23.826]]],[[[-46.026,-23.826],[-46.026,-23.827],[-46.027,-23.827],[-46.026,-23.826]]],[[[-45.227,-23.811],[-45.228,-23.814],[-45.229,-23.812],[-45.227,-23.811]]],[[[-45.139,-23.79],[-45.117,-23.812],[-45.156,-23.81],[-45.139,-23.79]]],[[[-45.017,-23.739],[-45.007,-23.752],[-45.015,-23.761],[-45.017,-23.739]]],[[[-45.03,-23.737],[-45.034,-23.739],[-45.03,-23.736],[-45.03,-23.737]]],[[[-45.02,-23.735],[-45.024,-23.74],[-45.025,-23.737],[-45.02,-23.735]]],[[[-45.329,-23.722],[-45.263,-23.742],[-45.258,-23.762],[-45.23,-23.776],[-45.248,-23.825],[-45.227,-23.837],[-45.274,-23.839],[-45.291,-23.866],[-45.27,-23.874],[-45.273,-23.892],[-45.223,-23.903],[-45.238,-23.909],[-45.227,-23.943],[-45.252,-23.968],[-45.28,-23.954],[-45.292,-23.91],[-45.428,-23.941],[-45.46,-23.914],[-45.462,-23.888],[-45.366,-23.811],[-45.349,-23.743],[-45.329,-23.722]]],[[[-45.844,-23.645],[-45.831,-23.652],[-45.838,-23.67],[-45.794,-23.68],[-45.795,-23.716],[-45.842,-23.758],[-45.973,-23.785],[-46.034,-23.811],[-46.047,-23.832],[-46.061,-23.814],[-46.118,-23.837],[-46.146,-23.906],[-46.179,-23.924],[-46.16,-23.946],[-46.185,-23.965],[-46.182,-23.991],[-46.247,-23.994],[-46.287,-24.045],[-46.295,-24.016],[-46.324,-24.022],[-46.321,-23.999],[-46.289,-23.982],[-46.309,-23.922],[-46.243,-23.925],[-46.178,-23.889],[-46.234,-23.86],[-46.239,-23.839],[-46.21,-23.813],[-46.24,-23.8],[-46.241,-23.774],[-46.126,-23.713],[-46.104,-23.712],[-46.102,-23.736],[-45.977,-23.694],[-45.936,-23.701],[-45.9,-23.656],[-45.844,-23.645]]],[[[-45.077,-23.562],[-45.076,-23.563],[-45.079,-23.565],[-45.077,-23.562]]],[[[-45.156,-23.56],[-45.145,-23.571],[-45.163,-23.57],[-45.156,-23.56]]],[[[-45.151,-23.558],[-45.151,-23.56],[-45.152,-23.559],[-45.151,-23.558]]],[[[-45.155,-23.551],[-45.156,-23.551],[-45.155,-23.55],[-45.155,-23.551]],[[-45.024,-23.55],[-45.025,-23.55],[-45.024,-23.55],[-45.024,-23.55]]],[[[-45.216,-23.549],[-45.216,-23.55],[-45.219,-23.551],[-45.216,-23.549]]],[[[-45.155,-23.548],[-45.156,-23.547],[-45.155,-23.547],[-45.155,-23.548]]],[[[-45.026,-23.544],[-45.026,-23.548],[-45.033,-23.548],[-45.026,-23.544]],[[-45.023,-23.544],[-45.023,-23.543],[-45.023,-23.543],[-45.023,-23.544]],[[-45.154,-23.534],[-45.154,-23.534],[-45.154,-23.534],[-45.154,-23.534]]],[[[-45.212,-23.532],[-45.21,-23.533],[-45.214,-23.532],[-45.212,-23.532]]],[[[-45.079,-23.528],[-45.041,-23.541],[-45.078,-23.561],[-45.079,-23.528]]],[[[-45.042,-23.519],[-45.041,-23.517],[-45.04,-23.517],[-45.042,-23.519]]],[[[-45.102,-23.5],[-45.103,-23.499],[-45.102,-23.499],[-45.102,-23.5]]],[[[-45.052,-23.469],[-45.053,-23.468],[-45.052,-23.468],[-45.052,-23.469]],[[-45.058,-23.468],[-45.058,-23.468],[-45.059,-23.468],[-45.058,-23.468]]],[[[-44.902,-23.427],[-44.906,-23.427],[-44.901,-23.424],[-44.902,-23.427]]],[[[-44.86,-23.422],[-44.861,-23.424],[-44.861,-23.422],[-44.86,-23.422]],[[-45.008,-23.414],[-45.008,-23.413],[-45.008,-23.413],[-45.008,-23.414]],[[-44.936,-23.413],[-44.936,-23.412],[-44.936,-23.412],[-44.936,-23.413]]],[[[-44.852,-23.41],[-44.85,-23.421],[-44.86,-23.425],[-44.852,-23.41]]],[[[-44.85,-23.405],[-44.85,-23.404],[-44.849,-23.404],[-44.85,-23.405]],[[-44.897,-23.403],[-44.897,-23.403],[-44.898,-23.403],[-44.897,-23.403]]],[[[-44.856,-23.4],[-44.856,-23.399],[-44.855,-23.399],[-44.856,-23.4]]],[[[-44.849,-23.399],[-44.853,-23.403],[-44.847,-23.395],[-44.849,-23.399]],[[-44.939,-23.391],[-44.939,-23.391],[-44.938,-23.391],[-44.939,-23.391]]],[[[-44.887,-23.389],[-44.889,-23.389],[-44.888,-23.388],[-44.887,-23.389]]],[[[-44.936,-23.387],[-44.939,-23.389],[-44.938,-23.387],[-44.936,-23.387]],[[-44.935,-23.385],[-44.935,-23.385],[-44.935,-23.385],[-44.935,-23.385]]],[[[-44.887,-23.384],[-44.889,-23.386],[-44.889,-23.384],[-44.887,-23.384]]],[[[-44.945,-23.383],[-44.94,-23.383],[-44.951,-23.389],[-44.945,-23.383]]],[[[-44.902,-23.376],[-44.898,-23.376],[-44.907,-23.38],[-44.902,-23.376]],[[-44.893,-23.353],[-44.893,-23.353],[-44.893,-23.353],[-44.893,-23.353]]],[[[-44.903,-23.351],[-44.903,-23.353],[-44.904,-23.353],[-44.903,-23.351]]],[[[-44.908,-23.337],[-44.909,-23.337],[-44.909,-23.336],[-44.908,-23.337]]],[[[-49.554,-23.266],[-49.542,-23.281],[-49.524,-23.272],[-49.517,-23.309],[-49.479,-23.321],[-49.468,-23.311],[-49.395,-23.356],[-49.398,-23.4],[-49.448,-23.421],[-49.439,-23.438],[-49.457,-23.46],[-49.44,-23.49],[-49.478,-23.54],[-49.331,-23.525],[-49.318,-23.538],[-49.339,-23.55],[-49.258,-23.611],[-49.244,-23.629],[-49.264,-23.628],[-49.245,-23.655],[-49.222,-23.668],[-49.177,-23.649],[-49.135,-23.662],[-49.133,-23.721],[-49.033,-23.678],[-49.026,-23.65],[-48.978,-23.623],[-48.925,-23.626],[-48.841,-23.594],[-48.781,-23.643],[-48.767,-23.614],[-48.678,-23.588],[-48.609,-23.592],[-48.615,-23.562],[-48.63,-23.56],[-48.622,-23.538],[-48.652,-23.538],[-48.633,-23.522],[-48.63,-23.489],[-48.615,-23.491],[-48.643,-23.472],[-48.653,-23.43],[-48.628,-23.356],[-48.647,-23.329],[-48.492,-23.261],[-48.406,-23.268],[-48.401,-23.288],[-48.361,-23.301],[-48.387,-23.344],[-48.368,-23.344],[-48.356,-23.375],[-48.37,-23.408],[-48.328,-23.433],[-48.302,-23.416],[-48.294,-23.445],[-48.268,-23.45],[-48.267,-23.467],[-48.227,-23.472],[-48.192,-23.496],[-48.25,-23.532],[-48.273,-23.576],[-48.297,-23.565],[-48.304,-23.59],[-48.329,-23.597],[-48.334,-23.577],[-48.363,-23.568],[-48.382,-23.58],[-48.364,-23.66],[-48.407,-23.713],[-48.389,-23.741],[-48.406,-23.736],[-48.409,-23.749],[-48.372,-23.765],[-48.399,-23.762],[-48.4,-23.777],[-48.38,-23.778],[-48.383,-23.791],[-48.353,-23.806],[-48.375,-23.814],[-48.366,-23.836],[-48.355,-23.824],[-48.331,-23.841],[-48.341,-23.855],[-48.322,-23.855],[-48.322,-23.832],[-48.296,-23.825],[-48.269,-23.857],[-48.191,-23.854],[-48.191,-23.887],[-48.173,-23.89],[-48.167,-23.922],[-48.121,-23.965],[-48.125,-24.014],[-48.084,-24.004],[-48.062,-24.014],[-47.98,-24.076],[-47.952,-24.12],[-47.938,-24.099],[-47.902,-24.094],[-47.906,-24.066],[-47.88,-24.06],[-47.889,-24.048],[-47.872,-24.05],[-47.852,-24.022],[-47.863,-24.004],[-47.814,-23.97],[-47.818,-23.953],[-47.862,-23.953],[-47.877,-23.922],[-47.866,-23.88],[-47.834,-23.869],[-47.864,-23.813],[-47.852,-23.75],[-47.816,-23.766],[-47.783,-23.735],[-47.758,-23.741],[-47.715,-23.711],[-47.665,-23.743],[-47.634,-23.707],[-47.619,-23.757],[-47.578,-23.757],[-47.589,-23.729],[-47.579,-23.717],[-47.526,-23.717],[-47.526,-23.702],[-47.487,-23.685],[-47.494,-23.65],[-47.418,-23.62],[-47.368,-23.634],[-47.346,-23.705],[-47.298,-23.749],[-47.302,-23.787],[-47.317,-23.793],[-47.249,-23.826],[-47.372,-23.888],[-47.365,-23.914],[-47.389,-23.984],[-47.355,-24.022],[-47.286,-24.006],[-47.271,-24.018],[-47.26,-24.005],[-47.254,-24.024],[-47.193,-23.998],[-47.138,-24.014],[-47.107,-23.994],[-47.074,-24.024],[-47.054,-24.011],[-47.02,-24.058],[-46.979,-24.064],[-46.938,-24.034],[-46.928,-24.045],[-46.889,-24.039],[-46.868,-24.019],[-46.883,-23.984],[-46.801,-23.938],[-46.755,-23.973],[-46.771,-24.008],[-46.685,-23.982],[-46.634,-24.01],[-46.594,-23.997],[-46.589,-24.012],[-46.613,-24.036],[-46.597,-24.052],[-46.605,-24.09],[-46.94,-24.281],[-47.002,-24.336],[-46.996,-24.351],[-47.018,-24.379],[-47.001,-24.398],[-47.008,-24.415],[-47.141,-24.49],[-47.227,-24.571],[-47.576,-24.767],[-47.769,-24.911],[-47.854,-24.99],[-47.887,-25.051],[-47.91,-25.053],[-47.895,-25.105],[-47.914,-25.159],[-48.099,-25.312],[-48.028,-25.221],[-48.057,-25.218],[-48.062,-25.24],[-48.115,-25.251],[-48.191,-25.196],[-48.157,-25.145],[-48.205,-25.1],[-48.209,-25.027],[-48.232,-25.021],[-48.223,-25.009],[-48.25,-24.977],[-48.278,-25.033],[-48.288,-25.04],[-48.297,-25.023],[-48.334,-25.071],[-48.324,-25.037],[-48.351,-25.036],[-48.379,-24.997],[-48.411,-24.98],[-48.474,-25.013],[-48.483,-25.053],[-48.529,-25.101],[-48.583,-25.052],[-48.6,-25.006],[-48.567,-24.972],[-48.572,-24.895],[-48.559,-24.901],[-48.545,-24.879],[-48.567,-24.864],[-48.564,-24.834],[-48.499,-24.739],[-48.531,-24.738],[-48.582,-24.671],[-48.638,-24.678],[-48.66,-24.707],[-48.677,-24.698],[-48.679,-24.671],[-48.694,-24.671],[-48.69,-24.694],[-48.704,-24.68],[-48.752,-24.695],[-48.757,-24.68],[-48.779,-24.697],[-48.827,-24.654],[-48.859,-24.658],[-48.852,-24.675],[-48.942,-24.672],[-48.958,-24.685],[-48.991,-24.655],[-49.009,-24.66],[-49.005,-24.633],[-49.04,-24.637],[-49.037,-24.66],[-49.064,-24.686],[-49.08,-24.673],[-49.112,-24.688],[-49.181,-24.672],[-49.215,-24.702],[-49.276,-24.694],[-49.305,-24.674],[-49.316,-24.556],[-49.28,-24.537],[-49.296,-24.502],[-49.247,-24.469],[-49.253,-24.436],[-49.236,-24.41],[-49.254,-24.405],[-49.201,-24.344],[-49.284,-24.308],[-49.305,-24.251],[-49.356,-24.215],[-49.342,-24.203],[-49.337,-24.138],[-49.43,-24.089],[-49.463,-24.027],[-49.49,-24.02],[-49.481,-24.006],[-49.498,-23.994],[-49.494,-23.978],[-49.517,-23.97],[-49.5,-23.959],[-49.521,-23.946],[-49.512,-23.926],[-49.557,-23.923],[-49.577,-23.897],[-49.574,-23.878],[-49.585,-23.89],[-49.611,-23.852],[-49.561,-23.816],[-49.561,-23.761],[-49.573,-23.756],[-49.564,-23.732],[-49.549,-23.736],[-49.549,-23.704],[-49.617,-23.64],[-49.6,-23.536],[-49.629,-23.512],[-49.613,-23.508],[-49.621,-23.492],[-49.615,-23.472],[-49.599,-23.477],[-49.596,-23.44],[-49.573,-23.444],[-49.567,-23.426],[-49.581,-23.432],[-49.599,-23.398],[-49.621,-23.397],[-49.59,-23.383],[-49.638,-23.343],[-49.622,-23.332],[-49.627,-23.282],[-49.554,-23.266]]],[[[-47.097,-23.224],[-47.048,-23.245],[-47.029,-23.236],[-47.007,-23.268],[-46.97,-23.26],[-46.959,-23.328],[-47.088,-23.353],[-47.105,-23.372],[-47.101,-23.387],[-47.082,-23.381],[-47.083,-23.402],[-47.121,-23.404],[-47.118,-23.377],[-47.132,-23.382],[-47.142,-23.349],[-47.171,-23.338],[-47.161,-23.308],[-47.186,-23.285],[-47.191,-23.246],[-47.147,-23.256],[-47.097,-23.224]]],[[[-46.144,-22.858],[-46.137,-22.891],[-46.154,-22.912],[-46.139,-22.923],[-46.084,-22.892],[-46.051,-22.897],[-46.041,-22.914],[-46.051,-22.967],[-46.083,-22.985],[-46.065,-22.998],[-46.108,-23.095],[-46.093,-23.121],[-46.103,-23.157],[-46.074,-23.175],[-46.079,-23.205],[-46.154,-23.266],[-46.137,-23.287],[-46.114,-23.286],[-46.102,-23.309],[-46.241,-23.393],[-46.277,-23.434],[-46.313,-23.416],[-46.367,-23.43],[-46.372,-23.368],[-46.336,-23.33],[-46.357,-23.322],[-46.365,-23.274],[-46.4,-23.289],[-46.445,-23.359],[-46.55,-23.356],[-46.634,-23.429],[-46.677,-23.415],[-46.699,-23.424],[-46.735,-23.388],[-46.823,-23.401],[-46.835,-23.28],[-46.814,-23.282],[-46.802,-23.257],[-46.788,-23.266],[-46.703,-23.247],[-46.715,-23.192],[-46.773,-23.175],[-46.808,-23.139],[-46.79,-23.098],[-46.751,-23.088],[-46.727,-23.039],[-46.733,-23.012],[-46.764,-23.004],[-46.735,-22.98],[-46.706,-22.984],[-46.702,-23.01],[-46.663,-22.998],[-46.637,-23.019],[-46.624,-23.006],[-46.579,-23.018],[-46.566,-23.046],[-46.536,-23.026],[-46.504,-23.026],[-46.46,-23.052],[-46.446,-23.03],[-46.427,-23.042],[-46.395,-22.938],[-46.377,-22.939],[-46.337,-22.897],[-46.315,-22.887],[-46.296,-22.898],[-46.267,-22.876],[-46.238,-22.894],[-46.192,-22.865],[-46.144,-22.858]]],[[[-48.189,-22.626],[-48.159,-22.638],[-48.095,-22.624],[-48.099,-22.689],[-48.084,-22.724],[-48.07,-22.737],[-48.031,-22.719],[-48.015,-22.734],[-48.032,-22.826],[-48.048,-22.832],[-48.003,-22.866],[-48.01,-22.895],[-47.993,-22.896],[-47.986,-22.869],[-47.97,-22.9],[-47.866,-22.861],[-47.869,-22.899],[-47.845,-22.902],[-47.807,-22.877],[-47.746,-22.933],[-47.723,-22.933],[-47.711,-22.912],[-47.666,-22.984],[-47.652,-23.043],[-47.629,-23.044],[-47.626,-23.076],[-47.593,-23.076],[-47.63,-23.117],[-47.624,-23.142],[-47.598,-23.131],[-47.584,-23.152],[-47.609,-23.149],[-47.628,-23.191],[-47.719,-23.234],[-47.743,-23.23],[-47.78,-23.262],[-47.761,-23.283],[-47.78,-23.319],[-47.76,-23.321],[-47.758,-23.338],[-47.737,-23.332],[-47.745,-23.344],[-47.726,-23.354],[-47.725,-23.384],[-47.762,-23.399],[-47.777,-23.431],[-47.761,-23.442],[-47.786,-23.449],[-47.785,-23.477],[-47.803,-23.472],[-47.807,-23.489],[-47.847,-23.483],[-47.87,-23.446],[-47.936,-23.462],[-47.932,-23.42],[-47.949,-23.408],[-48.046,-23.432],[-48.053,-23.389],[-48.092,-23.355],[-48.081,-23.327],[-48.103,-23.321],[-48.141,-23.266],[-48.162,-23.262],[-48.211,-23.303],[-48.238,-23.291],[-48.239,-23.263],[-48.254,-23.257],[-48.257,-23.223],[-48.19,-23.175],[-48.182,-23.14],[-48.196,-23.115],[-48.164,-23.101],[-48.166,-23.079],[-48.15,-23.069],[-48.147,-23.081],[-48.123,-23.031],[-48.14,-23.023],[-48.125,-23.004],[-48.134,-22.966],[-48.133,-22.984],[-48.157,-22.997],[-48.178,-22.978],[-48.213,-22.995],[-48.291,-22.958],[-48.31,-22.928],[-48.293,-22.877],[-48.265,-22.871],[-48.254,-22.85],[-48.263,-22.767],[-48.29,-22.753],[-48.285,-22.736],[-48.248,-22.733],[-48.246,-22.619],[-48.227,-22.594],[-48.189,-22.626]]],[[[-45.66,-22.58],[-45.681,-22.636],[-45.666,-22.651],[-45.618,-22.638],[-45.577,-22.602],[-45.555,-22.626],[-45.584,-22.652],[-45.54,-22.653],[-45.489,-22.629],[-45.474,-22.589],[-45.413,-22.622],[-45.401,-22.661],[-45.448,-22.716],[-45.613,-22.796],[-45.652,-22.866],[-45.737,-22.891],[-45.771,-22.806],[-45.749,-22.792],[-45.714,-22.815],[-45.73,-22.799],[-45.712,-22.772],[-45.728,-22.724],[-45.801,-22.739],[-45.818,-22.711],[-45.743,-22.659],[-45.694,-22.652],[-45.737,-22.609],[-45.718,-22.578],[-45.66,-22.58]]],[[[-45.123,-22.501],[-45.104,-22.563],[-45.125,-22.588],[-45.095,-22.612],[-45.113,-22.636],[-45.158,-22.63],[-45.152,-22.658],[-45.2,-22.658],[-45.266,-22.622],[-45.26,-22.582],[-45.178,-22.55],[-45.15,-22.507],[-45.123,-22.501]]],[[[-44.801,-22.406],[-44.734,-22.433],[-44.716,-22.514],[-44.699,-22.511],[-44.671,-22.537],[-44.677,-22.562],[-44.642,-22.559],[-44.64,-22.608],[-44.602,-22.608],[-44.584,-22.626],[-44.574,-22.602],[-44.55,-22.604],[-44.526,-22.619],[-44.535,-22.638],[-44.516,-22.63],[-44.509,-22.641],[-44.485,-22.604],[-44.465,-22.616],[-44.431,-22.599],[-44.407,-22.609],[-44.41,-22.588],[-44.382,-22.573],[-44.36,-22.581],[-44.37,-22.59],[-44.356,-22.615],[-44.345,-22.588],[-44.286,-22.61],[-44.269,-22.599],[-44.253,-22.612],[-44.207,-22.612],[-44.161,-22.678],[-44.176,-22.706],[-44.204,-22.717],[-44.199,-22.735],[-44.227,-22.734],[-44.257,-22.766],[-44.257,-22.787],[-44.24,-22.793],[-44.272,-22.832],[-44.297,-22.828],[-44.322,-22.85],[-44.325,-22.838],[-44.374,-22.858],[-44.418,-22.848],[-44.466,-22.885],[-44.479,-22.851],[-44.495,-22.847],[-44.544,-22.885],[-44.607,-22.885],[-44.659,-22.928],[-44.673,-22.918],[-44.688,-22.937],[-44.713,-22.93],[-44.744,-22.947],[-44.755,-22.98],[-44.792,-22.982],[-44.823,-23.16],[-44.873,-23.183],[-44.889,-23.227],[-44.872,-23.249],[-44.836,-23.256],[-44.827,-23.292],[-44.807,-23.283],[-44.778,-23.315],[-44.777,-23.338],[-44.724,-23.369],[-44.797,-23.369],[-44.842,-23.388],[-44.837,-23.37],[-44.85,-23.361],[-44.891,-23.372],[-44.883,-23.346],[-44.908,-23.334],[-44.978,-23.401],[-45.061,-23.42],[-45.06,-23.456],[-45.038,-23.448],[-45.018,-23.461],[-45.063,-23.468],[-45.081,-23.521],[-45.088,-23.494],[-45.124,-23.503],[-45.108,-23.508],[-45.113,-23.526],[-45.168,-23.493],[-45.162,-23.542],[-45.187,-23.541],[-45.194,-23.52],[-45.223,-23.531],[-45.23,-23.55],[-45.214,-23.556],[-45.211,-23.583],[-45.279,-23.588],[-45.273,-23.561],[-45.259,-23.561],[-45.28,-23.541],[-45.276,-23.483],[-45.309,-23.497],[-45.342,-23.548],[-45.37,-23.542],[-45.414,-23.56],[-45.425,-23.548],[-45.455,-23.578],[-45.488,-23.572],[-45.524,-23.605],[-45.545,-23.599],[-45.581,-23.647],[-45.632,-23.657],[-45.622,-23.63],[-45.637,-23.622],[-45.703,-23.637],[-45.706,-23.602],[-45.744,-23.602],[-45.731,-23.574],[-45.746,-23.566],[-45.756,-23.511],[-45.791,-23.506],[-45.777,-23.483],[-45.786,-23.46],[-45.763,-23.439],[-45.787,-23.42],[-45.754,-23.386],[-45.788,-23.362],[-45.765,-23.342],[-45.745,-23.353],[-45.722,-23.334],[-45.706,-23.339],[-45.646,-23.291],[-45.612,-23.247],[-45.622,-23.205],[-45.641,-23.196],[-45.609,-23.164],[-45.589,-23.179],[-45.554,-23.161],[-45.522,-23.177],[-45.503,-23.22],[-45.451,-23.221],[-45.354,-23.137],[-45.347,-23.098],[-45.328,-23.085],[-45.3,-23.093],[-45.314,-23.057],[-45.289,-23.046],[-45.293,-23.026],[-45.245,-22.999],[-45.156,-23.015],[-45.133,-23.0],[-45.123,-23.015],[-45.061,-22.953],[-45.063,-22.929],[-44.948,-22.914],[-44.889,-22.87],[-44.922,-22.754],[-44.914,-22.708],[-44.925,-22.697],[-44.893,-22.69],[-44.928,-22.655],[-44.902,-22.639],[-44.932,-22.569],[-44.925,-22.509],[-44.967,-22.481],[-44.94,-22.453],[-44.899,-22.454],[-44.89,-22.432],[-44.834,-22.431],[-44.801,-22.406]]],[[[-52.622,-21.877],[-52.609,-21.915],[-52.575,-21.945],[-52.498,-22.007],[-52.469,-22.014],[-52.437,-22.052],[-52.38,-22.077],[-52.408,-22.142],[-52.456,-22.185],[-52.419,-22.186],[-52.298,-22.252],[-52.285,-22.273],[-52.268,-22.253],[-52.25,-22.267],[-52.218,-22.256],[-52.244,-22.197],[-52.221,-22.196],[-52.227,-22.161],[-52.208,-22.15],[-52.174,-22.083],[-52.189,-22.046],[-52.11,-21.981],[-52.03,-22.048],[-52.039,-22.024],[-52.023,-21.948],[-51.863,-22.036],[-51.884,-22.123],[-51.874,-22.177],[-51.822,-22.151],[-51.809,-22.177],[-51.772,-22.191],[-51.765,-22.173],[-51.738,-22.18],[-51.772,-22.217],[-51.754,-22.234],[-51.757,-22.269],[-51.791,-22.269],[-51.838,-22.358],[-51.789,-22.361],[-51.771,-22.321],[-51.712,-22.352],[-51.636,-22.297],[-51.62,-22.32],[-51.621,-22.285],[-51.519,-22.257],[-51.476,-22.198],[-51.401,-22.201],[-51.356,-22.258],[-51.352,-22.324],[-51.267,-22.329],[-51.219,-22.356],[-51.272,-22.499],[-51.288,-22.659],[-51.306,-22.674],[-51.446,-22.653],[-51.499,-22.691],[-51.56,-22.697],[-51.628,-22.658],[-51.718,-22.669],[-51.734,-22.625],[-51.754,-22.617],[-51.869,-22.63],[-51.941,-22.567],[-52.109,-22.516],[-52.149,-22.549],[-52.157,-22.645],[-52.223,-22.676],[-52.231,-22.634],[-52.25,-22.615],[-52.313,-22.637],[-52.438,-22.607],[-52.503,-22.635],[-52.585,-22.566],[-52.708,-22.628],[-52.815,-22.597],[-52.858,-22.608],[-52.925,-22.566],[-52.972,-22.57],[-53.088,-22.658],[-53.11,-22.61],[-53.086,-22.562],[-53.014,-22.521],[-52.999,-22.493],[-52.948,-22.473],[-53.001,-22.425],[-52.987,-22.422],[-53.001,-22.36],[-53.037,-22.317],[-53.109,-22.142],[-53.117,-22.001],[-53.134,-21.975],[-53.151,-21.974],[-53.076,-21.837],[-52.872,-21.88],[-52.632,-21.832],[-52.622,-21.877]]],[[[-47.245,-21.455],[-47.247,-21.468],[-47.206,-21.464],[-47.213,-21.477],[-47.199,-21.491],[-47.131,-21.494],[-47.131,-21.524],[-47.105,-21.527],[-47.083,-21.549],[-47.124,-21.592],[-47.124,-21.624],[-47.158,-21.63],[-47.165,-21.666],[-47.241,-21.75],[-47.211,-21.756],[-47.198,-21.792],[-47.186,-21.791],[-47.198,-21.908],[-47.16,-21.953],[-47.195,-21.974],[-47.163,-21.988],[-47.116,-21.973],[-47.012,-22.008],[-47.009,-21.977],[-46.982,-21.968],[-47.004,-21.919],[-46.982,-21.87],[-46.988,-21.848],[-46.961,-21.835],[-46.961,-21.815],[-46.924,-21.815],[-46.829,-21.754],[-46.77,-21.826],[-46.751,-21.834],[-46.726,-21.819],[-46.665,-21.849],[-46.648,-21.88],[-46.673,-21.908],[-46.668,-21.931],[-46.613,-22.015],[-46.676,-22.022],[-46.685,-22.037],[-46.658,-22.06],[-46.665,-22.069],[-46.72,-22.074],[-46.747,-22.092],[-46.787,-22.093],[-46.817,-22.064],[-46.818,-22.084],[-46.843,-22.095],[-46.892,-22.086],[-46.89,-22.111],[-46.865,-22.131],[-46.9,-22.176],[-46.9,-22.246],[-46.824,-22.267],[-46.791,-22.3],[-46.876,-22.378],[-46.86,-22.398],[-46.864,-22.445],[-46.885,-22.466],[-46.863,-22.507],[-46.871,-22.547],[-46.92,-22.576],[-46.989,-22.545],[-47.031,-22.575],[-47.087,-22.585],[-47.079,-22.611],[-47.11,-22.639],[-47.128,-22.613],[-47.211,-22.602],[-47.227,-22.57],[-47.243,-22.583],[-47.228,-22.606],[-47.279,-22.662],[-47.28,-22.692],[-47.313,-22.687],[-47.334,-22.713],[-47.371,-22.682],[-47.399,-22.709],[-47.477,-22.738],[-47.503,-22.69],[-47.539,-22.717],[-47.55,-22.705],[-47.55,-22.689],[-47.522,-22.677],[-47.549,-22.585],[-47.579,-22.564],[-47.583,-22.542],[-47.631,-22.548],[-47.654,-22.521],[-47.669,-22.54],[-47.669,-22.507],[-47.69,-22.483],[-47.748,-22.484],[-47.768,-22.443],[-47.814,-22.457],[-47.862,-22.429],[-47.911,-22.432],[-47.924,-22.407],[-47.954,-22.398],[-47.943,-22.384],[-47.96,-22.367],[-47.955,-22.337],[-47.949,-22.321],[-47.932,-22.33],[-47.94,-22.315],[-47.906,-22.231],[-47.88,-22.213],[-47.903,-22.171],[-47.894,-22.154],[-47.831,-22.148],[-47.815,-22.161],[-47.8,-22.128],[-47.76,-22.163],[-47.754,-22.191],[-47.729,-22.187],[-47.713,-22.24],[-47.695,-22.202],[-47.599,-22.179],[-47.587,-22.15],[-47.551,-22.154],[-47.579,-22.087],[-47.626,-22.044],[-47.601,-22.052],[-47.575,-22.018],[-47.582,-21.99],[-47.544,-21.98],[-47.512,-21.936],[-47.527,-21.926],[-47.511,-21.879],[-47.543,-21.863],[-47.555,-21.837],[-47.524,-21.802],[-47.57,-21.784],[-47.588,-21.735],[-47.615,-21.751],[-47.64,-21.725],[-47.667,-21.743],[-47.68,-21.716],[-47.724,-21.706],[-47.679,-21.657],[-47.678,-21.612],[-47.608,-21.583],[-47.599,-21.547],[-47.45,-21.577],[-47.441,-21.613],[-47.425,-21.602],[-47.399,-21.614],[-47.364,-21.594],[-47.35,-21.564],[-47.289,-21.553],[-47.279,-21.468],[-47.242,-21.442],[-47.245,-21.455]]]]}},{"type":"Feature","properties":{"codigo_area_atuacao":"C.081.AC.2018","sigla":"EAC","num_municipios":26,"populacao_estimada_2018":873206,"area_km2":164124.1599758,"tipo_outorga":"CONCESSIONÁRIA","uf":"AC","regiao":"NORTE","num_unidades_consumidoras":313752,"cnpj":"04.065.033/0001-70","razao_social":"ENERGISA ACRE - DISTRIBUIDORA DE ENERGIA S.A","ato_legal":"ECT 003/2018 de 07/12/2018; ECT 006/2001 de 12/02/2001","inicio_vigencia_epoch_ms":978318000000,"cnpj_digits":"04065033000170","subsystem_id":"N","subsystem_mapping_method":"GEOGRAPHIC_REGION_PROXY_MVP"},"geometry":{"type":"Polygon","coordinates":[[[-73.183,-7.335],[-72.585,-7.552],[-70.055,-7.845],[-68.647,-9.049],[-67.517,-9.561],[-67.326,-9.592],[-66.627,-9.898],[-66.626,-9.932],[-66.639,-9.95],[-66.659,-9.935],[-66.676,-9.967],[-66.764,-9.998],[-66.772,-10.02],[-66.836,-10.061],[-66.838,-10.083],[-66.874,-10.081],[-66.873,-10.101],[-66.918,-10.13],[-66.911,-10.147],[-66.936,-10.147],[-66.955,-10.19],[-66.997,-10.2],[-66.988,-10.221],[-67.016,-10.257],[-67.079,-10.289],[-67.127,-10.291],[-67.14,-10.308],[-67.129,-10.316],[-67.178,-10.339],[-67.224,-10.315],[-67.266,-10.333],[-67.315,-10.318],[-67.327,-10.334],[-67.312,-10.377],[-67.344,-10.376],[-67.351,-10.392],[-67.407,-10.373],[-67.424,-10.393],[-67.413,-10.426],[-67.436,-10.447],[-67.504,-10.471],[-67.519,-10.491],[-67.579,-10.503],[-67.64,-10.599],[-67.659,-10.615],[-67.675,-10.602],[-67.708,-10.708],[-67.735,-10.712],[-67.758,-10.685],[-67.864,-10.64],[-67.961,-10.649],[-67.976,-10.663],[-68.002,-10.648],[-68.033,-10.655],[-68.106,-10.715],[-68.103,-10.776],[-68.196,-10.859],[-68.238,-10.957],[-68.331,-11.013],[-68.352,-11.004],[-68.385,-11.018],[-68.398,-11.052],[-68.433,-11.032],[-68.487,-11.051],[-68.543,-11.111],[-68.716,-11.146],[-68.721,-11.103],[-68.765,-11.066],[-68.748,-11.01],[-68.762,-11.018],[-68.757,-11.0],[-68.78,-10.997],[-68.788,-11.014],[-68.792,-10.989],[-68.827,-11.006],[-68.849,-10.992],[-68.86,-11.016],[-68.884,-11.009],[-68.879,-11.021],[-68.896,-11.005],[-68.91,-11.021],[-68.932,-11.004],[-68.947,-11.011],[-68.952,-10.988],[-69.001,-11.008],[-69.039,-10.976],[-69.063,-10.984],[-69.073,-10.965],[-69.12,-10.98],[-69.122,-10.966],[-69.149,-10.971],[-69.153,-10.955],[-69.164,-10.965],[-69.186,-10.948],[-69.215,-10.956],[-69.233,-10.939],[-69.241,-10.951],[-69.271,-10.941],[-69.274,-10.953],[-69.325,-10.935],[-69.343,-10.951],[-69.355,-10.935],[-69.376,-10.953],[-69.387,-10.933],[-69.395,-10.943],[-69.418,-10.925],[-69.478,-10.954],[-69.501,-10.937],[-69.54,-10.937],[-69.545,-10.953],[-69.586,-10.94],[-69.713,-10.974],[-69.74,-10.973],[-69.77,-10.929],[-69.858,-10.933],[-69.9,-10.919],[-69.921,-10.932],[-69.933,-10.921],[-70.027,-10.977],[-70.107,-10.994],[-70.107,-11.008],[-70.159,-11.041],[-70.264,-11.05],[-70.308,-11.069],[-70.437,-11.038],[-70.452,-10.997],[-70.529,-10.931],[-70.621,-11.0],[-70.624,-9.82],[-70.578,-9.777],[-70.559,-9.789],[-70.536,-9.765],[-70.524,-9.714],[-70.584,-9.64],[-70.598,-9.607],[-70.586,-9.574],[-70.6,-9.561],[-70.59,-9.548],[-70.588,-9.567],[-70.554,-9.571],[-70.57,-9.532],[-70.541,-9.537],[-70.544,-9.513],[-70.513,-9.492],[-70.504,-9.504],[-70.523,-9.459],[-70.505,-9.464],[-70.496,-9.424],[-70.595,-9.442],[-70.595,-9.458],[-70.611,-9.456],[-70.662,-9.525],[-70.714,-9.546],[-70.73,-9.569],[-70.75,-9.56],[-70.757,-9.603],[-70.787,-9.613],[-70.793,-9.637],[-70.836,-9.642],[-70.924,-9.741],[-70.963,-9.749],[-70.993,-9.817],[-71.051,-9.816],[-71.163,-9.875],[-71.211,-9.966],[-71.247,-9.962],[-71.308,-9.992],[-71.348,-9.973],[-71.377,-10.0],[-72.18,-10.0],[-72.156,-9.964],[-72.174,-9.922],[-72.141,-9.878],[-72.165,-9.828],[-72.151,-9.799],[-72.269,-9.749],[-72.246,-9.658],[-72.26,-9.645],[-72.254,-9.616],[-72.289,-9.602],[-72.283,-9.54],[-72.319,-9.543],[-72.357,-9.494],[-72.408,-9.477],[-72.517,-9.491],[-72.575,-9.455],[-72.695,-9.438],[-72.716,-9.411],[-73.212,-9.412],[-73.188,-9.361],[-73.101,-9.304],[-73.111,-9.279],[-73.087,-9.244],[-73.056,-9.225],[-73.045,-9.237],[-73.026,-9.229],[-72.995,-9.194],[-73.016,-9.177],[-72.953,-9.129],[-72.94,-9.069],[-72.957,-9.011],[-72.936,-8.989],[-72.971,-8.975],[-72.995,-8.92],[-73.056,-8.907],[-73.155,-8.708],[-73.216,-8.679],[-73.248,-8.687],[-73.29,-8.662],[-73.315,-8.615],[-73.341,-8.616],[-73.331,-8.472],[-73.394,-8.467],[-73.412,-8.411],[-73.482,-8.392],[-73.537,-8.345],[-73.536,-8.27],[-73.578,-8.211],[-73.595,-8.207],[-73.585,-8.123],[-73.633,-8.057],[-73.627,-8.021],[-73.646,-8.003],[-73.676,-8.008],[-73.698,-7.96],[-73.731,-7.968],[-73.772,-7.902],[-73.753,-7.892],[-73.767,-7.861],[-73.713,-7.875],[-73.687,-7.854],[-73.684,-7.776],[-73.74,-7.734],[-73.822,-7.717],[-73.844,-7.676],[-73.873,-7.671],[-73.888,-7.631],[-73.983,-7.566],[-73.99,-7.536],[-73.948,-7.526],[-73.919,-7.465],[-73.963,-7.347],[-73.876,-7.382],[-73.83,-7.337],[-73.794,-7.344],[-73.766,-7.331],[-73.755,-7.346],[-73.7,-7.304],[-73.714,-7.234],[-73.753,-7.201],[-73.802,-7.112],[-73.183,-7.335]]]}},{"type":"Feature","properties":{"codigo_area_atuacao":"C.051.RS.2000","sigla":"ELETROCAR","num_municipios":15,"populacao_estimada_2018":82914,"area_km2":2560.05629435,"tipo_outorga":"CONCESSIONÁRIA","uf":"RS","regiao":"SUL","num_unidades_consumidoras":38432,"cnpj":"88.446.034/0001-55","razao_social":"CENTRAIS ELÉTRICAS DE CARAZINHO SA","ato_legal":"ECT 084/2000 de 18/10/2000","inicio_vigencia_epoch_ms":946695600000,"cnpj_digits":"88446034000155","subsystem_id":"S","subsystem_mapping_method":"GEOGRAPHIC_REGION_PROXY_MVP"},"geometry":{"type":"Polygon","coordinates":[[[-53.078,-27.921],[-53.07,-27.943],[-53.034,-27.954],[-53.033,-27.964],[-53.059,-27.956],[-53.011,-28.04],[-53.009,-28.027],[-52.982,-28.042],[-52.973,-28.033],[-52.966,-28.05],[-52.959,-28.034],[-52.941,-28.057],[-52.904,-28.052],[-52.896,-28.069],[-52.889,-28.054],[-52.883,-28.07],[-52.862,-28.071],[-52.854,-28.056],[-52.839,-28.061],[-52.832,-28.03],[-52.814,-28.043],[-52.776,-28.029],[-52.724,-28.06],[-52.691,-28.113],[-52.659,-28.123],[-52.654,-28.171],[-52.632,-28.171],[-52.638,-28.191],[-52.612,-28.199],[-52.603,-28.22],[-52.647,-28.265],[-52.677,-28.269],[-52.637,-28.301],[-52.611,-28.296],[-52.59,-28.31],[-52.603,-28.341],[-52.63,-28.354],[-52.62,-28.366],[-52.649,-28.372],[-52.625,-28.411],[-52.631,-28.428],[-52.642,-28.423],[-52.642,-28.439],[-52.692,-28.469],[-52.778,-28.368],[-52.838,-28.386],[-52.941,-28.38],[-52.924,-28.421],[-52.943,-28.446],[-52.946,-28.496],[-52.924,-28.507],[-52.92,-28.521],[-52.938,-28.524],[-52.914,-28.546],[-52.928,-28.554],[-52.915,-28.569],[-52.932,-28.573],[-52.92,-28.579],[-52.92,-28.614],[-52.936,-28.62],[-52.922,-28.652],[-52.942,-28.671],[-52.928,-28.674],[-52.942,-28.7],[-52.923,-28.719],[-52.963,-28.744],[-52.955,-28.76],[-53.01,-28.758],[-53.004,-28.774],[-53.035,-28.764],[-53.033,-28.729],[-53.013,-28.715],[-53.035,-28.686],[-53.025,-28.665],[-53.038,-28.645],[-53.015,-28.603],[-53.028,-28.579],[-53.018,-28.563],[-53.044,-28.551],[-53.079,-28.492],[-53.047,-28.435],[-53.057,-28.397],[-52.99,-28.371],[-53.042,-28.376],[-53.021,-28.317],[-53.092,-28.278],[-53.12,-28.298],[-53.135,-28.286],[-53.119,-28.258],[-53.183,-28.204],[-53.197,-28.159],[-53.223,-28.146],[-53.256,-28.164],[-53.249,-28.142],[-53.302,-28.081],[-53.194,-28.066],[-53.191,-28.045],[-53.235,-28.032],[-53.244,-28.008],[-53.193,-27.994],[-53.156,-27.943],[-53.078,-27.921]]]}},{"type":"Feature","properties":{"codigo_area_atuacao":"C.017.SP.1998","sigla":"ENEL SP","num_municipios":38,"populacao_estimada_2018":18054203,"area_km2":4507.25302635,"tipo_outorga":"CONCESSIONÁRIA","uf":"SP","regiao":"SUDESTE","num_unidades_consumidoras":8234376,"cnpj":"61.695.227/0001-93","razao_social":"ELETROPAULO METROPOLITANA ELETRICIDADE DE SÃO PAULO S.A.","ato_legal":"ECT 162/1998 de 15/06/1998","inicio_vigencia_epoch_ms":883623600000,"cnpj_digits":"61695227000193","subsystem_id":"SE/CO","subsystem_mapping_method":"GEOGRAPHIC_REGION_PROXY_MVP"},"geometry":{"type":"Polygon","coordinates":[[[-46.865,-23.28],[-46.843,-23.283],[-46.822,-23.314],[-46.821,-23.402],[-46.735,-23.388],[-46.699,-23.424],[-46.677,-23.415],[-46.634,-23.429],[-46.601,-23.388],[-46.542,-23.358],[-46.571,-23.457],[-46.555,-23.51],[-46.511,-23.479],[-46.411,-23.47],[-46.401,-23.487],[-46.382,-23.472],[-46.365,-23.505],[-46.396,-23.531],[-46.377,-23.59],[-46.4,-23.606],[-46.373,-23.644],[-46.354,-23.641],[-46.358,-23.66],[-46.324,-23.704],[-46.322,-23.745],[-46.294,-23.749],[-46.278,-23.77],[-46.317,-23.802],[-46.338,-23.782],[-46.445,-23.829],[-46.441,-23.847],[-46.497,-23.901],[-46.52,-23.905],[-46.566,-23.954],[-46.63,-23.973],[-46.64,-23.998],[-46.685,-23.982],[-46.771,-24.008],[-46.755,-23.973],[-46.807,-23.938],[-46.883,-23.984],[-46.868,-24.019],[-46.9,-24.046],[-46.936,-24.033],[-46.967,-24.044],[-46.971,-24.062],[-46.998,-24.052],[-47.007,-24.064],[-47.056,-24.01],[-47.068,-24.025],[-47.107,-23.994],[-47.139,-24.014],[-47.2,-24.001],[-47.189,-23.99],[-47.209,-23.965],[-47.192,-23.928],[-47.159,-23.935],[-47.116,-23.84],[-47.038,-23.835],[-47.029,-23.846],[-47.015,-23.814],[-46.986,-23.808],[-47.019,-23.789],[-47.033,-23.737],[-47.062,-23.709],[-47.062,-23.682],[-47.085,-23.667],[-47.041,-23.611],[-47.03,-23.568],[-47.006,-23.554],[-47.013,-23.536],[-46.991,-23.528],[-47.018,-23.484],[-47.011,-23.446],[-47.038,-23.436],[-47.043,-23.387],[-47.029,-23.375],[-47.043,-23.352],[-46.939,-23.324],[-46.865,-23.28]]]}},{"type":"Feature","properties":{"codigo_area_atuacao":"C.029.ES.1999","sigla":"ELFSM","num_municipios":11,"populacao_estimada_2018":256813,"area_km2":5151.5756528,"tipo_outorga":"CONCESSIONÁRIA","uf":"ES","regiao":"SUDESTE","num_unidades_consumidoras":120467,"cnpj":"27.485.069/0001-09","razao_social":"EMPRESA LUZ E FORÇA SANTA MARIA S/A","ato_legal":"ECT 020/1999 de 03/02/1999 ","inicio_vigencia_epoch_ms":915159600000,"cnpj_digits":"27485069000109","subsystem_id":"SE/CO","subsystem_mapping_method":"GEOGRAPHIC_REGION_PROXY_MVP"},"geometry":{"type":"Polygon","coordinates":[[[-40.268,-18.837],[-40.251,-18.864],[-40.212,-18.879],[-40.205,-18.899],[-40.264,-19.033],[-40.305,-19.084],[-40.349,-19.084],[-40.366,-19.067],[-40.365,-19.096],[-40.411,-19.14],[-40.396,-19.158],[-40.437,-19.288],[-40.489,-19.288],[-40.53,-19.342],[-40.493,-19.371],[-40.48,-19.365],[-40.434,-19.435],[-40.445,-19.45],[-40.431,-19.493],[-40.376,-19.531],[-40.368,-19.55],[-40.389,-19.574],[-40.37,-19.618],[-40.419,-19.641],[-40.486,-19.64],[-40.517,-19.678],[-40.519,-19.745],[-40.555,-19.734],[-40.631,-19.773],[-40.693,-19.773],[-40.708,-19.816],[-40.761,-19.828],[-40.782,-19.76],[-40.756,-19.652],[-40.78,-19.634],[-40.783,-19.581],[-40.854,-19.617],[-40.857,-19.587],[-40.829,-19.567],[-40.819,-19.529],[-40.857,-19.511],[-40.834,-19.49],[-40.878,-19.475],[-40.883,-19.452],[-40.861,-19.399],[-40.82,-19.357],[-40.854,-19.323],[-40.881,-19.332],[-40.861,-19.306],[-40.895,-19.287],[-40.875,-19.265],[-40.892,-19.244],[-40.874,-19.237],[-40.935,-19.223],[-40.926,-19.19],[-40.941,-19.181],[-40.944,-19.144],[-40.962,-19.144],[-40.961,-19.123],[-41.066,-19.051],[-41.067,-19.007],[-41.017,-18.976],[-41.051,-18.975],[-41.065,-18.945],[-40.906,-18.94],[-40.898,-18.901],[-40.861,-18.896],[-40.859,-18.86],[-40.834,-18.861],[-40.815,-18.842],[-40.786,-18.859],[-40.744,-18.842],[-40.711,-18.867],[-40.738,-18.879],[-40.739,-18.936],[-40.678,-18.933],[-40.664,-18.949],[-40.634,-18.937],[-40.615,-18.955],[-40.573,-18.894],[-40.531,-18.87],[-40.268,-18.837]]]}},{"type":"Feature","properties":{"codigo_area_atuacao":"C.035.MG.1999","sigla":"EMG","num_municipios":70,"populacao_estimada_2018":1033669,"area_km2":15852.76689362,"tipo_outorga":"CONCESSIONÁRIA","uf":"MG","regiao":"SUDESTE","num_unidades_consumidoras":491291,"cnpj":"19.527.639/0001-58","razao_social":"ENERGISA MINAS GERAIS - DISTRIBUIDORA DE ENERGIA S.A.","ato_legal":"ECT 040/1999 de 18/06/1999","inicio_vigencia_epoch_ms":915159600000,"cnpj_digits":"19527639000158","subsystem_id":"SE/CO","subsystem_mapping_method":"GEOGRAPHIC_REGION_PROXY_MVP"},"geometry":{"type":"MultiPolygon","coordinates":[[[[-42.491,-20.407],[-42.456,-20.438],[-42.403,-20.45],[-42.409,-20.472],[-42.386,-20.509],[-42.415,-20.564],[-42.377,-20.598],[-42.406,-20.626],[-42.417,-20.667],[-42.449,-20.692],[-42.47,-20.69],[-42.473,-20.747],[-42.434,-20.751],[-42.423,-20.77],[-42.393,-20.753],[-42.366,-20.769],[-42.345,-20.805],[-42.354,-20.821],[-42.305,-20.863],[-42.235,-20.838],[-42.172,-20.786],[-42.103,-20.801],[-42.108,-20.857],[-42.147,-20.848],[-42.187,-20.87],[-42.159,-20.937],[-42.165,-20.974],[-42.08,-21.035],[-42.101,-21.034],[-42.14,-21.103],[-42.164,-21.101],[-42.208,-21.178],[-42.19,-21.251],[-42.229,-21.282],[-42.23,-21.366],[-42.252,-21.387],[-42.238,-21.402],[-42.275,-21.404],[-42.292,-21.459],[-42.255,-21.487],[-42.286,-21.528],[-42.306,-21.529],[-42.309,-21.551],[-42.33,-21.56],[-42.369,-21.619],[-42.355,-21.625],[-42.37,-21.64],[-42.348,-21.642],[-42.34,-21.662],[-42.301,-21.655],[-42.274,-21.677],[-42.267,-21.714],[-42.333,-21.746],[-42.401,-21.753],[-42.405,-21.734],[-42.423,-21.741],[-42.435,-21.696],[-42.428,-21.642],[-42.441,-21.648],[-42.448,-21.633],[-42.469,-21.657],[-42.501,-21.66],[-42.538,-21.651],[-42.559,-21.681],[-42.627,-21.704],[-42.624,-21.738],[-42.656,-21.763],[-42.616,-21.78],[-42.606,-21.828],[-42.594,-21.825],[-42.605,-21.851],[-42.881,-21.959],[-42.91,-21.991],[-42.913,-21.974],[-42.933,-21.97],[-42.908,-21.908],[-42.885,-21.901],[-42.899,-21.89],[-42.875,-21.856],[-42.894,-21.812],[-42.863,-21.796],[-42.85,-21.759],[-42.883,-21.728],[-42.868,-21.703],[-42.909,-21.688],[-42.927,-21.655],[-42.958,-21.67],[-42.981,-21.65],[-42.997,-21.673],[-43.029,-21.676],[-43.046,-21.696],[-43.082,-21.658],[-43.133,-21.695],[-43.14,-21.664],[-43.169,-21.663],[-43.171,-21.619],[-43.128,-21.589],[-43.106,-21.509],[-43.158,-21.528],[-43.166,-21.503],[-43.186,-21.515],[-43.235,-21.496],[-43.201,-21.484],[-43.203,-21.47],[-43.231,-21.453],[-43.257,-21.464],[-43.265,-21.434],[-43.301,-21.432],[-43.309,-21.392],[-43.353,-21.358],[-43.344,-21.316],[-43.324,-21.296],[-43.374,-21.284],[-43.377,-21.259],[-43.418,-21.264],[-43.445,-21.248],[-43.448,-21.226],[-43.435,-21.223],[-43.452,-21.176],[-43.362,-21.151],[-43.356,-21.095],[-43.294,-21.06],[-43.272,-21.058],[-43.24,-21.088],[-43.154,-21.068],[-43.137,-21.121],[-43.095,-21.108],[-43.082,-21.073],[-43.096,-21.053],[-43.083,-21.018],[-43.107,-20.996],[-43.094,-20.972],[-43.102,-20.956],[-43.112,-20.977],[-43.145,-20.978],[-43.172,-20.939],[-43.173,-20.925],[-43.151,-20.917],[-43.164,-20.893],[-43.152,-20.849],[-43.041,-20.799],[-43.027,-20.759],[-43.0,-20.755],[-42.957,-20.775],[-42.952,-20.814],[-42.921,-20.807],[-42.846,-20.839],[-42.845,-20.816],[-42.824,-20.801],[-42.826,-20.755],[-42.783,-20.761],[-42.754,-20.745],[-42.794,-20.7],[-42.765,-20.658],[-42.769,-20.617],[-42.808,-20.615],[-42.776,-20.575],[-42.791,-20.56],[-42.783,-20.532],[-42.758,-20.55],[-42.732,-20.545],[-42.726,-20.519],[-42.679,-20.531],[-42.633,-20.562],[-42.643,-20.575],[-42.629,-20.598],[-42.554,-20.596],[-42.542,-20.608],[-42.534,-20.58],[-42.487,-20.578],[-42.514,-20.519],[-42.506,-20.468],[-42.531,-20.45],[-42.527,-20.425],[-42.491,-20.407]]],[[[-41.819,-19.829],[-41.8,-19.833],[-41.815,-19.839],[-41.822,-19.871],[-41.808,-19.894],[-41.83,-19.897],[-41.844,-19.925],[-41.842,-19.942],[-41.803,-19.955],[-41.811,-20.042],[-41.79,-20.043],[-41.769,-20.067],[-41.747,-20.058],[-41.727,-20.104],[-41.745,-20.132],[-41.736,-20.192],[-41.764,-20.218],[-41.776,-20.286],[-41.849,-20.33],[-41.86,-20.373],[-41.837,-20.409],[-41.874,-20.398],[-41.873,-20.419],[-41.903,-20.435],[-41.932,-20.492],[-41.97,-20.506],[-41.986,-20.482],[-42.069,-20.51],[-42.09,-20.507],[-42.092,-20.493],[-42.135,-20.494],[-42.135,-20.469],[-42.208,-20.431],[-42.214,-20.468],[-42.259,-20.5],[-42.277,-20.548],[-42.289,-20.555],[-42.307,-20.536],[-42.319,-20.547],[-42.345,-20.395],[-42.365,-20.405],[-42.391,-20.388],[-42.394,-20.36],[-42.416,-20.344],[-42.391,-20.281],[-42.368,-20.281],[-42.364,-20.248],[-42.321,-20.233],[-42.31,-20.117],[-42.248,-20.084],[-42.21,-20.09],[-42.197,-20.002],[-42.163,-19.99],[-42.126,-20.019],[-42.076,-19.937],[-42.056,-19.951],[-42.015,-19.916],[-41.97,-19.938],[-41.974,-19.88],[-41.892,-19.887],[-41.819,-19.829]]],[[[-42.687,-21.97],[-42.56,-21.999],[-42.577,-22.025],[-42.563,-22.029],[-42.574,-22.064],[-42.606,-22.09],[-42.591,-22.106],[-42.618,-22.133],[-42.577,-22.141],[-42.555,-22.173],[-42.593,-22.178],[-42.611,-22.196],[-42.642,-22.187],[-42.643,-22.21],[-42.659,-22.21],[-42.711,-22.267],[-42.744,-22.234],[-42.732,-22.209],[-42.752,-22.191],[-42.745,-22.128],[-42.761,-22.105],[-42.735,-22.095],[-42.743,-22.048],[-42.717,-22.052],[-42.687,-21.97]]]]}},{"type":"Feature","properties":{"codigo_area_atuacao":"C.012.MS.1997","sigla":"EMS","num_municipios":74,"populacao_estimada_2018":2593358,"area_km2":328339.29153737,"tipo_outorga":"CONCESSIONÁRIA","uf":"MS","regiao":"CENTRO-OESTE","num_unidades_consumidoras":1146357,"cnpj":"15.413.826/0001-50","razao_social":"ENERGISA MATO GROSSO DO SUL - DISTRIBUIDORA DE ENERGIA S.A.","ato_legal":"ECT 01/1997 de 04/12/1997","inicio_vigencia_epoch_ms":852087600000,"cnpj_digits":"15413826000150","subsystem_id":"SE/CO","subsystem_mapping_method":"GEOGRAPHIC_REGION_PROXY_MVP"},"geometry":{"type":"Polygon","coordinates":[[[-56.104,-17.174],[-56.062,-17.171],[-56.051,-17.187],[-56.044,-17.171],[-56.006,-17.204],[-56.021,-17.214],[-56.009,-17.214],[-56.011,-17.239],[-55.989,-17.242],[-55.987,-17.258],[-55.981,-17.247],[-55.952,-17.25],[-55.941,-17.278],[-55.926,-17.258],[-55.887,-17.264],[-55.902,-17.273],[-55.887,-17.285],[-55.875,-17.269],[-55.842,-17.301],[-55.827,-17.288],[-55.828,-17.307],[-55.804,-17.299],[-55.788,-17.329],[-55.761,-17.324],[-55.722,-17.349],[-55.709,-17.338],[-55.701,-17.354],[-55.693,-17.34],[-55.668,-17.351],[-55.657,-17.338],[-55.645,-17.359],[-55.64,-17.34],[-55.626,-17.364],[-55.586,-17.374],[-55.587,-17.422],[-55.575,-17.419],[-55.524,-17.481],[-55.473,-17.481],[-55.444,-17.512],[-55.382,-17.525],[-55.377,-17.515],[-55.351,-17.549],[-55.294,-17.542],[-55.221,-17.617],[-55.184,-17.62],[-55.171,-17.641],[-55.127,-17.653],[-55.109,-17.629],[-55.064,-17.642],[-55.011,-17.629],[-54.992,-17.638],[-54.943,-17.609],[-54.861,-17.624],[-54.759,-17.566],[-54.747,-17.52],[-54.719,-17.518],[-54.7,-17.497],[-54.685,-17.507],[-54.617,-17.49],[-54.582,-17.468],[-54.554,-17.489],[-54.536,-17.478],[-54.481,-17.488],[-54.467,-17.529],[-54.421,-17.536],[-54.383,-17.572],[-54.374,-17.609],[-54.387,-17.635],[-54.336,-17.662],[-54.275,-17.654],[-54.179,-17.603],[-54.085,-17.619],[-54.052,-17.563],[-54.058,-17.513],[-54.038,-17.486],[-53.952,-17.459],[-53.878,-17.375],[-53.831,-17.355],[-53.82,-17.295],[-53.786,-17.288],[-53.759,-17.243],[-53.698,-17.231],[-53.68,-17.254],[-53.705,-17.664],[-53.8,-17.671],[-53.856,-17.703],[-53.954,-17.869],[-53.949,-17.923],[-53.899,-17.909],[-53.86,-17.921],[-53.774,-18.001],[-53.734,-17.995],[-53.692,-18.014],[-53.661,-17.978],[-53.616,-17.976],[-53.59,-18.013],[-53.557,-18.006],[-53.486,-18.04],[-53.468,-18.035],[-53.439,-17.984],[-53.381,-18.009],[-53.299,-17.995],[-53.242,-18.005],[-53.177,-18.042],[-53.072,-18.034],[-53.079,-18.053],[-53.124,-18.059],[-53.143,-18.082],[-53.1,-18.314],[-53.07,-18.343],[-53.028,-18.352],[-52.984,-18.307],[-52.935,-18.297],[-52.873,-18.315],[-52.805,-18.313],[-52.759,-18.348],[-52.799,-18.415],[-52.873,-18.427],[-52.881,-18.465],[-52.962,-18.541],[-52.94,-18.613],[-52.914,-18.62],[-52.917,-18.64],[-52.747,-18.692],[-52.681,-18.679],[-52.634,-18.696],[-52.593,-18.69],[-52.547,-18.657],[-52.455,-18.688],[-52.334,-18.828],[-52.181,-18.848],[-52.157,-18.888],[-52.112,-18.899],[-52.081,-18.951],[-52.045,-18.951],[-52.019,-18.963],[-52.016,-18.983],[-51.999,-18.968],[-51.978,-18.981],[-51.968,-18.967],[-51.952,-18.981],[-51.94,-18.968],[-51.899,-18.994],[-51.854,-19.052],[-51.843,-19.042],[-51.841,-19.057],[-51.744,-19.086],[-51.741,-19.101],[-51.658,-19.138],[-51.577,-19.127],[-51.501,-19.148],[-51.494,-19.163],[-51.42,-19.167],[-51.398,-19.195],[-51.375,-19.195],[-51.369,-19.222],[-51.308,-19.219],[-51.308,-19.238],[-51.252,-19.274],[-51.203,-19.261],[-51.18,-19.284],[-51.088,-19.308],[-51.018,-19.384],[-51.031,-19.401],[-50.985,-19.41],[-50.985,-19.431],[-50.936,-19.461],[-50.962,-19.482],[-50.963,-19.501],[-50.931,-19.542],[-50.924,-19.581],[-50.988,-19.59],[-51.046,-19.729],[-51.028,-19.757],[-51.04,-19.782],[-50.999,-19.906],[-51.021,-19.964],[-51.005,-19.999],[-51.018,-20.048],[-51.0,-20.085],[-51.059,-20.235],[-51.137,-20.297],[-51.296,-20.328],[-51.344,-20.356],[-51.36,-20.322],[-51.562,-20.19],[-51.671,-20.059],[-51.751,-20.034],[-51.782,-19.916],[-51.846,-20.005],[-51.87,-20.003],[-51.895,-20.025],[-51.973,-20.022],[-52.028,-20.04],[-52.093,-20.086],[-52.119,-20.129],[-52.2,-20.032],[-52.22,-19.963],[-52.212,-19.871],[-52.295,-19.786],[-52.303,-19.75],[-52.334,-19.728],[-52.348,-19.664],[-52.387,-19.634],[-52.437,-19.638],[-52.476,-19.611],[-52.545,-19.635],[-52.589,-19.694],[-52.615,-19.794],[-52.706,-19.808],[-52.794,-19.871],[-52.78,-19.894],[-52.743,-19.878],[-52.704,-20.014],[-52.716,-20.038],[-52.697,-20.081],[-52.732,-20.088],[-52.749,-20.114],[-52.721,-20.135],[-52.7,-20.196],[-52.736,-20.247],[-52.724,-20.294],[-52.677,-20.37],[-52.624,-20.408],[-52.464,-20.607],[-52.411,-20.746],[-52.383,-20.76],[-52.359,-20.802],[-52.364,-20.883],[-52.537,-20.79],[-52.601,-20.714],[-52.734,-20.618],[-52.747,-20.586],[-52.811,-20.539],[-52.895,-20.613],[-52.962,-20.644],[-53.167,-20.689],[-53.176,-20.824],[-53.261,-20.888],[-53.294,-20.958],[-53.246,-20.997],[-53.176,-21.111],[-53.141,-21.14],[-53.115,-21.303],[-53.053,-21.407],[-53.055,-21.456],[-53.041,-21.5],[-53.023,-21.503],[-52.998,-21.633],[-52.98,-21.653],[-52.818,-21.668],[-52.692,-21.74],[-52.627,-21.708],[-52.506,-21.707],[-52.491,-21.688],[-52.434,-21.682],[-52.305,-21.632],[-52.197,-21.669],[-52.172,-21.707],[-52.161,-21.771],[-52.191,-21.846],[-52.309,-21.952],[-52.345,-22.062],[-52.392,-22.115],[-52.38,-22.077],[-52.437,-22.052],[-52.469,-22.014],[-52.5,-22.006],[-52.608,-21.917],[-52.632,-21.832],[-52.872,-21.88],[-53.076,-21.837],[-53.151,-21.974],[-53.134,-21.975],[-53.117,-22.001],[-53.109,-22.142],[-53.037,-22.317],[-53.001,-22.36],[-52.987,-22.422],[-53.001,-22.425],[-52.948,-22.473],[-53.074,-22.549],[-53.108,-22.596],[-53.105,-22.622],[-53.194,-22.725],[-53.36,-22.78],[-53.378,-22.803],[-53.542,-22.886],[-53.607,-22.951],[-53.635,-23.001],[-53.637,-23.125],[-53.741,-23.336],[-53.775,-23.375],[-53.932,-23.446],[-53.964,-23.444],[-53.987,-23.465],[-54.053,-23.725],[-54.08,-23.781],[-54.08,-23.889],[-54.102,-23.952],[-54.133,-23.984],[-54.287,-24.069],[-54.324,-24.004],[-54.352,-24.008],[-54.415,-23.958],[-54.44,-23.904],[-54.487,-23.904],[-54.493,-23.885],[-54.539,-23.869],[-54.569,-23.874],[-54.564,-23.854],[-54.584,-23.837],[-54.61,-23.851],[-54.669,-23.813],[-54.705,-23.865],[-54.759,-23.857],[-54.814,-23.89],[-54.836,-23.884],[-54.85,-23.908],[-54.891,-23.9],[-54.927,-23.925],[-54.925,-23.96],[-54.941,-23.969],[-54.999,-23.958],[-55.062,-23.993],[-55.107,-23.962],[-55.138,-23.987],[-55.198,-23.987],[-55.229,-24.014],[-55.304,-23.965],[-55.345,-23.995],[-55.414,-23.965],[-55.428,-23.926],[-55.446,-23.917],[-55.436,-23.872],[-55.454,-23.819],[-55.43,-23.79],[-55.447,-23.76],[-55.436,-23.717],[-55.463,-23.712],[-55.484,-23.64],[-55.54,-23.625],[-55.527,-23.567],[-55.562,-23.476],[-55.545,-23.477],[-55.545,-23.449],[-55.504,-23.378],[-55.556,-23.316],[-55.553,-23.28],[-55.523,-23.26],[-55.546,-23.22],[-55.523,-23.198],[-55.543,-23.181],[-55.542,-23.156],[-55.573,-23.143],[-55.597,-23.153],[-55.6,-23.104],[-55.617,-23.082],[-55.611,-23.048],[-55.639,-23.026],[-55.622,-22.984],[-55.648,-22.95],[-55.666,-22.852],[-55.652,-22.792],[-55.618,-22.768],[-55.614,-22.655],[-55.631,-22.621],[-55.724,-22.552],[-55.753,-22.475],[-55.734,-22.442],[-55.747,-22.384],[-55.791,-22.388],[-55.853,-22.28],[-55.929,-22.279],[-55.95,-22.293],[-55.984,-22.279],[-56.01,-22.295],[-56.118,-22.27],[-56.166,-22.288],[-56.193,-22.271],[-56.209,-22.278],[-56.237,-22.237],[-56.317,-22.218],[-56.365,-22.17],[-56.394,-22.074],[-56.507,-22.095],[-56.525,-22.121],[-56.519,-22.141],[-56.557,-22.169],[-56.556,-22.196],[-56.642,-22.244],[-56.637,-22.263],[-56.679,-22.246],[-56.682,-22.222],[-56.703,-22.217],[-56.694,-22.229],[-56.72,-22.265],[-56.747,-22.236],[-56.777,-22.26],[-56.794,-22.243],[-56.803,-22.284],[-56.842,-22.302],[-56.88,-22.278],[-56.883,-22.247],[-56.906,-22.267],[-56.927,-22.25],[-56.947,-22.256],[-56.959,-22.238],[-56.987,-22.243],[-56.997,-22.223],[-57.044,-22.243],[-57.059,-22.229],[-57.083,-22.251],[-57.112,-22.242],[-57.11,-22.226],[-57.184,-22.236],[-57.201,-22.211],[-57.238,-22.251],[-57.293,-22.219],[-57.32,-22.246],[-57.335,-22.229],[-57.375,-22.232],[-57.378,-22.213],[-57.408,-22.198],[-57.489,-22.191],[-57.523,-22.168],[-57.544,-22.182],[-57.581,-22.175],[-57.584,-22.141],[-57.613,-22.124],[-57.613,-22.095],[-57.652,-22.107],[-57.707,-22.091],[-57.717,-22.114],[-57.738,-22.103],[-57.739,-22.135],[-57.779,-22.125],[-57.803,-22.151],[-57.829,-22.12],[-57.866,-22.136],[-57.93,-22.12],[-57.922,-22.108],[-57.942,-22.083],[-57.992,-22.09],[-57.984,-22.064],[-58.01,-22.045],[-57.965,-22.001],[-57.937,-21.928],[-57.948,-21.9],[-57.914,-21.885],[-57.972,-21.846],[-57.931,-21.825],[-57.908,-21.774],[-57.946,-21.74],[-57.884,-21.686],[-57.933,-21.652],[-57.942,-21.621],[-57.914,-21.59],[-57.962,-21.562],[-57.968,-21.528],[-57.927,-21.469],[-57.908,-21.403],[-57.854,-21.332],[-57.855,-21.317],[-57.895,-21.307],[-57.922,-21.28],[-57.853,-21.227],[-57.865,-21.136],[-57.846,-21.097],[-57.868,-21.042],[-57.818,-20.981],[-57.819,-20.945],[-57.829,-20.934],[-57.864,-20.949],[-57.887,-20.909],[-57.928,-20.9],[-57.855,-20.836],[-57.893,-20.791],[-57.962,-20.793],[-57.934,-20.746],[-57.868,-20.749],[-57.87,-20.725],[-57.923,-20.665],[-57.958,-20.705],[-57.988,-20.7],[-57.97,-20.644],[-58.013,-20.613],[-57.997,-20.572],[-58.02,-20.51],[-57.998,-20.437],[-58.022,-20.402],[-58.084,-20.372],[-58.103,-20.321],[-58.097,-20.254],[-58.12,-20.25],[-58.145,-20.272],[-58.159,-20.264],[-58.164,-20.227],[-58.122,-20.194],[-58.169,-20.172],[-58.115,-20.144],[-58.089,-20.108],[-58.049,-20.105],[-58.033,-20.065],[-57.983,-20.057],[-57.958,-20.021],[-57.902,-20.042],[-57.858,-19.971],[-58.132,-19.758],[-57.784,-19.034],[-57.71,-19.033],[-57.693,-19.011],[-57.719,-18.977],[-57.72,-18.899],[-57.767,-18.899],[-57.558,-18.24],[-57.454,-18.231],[-57.575,-18.132],[-57.6,-18.046],[-57.721,-17.828],[-57.683,-17.828],[-57.683,-17.808],[-57.72,-17.772],[-57.71,-17.73],[-57.782,-17.643],[-57.774,-17.598],[-57.795,-17.558],[-57.752,-17.564],[-57.731,-17.53],[-57.712,-17.543],[-57.697,-17.621],[-57.669,-17.672],[-57.685,-17.716],[-57.664,-17.73],[-57.64,-17.717],[-57.601,-17.775],[-57.613,-17.779],[-57.606,-17.802],[-57.576,-17.801],[-57.519,-17.862],[-57.478,-17.859],[-57.452,-17.903],[-57.447,-17.875],[-57.376,-17.826],[-57.353,-17.838],[-57.308,-17.811],[-57.283,-17.823],[-57.233,-17.812],[-57.252,-17.793],[-57.147,-17.768],[-57.116,-17.781],[-57.074,-17.735],[-57.045,-17.73],[-57.033,-17.695],[-56.959,-17.613],[-56.981,-17.611],[-56.982,-17.58],[-56.91,-17.533],[-56.876,-17.533],[-56.862,-17.484],[-56.825,-17.459],[-56.841,-17.442],[-56.82,-17.432],[-56.842,-17.418],[-56.83,-17.391],[-56.788,-17.39],[-56.787,-17.371],[-56.763,-17.361],[-56.769,-17.341],[-56.734,-17.31],[-56.696,-17.327],[-56.683,-17.317],[-56.664,-17.339],[-56.657,-17.321],[-56.645,-17.339],[-56.647,-17.317],[-56.63,-17.334],[-56.625,-17.322],[-56.596,-17.333],[-56.571,-17.315],[-56.527,-17.321],[-56.502,-17.286],[-56.452,-17.31],[-56.442,-17.331],[-56.357,-17.267],[-56.336,-17.29],[-56.314,-17.269],[-56.298,-17.277],[-56.285,-17.247],[-56.257,-17.244],[-56.251,-17.219],[-56.209,-17.227],[-56.213,-17.211],[-56.189,-17.21],[-56.185,-17.189],[-56.14,-17.191],[-56.114,-17.167],[-56.104,-17.174]]]}},{"type":"Feature","properties":{"codigo_area_atuacao":"C.059.PB.2001","sigla":"EPB","num_municipios":218,"populacao_estimada_2018":3467075,"area_km2":54492.54436871,"tipo_outorga":"CONCESSIONÁRIA","uf":"PB","regiao":"NORDESTE","num_unidades_consumidoras":1478641,"cnpj":"09.095.183/0001-40","razao_social":"ENERGISA PARAÍBA - DISTRIBUIDORA DE ENERGIA S.A","ato_legal":"ECT 019/2001 de 21/03/2001","inicio_vigencia_epoch_ms":978318000000,"cnpj_digits":"09095183000140","subsystem_id":"NE","subsystem_mapping_method":"GEOGRAPHIC_REGION_PROXY_MVP"},"geometry":{"type":"MultiPolygon","coordinates":[[[[-37.223,-6.042],[-37.174,-6.048],[-37.175,-6.142],[-37.157,-6.152],[-37.202,-6.206],[-37.252,-6.226],[-37.275,-6.281],[-37.317,-6.279],[-37.33,-6.306],[-37.367,-6.326],[-37.397,-6.405],[-37.381,-6.437],[-37.397,-6.514],[-37.482,-6.548],[-37.466,-6.66],[-37.485,-6.71],[-37.284,-6.694],[-37.29,-6.713],[-37.264,-6.732],[-37.274,-6.767],[-37.255,-6.811],[-37.223,-6.825],[-37.191,-6.825],[-37.129,-6.766],[-37.059,-6.749],[-37.0,-6.708],[-36.978,-6.722],[-36.957,-6.79],[-36.835,-6.731],[-36.773,-6.787],[-36.769,-6.839],[-36.731,-6.835],[-36.767,-6.936],[-36.719,-6.983],[-36.687,-6.926],[-36.61,-6.937],[-36.568,-6.875],[-36.57,-6.848],[-36.507,-6.813],[-36.503,-6.758],[-36.559,-6.709],[-36.525,-6.6],[-36.508,-6.595],[-36.461,-6.634],[-36.436,-6.626],[-36.444,-6.558],[-36.526,-6.501],[-36.531,-6.452],[-36.5,-6.358],[-36.43,-6.362],[-36.395,-6.294],[-36.358,-6.31],[-36.304,-6.283],[-36.28,-6.309],[-36.277,-6.34],[-36.296,-6.393],[-36.251,-6.404],[-36.25,-6.437],[-36.11,-6.429],[-36.078,-6.405],[-36.013,-6.455],[-36.005,-6.481],[-35.978,-6.489],[-35.763,-6.482],[-35.66,-6.445],[-35.6,-6.461],[-35.562,-6.493],[-35.525,-6.476],[-35.401,-6.492],[-35.331,-6.544],[-35.275,-6.544],[-35.223,-6.516],[-35.203,-6.548],[-35.17,-6.558],[-35.145,-6.553],[-35.098,-6.498],[-35.058,-6.528],[-34.971,-6.485],[-34.961,-6.642],[-34.93,-6.689],[-34.928,-6.74],[-34.94,-6.754],[-34.919,-6.771],[-34.897,-6.869],[-34.854,-6.901],[-34.866,-6.933],[-34.855,-6.969],[-34.874,-6.986],[-34.865,-7.03],[-34.835,-7.005],[-34.843,-6.962],[-34.829,-6.969],[-34.842,-7.057],[-34.819,-7.136],[-34.793,-7.155],[-34.804,-7.471],[-34.826,-7.55],[-34.914,-7.544],[-34.933,-7.529],[-34.961,-7.539],[-34.984,-7.508],[-34.985,-7.462],[-35.071,-7.399],[-35.191,-7.398],[-35.217,-7.381],[-35.264,-7.38],[-35.307,-7.408],[-35.335,-7.407],[-35.351,-7.44],[-35.415,-7.472],[-35.45,-7.453],[-35.494,-7.482],[-35.537,-7.581],[-35.515,-7.585],[-35.532,-7.622],[-35.515,-7.643],[-35.533,-7.655],[-35.61,-7.654],[-35.652,-7.696],[-35.684,-7.708],[-35.7,-7.692],[-35.781,-7.738],[-35.872,-7.75],[-35.904,-7.792],[-35.97,-7.789],[-35.998,-7.814],[-36.042,-7.794],[-36.054,-7.801],[-36.081,-7.779],[-36.201,-7.79],[-36.217,-7.764],[-36.252,-7.792],[-36.24,-7.818],[-36.261,-7.832],[-36.309,-7.807],[-36.424,-7.816],[-36.444,-7.915],[-36.48,-7.925],[-36.564,-7.901],[-36.578,-7.915],[-36.573,-7.957],[-36.612,-7.948],[-36.628,-7.986],[-36.628,-8.056],[-36.659,-8.08],[-36.629,-8.111],[-36.694,-8.141],[-36.687,-8.156],[-36.723,-8.151],[-36.716,-8.167],[-36.75,-8.176],[-36.762,-8.196],[-36.797,-8.191],[-36.896,-8.241],[-36.945,-8.275],[-36.955,-8.299],[-36.991,-8.303],[-37.043,-8.265],[-37.081,-8.266],[-37.067,-8.23],[-37.1,-8.234],[-37.123,-8.209],[-37.118,-8.175],[-37.164,-8.166],[-37.143,-8.118],[-37.158,-8.051],[-37.15,-8.015],[-37.193,-7.983],[-37.193,-7.961],[-37.208,-7.952],[-37.22,-7.973],[-37.357,-7.975],[-37.35,-7.947],[-37.309,-7.934],[-37.308,-7.915],[-37.322,-7.911],[-37.245,-7.875],[-37.247,-7.847],[-37.222,-7.842],[-37.244,-7.819],[-37.192,-7.791],[-37.171,-7.8],[-37.152,-7.78],[-37.14,-7.742],[-37.198,-7.635],[-37.164,-7.575],[-37.087,-7.518],[-36.984,-7.482],[-37.021,-7.44],[-37.013,-7.404],[-37.026,-7.386],[-37.067,-7.383],[-37.086,-7.358],[-37.165,-7.337],[-37.177,-7.31],[-37.234,-7.274],[-37.331,-7.288],[-37.357,-7.321],[-37.35,-7.337],[-37.386,-7.357],[-37.496,-7.365],[-37.487,-7.395],[-37.533,-7.473],[-37.61,-7.508],[-37.63,-7.533],[-37.66,-7.523],[-37.682,-7.548],[-37.707,-7.551],[-37.708,-7.572],[-37.756,-7.62],[-37.74,-7.636],[-37.751,-7.663],[-37.761,-7.667],[-37.786,-7.626],[-37.857,-7.652],[-37.903,-7.695],[-37.894,-7.714],[-37.924,-7.715],[-37.971,-7.778],[-38.004,-7.779],[-38.04,-7.748],[-38.069,-7.772],[-38.065,-7.82],[-38.077,-7.831],[-38.116,-7.823],[-38.139,-7.786],[-38.164,-7.78],[-38.239,-7.831],[-38.286,-7.831],[-38.3,-7.763],[-38.317,-7.765],[-38.302,-7.745],[-38.312,-7.716],[-38.357,-7.677],[-38.41,-7.73],[-38.455,-7.718],[-38.501,-7.751],[-38.594,-7.754],[-38.626,-7.695],[-38.718,-7.609],[-38.704,-7.581],[-38.655,-7.566],[-38.655,-7.522],[-38.631,-7.484],[-38.646,-7.463],[-38.603,-7.458],[-38.606,-7.445],[-38.585,-7.435],[-38.595,-7.411],[-38.535,-7.29],[-38.555,-7.24],[-38.588,-7.249],[-38.615,-7.23],[-38.625,-7.191],[-38.688,-7.19],[-38.656,-7.092],[-38.677,-7.067],[-38.67,-7.048],[-38.765,-6.994],[-38.742,-6.974],[-38.766,-6.949],[-38.764,-6.909],[-38.675,-6.862],[-38.668,-6.828],[-38.614,-6.783],[-38.653,-6.76],[-38.673,-6.697],[-38.646,-6.662],[-38.657,-6.637],[-38.629,-6.605],[-38.643,-6.581],[-38.607,-6.53],[-38.612,-6.513],[-38.554,-6.433],[-38.518,-6.409],[-38.529,-6.393],[-38.572,-6.404],[-38.601,-6.388],[-38.545,-6.345],[-38.505,-6.357],[-38.458,-6.33],[-38.49,-6.363],[-38.485,-6.399],[-38.452,-6.392],[-38.426,-6.414],[-38.399,-6.41],[-38.374,-6.456],[-38.331,-6.459],[-38.289,-6.506],[-38.239,-6.48],[-38.187,-6.499],[-38.148,-6.491],[-38.136,-6.518],[-38.117,-6.523],[-38.05,-6.441],[-38.041,-6.473],[-38.013,-6.469],[-38.014,-6.427],[-37.979,-6.427],[-37.955,-6.398],[-37.945,-6.423],[-37.926,-6.421],[-37.886,-6.397],[-37.888,-6.364],[-37.86,-6.375],[-37.842,-6.363],[-37.843,-6.33],[-37.815,-6.315],[-37.824,-6.306],[-37.812,-6.293],[-37.758,-6.291],[-37.771,-6.273],[-37.761,-6.254],[-37.777,-6.246],[-37.762,-6.236],[-37.776,-6.231],[-37.742,-6.189],[-37.708,-6.177],[-37.647,-6.189],[-37.57,-6.155],[-37.54,-6.166],[-37.536,-6.153],[-37.459,-6.145],[-37.446,-6.112],[-37.394,-6.109],[-37.382,-6.086],[-37.354,-6.086],[-37.301,-6.05],[-37.272,-6.056],[-37.254,-6.027],[-37.223,-6.042]],[[-35.896,-7.093],[-35.93,-7.108],[-35.934,-7.136],[-35.906,-7.181],[-35.942,-7.175],[-35.938,-7.194],[-35.964,-7.195],[-35.987,-7.161],[-36.034,-7.174],[-36.108,-7.152],[-36.171,-7.202],[-36.326,-7.189],[-36.346,-7.368],[-36.242,-7.355],[-36.226,-7.37],[-36.15,-7.345],[-36.039,-7.368],[-35.999,-7.388],[-36.01,-7.401],[-35.999,-7.413],[-36.017,-7.421],[-36.007,-7.436],[-36.021,-7.444],[-35.921,-7.514],[-35.854,-7.506],[-35.825,-7.46],[-35.757,-7.476],[-35.703,-7.338],[-35.745,-7.342],[-35.704,-7.26],[-35.695,-7.204],[-35.712,-7.169],[-35.681,-7.149],[-35.708,-7.104],[-35.784,-7.151],[-35.785,-7.135],[-35.813,-7.126],[-35.82,-7.138],[-35.896,-7.093]],[[-34.798,-7.363],[-34.798,-7.363],[-34.798,-7.363],[-34.798,-7.363]],[[-34.799,-7.363],[-34.799,-7.362],[-34.799,-7.362],[-34.799,-7.363]],[[-34.799,-7.361],[-34.799,-7.361],[-34.799,-7.361],[-34.799,-7.361]],[[-34.796,-7.35],[-34.796,-7.35],[-34.795,-7.349],[-34.796,-7.35]],[[-34.797,-7.349],[-34.798,-7.349],[-34.797,-7.349],[-34.797,-7.349]]],[[[-34.862,-6.982],[-34.847,-6.984],[-34.859,-7.015],[-34.862,-6.982]]]]}},{"type":"Feature","properties":{"codigo_area_atuacao":"C.001.ES.1995","sigla":"EDP ES","num_municipios":73,"populacao_estimada_2018":3715575,"area_km2":40923.2012341,"tipo_outorga":"CONCESSIONÁRIA","uf":"ES","regiao":"SUDESTE","num_unidades_consumidoras":1634590,"cnpj":"28.152.650/0001-71","razao_social":"ESPÍRITO SANTO DISTRIBUIÇÃO DE ENERGIA S.A.","ato_legal":"ECT 01/1995 de 17/07/1995","inicio_vigencia_epoch_ms":788929200000,"cnpj_digits":"28152650000171","subsystem_id":"SE/CO","subsystem_mapping_method":"GEOGRAPHIC_REGION_PROXY_MVP"},"geometry":{"type":"MultiPolygon","coordinates":[[[[-40.503,-17.911],[-40.464,-17.928],[-40.346,-17.924],[-40.222,-17.98],[-39.667,-18.332],[-39.724,-18.495],[-39.746,-18.706],[-39.743,-18.936],[-39.689,-19.289],[-39.704,-19.395],[-39.811,-19.65],[-39.904,-19.683],[-39.989,-19.744],[-40.054,-19.813],[-40.053,-19.85],[-40.083,-19.876],[-40.099,-19.919],[-40.153,-19.95],[-40.132,-19.967],[-40.159,-20.036],[-40.192,-20.054],[-40.172,-20.107],[-40.192,-20.2],[-40.231,-20.267],[-40.23,-20.295],[-40.241,-20.301],[-40.231,-20.291],[-40.248,-20.294],[-40.258,-20.266],[-40.289,-20.284],[-40.291,-20.302],[-40.276,-20.3],[-40.29,-20.308],[-40.268,-20.329],[-40.313,-20.389],[-40.359,-20.519],[-40.394,-20.56],[-40.423,-20.636],[-40.464,-20.624],[-40.466,-20.657],[-40.497,-20.663],[-40.52,-20.73],[-40.557,-20.746],[-40.576,-20.774],[-40.569,-20.788],[-40.608,-20.806],[-40.628,-20.841],[-40.629,-20.819],[-40.653,-20.806],[-40.755,-20.86],[-40.803,-20.942],[-40.811,-20.986],[-40.799,-21.003],[-40.858,-21.128],[-40.915,-21.173],[-40.953,-21.235],[-40.958,-21.302],[-40.979,-21.28],[-40.996,-21.286],[-41.005,-21.251],[-41.041,-21.255],[-41.092,-21.218],[-41.191,-21.249],[-41.241,-21.22],[-41.261,-21.237],[-41.297,-21.235],[-41.316,-21.214],[-41.377,-21.196],[-41.446,-21.215],[-41.487,-21.18],[-41.512,-21.176],[-41.517,-21.188],[-41.556,-21.172],[-41.565,-21.184],[-41.587,-21.15],[-41.613,-21.157],[-41.694,-21.115],[-41.717,-21.125],[-41.707,-21.107],[-41.736,-21.103],[-41.71,-20.991],[-41.737,-20.928],[-41.722,-20.923],[-41.712,-20.869],[-41.741,-20.873],[-41.746,-20.813],[-41.782,-20.798],[-41.814,-20.805],[-41.806,-20.798],[-41.828,-20.797],[-41.852,-20.764],[-41.88,-20.76],[-41.873,-20.743],[-41.857,-20.748],[-41.863,-20.711],[-41.807,-20.644],[-41.817,-20.625],[-41.857,-20.616],[-41.828,-20.557],[-41.804,-20.543],[-41.826,-20.485],[-41.799,-20.477],[-41.798,-20.435],[-41.86,-20.373],[-41.847,-20.328],[-41.776,-20.286],[-41.758,-20.208],[-41.411,-20.207],[-41.382,-20.189],[-41.309,-20.016],[-41.32,-19.98],[-41.303,-19.938],[-41.244,-19.937],[-41.228,-19.905],[-41.185,-19.89],[-41.176,-19.839],[-41.186,-19.828],[-41.164,-19.806],[-41.191,-19.746],[-41.168,-19.672],[-41.109,-19.639],[-41.091,-19.596],[-41.037,-19.57],[-41.047,-19.487],[-40.988,-19.508],[-40.949,-19.472],[-40.968,-19.426],[-40.928,-19.382],[-40.938,-19.346],[-40.908,-19.309],[-40.944,-19.281],[-40.916,-19.259],[-40.939,-19.249],[-40.935,-19.223],[-40.874,-19.237],[-40.892,-19.244],[-40.875,-19.265],[-40.895,-19.287],[-40.861,-19.306],[-40.881,-19.332],[-40.854,-19.323],[-40.82,-19.357],[-40.861,-19.399],[-40.883,-19.452],[-40.878,-19.475],[-40.834,-19.49],[-40.857,-19.511],[-40.819,-19.529],[-40.829,-19.567],[-40.857,-19.587],[-40.854,-19.617],[-40.783,-19.581],[-40.78,-19.634],[-40.756,-19.652],[-40.782,-19.76],[-40.761,-19.828],[-40.708,-19.816],[-40.693,-19.773],[-40.631,-19.773],[-40.555,-19.734],[-40.519,-19.745],[-40.517,-19.678],[-40.486,-19.64],[-40.419,-19.641],[-40.37,-19.618],[-40.389,-19.574],[-40.368,-19.55],[-40.376,-19.531],[-40.431,-19.493],[-40.445,-19.45],[-40.434,-19.435],[-40.48,-19.365],[-40.493,-19.371],[-40.53,-19.342],[-40.489,-19.288],[-40.437,-19.288],[-40.396,-19.158],[-40.411,-19.14],[-40.365,-19.096],[-40.366,-19.067],[-40.349,-19.084],[-40.288,-19.075],[-40.206,-18.907],[-40.212,-18.879],[-40.251,-18.864],[-40.264,-18.837],[-40.474,-18.853],[-40.567,-18.888],[-40.615,-18.955],[-40.634,-18.937],[-40.664,-18.949],[-40.678,-18.933],[-40.738,-18.937],[-40.738,-18.879],[-40.711,-18.867],[-40.721,-18.85],[-40.753,-18.843],[-40.788,-18.859],[-40.815,-18.842],[-40.834,-18.861],[-40.862,-18.862],[-40.861,-18.896],[-40.898,-18.901],[-40.906,-18.94],[-41.079,-18.948],[-41.118,-18.922],[-41.127,-18.895],[-41.153,-18.887],[-41.163,-18.86],[-41.208,-18.855],[-41.215,-18.878],[-41.244,-18.853],[-41.233,-18.797],[-41.134,-18.796],[-41.097,-18.842],[-40.964,-18.841],[-40.916,-18.813],[-40.94,-18.77],[-40.941,-18.689],[-40.988,-18.678],[-41.053,-18.631],[-41.032,-18.618],[-41.042,-18.605],[-41.021,-18.459],[-41.182,-18.439],[-41.144,-18.406],[-41.163,-18.391],[-41.146,-18.374],[-41.159,-18.308],[-41.096,-18.256],[-41.104,-18.213],[-41.093,-18.195],[-41.028,-18.158],[-40.989,-18.171],[-40.98,-18.141],[-40.955,-18.154],[-40.95,-18.129],[-40.932,-18.136],[-40.893,-18.108],[-40.845,-18.15],[-40.771,-18.156],[-40.773,-18.108],[-40.903,-17.988],[-40.883,-17.971],[-40.863,-17.988],[-40.837,-17.957],[-40.808,-17.952],[-40.795,-17.982],[-40.771,-17.981],[-40.772,-18.003],[-40.726,-18.001],[-40.704,-18.024],[-40.626,-17.991],[-40.615,-17.942],[-40.586,-17.938],[-40.585,-17.918],[-40.527,-17.892],[-40.503,-17.911]]],[[[-40.884,-21.162],[-40.884,-21.164],[-40.885,-21.163],[-40.884,-21.162]]],[[[-40.801,-21.007],[-40.802,-21.007],[-40.8,-21.006],[-40.801,-21.007]],[[-40.788,-21.004],[-40.788,-21.003],[-40.788,-21.003],[-40.788,-21.004]]],[[[-40.785,-21.001],[-40.786,-21.002],[-40.787,-21.002],[-40.785,-21.001]]],[[[-40.752,-20.927],[-40.757,-20.928],[-40.753,-20.924],[-40.752,-20.927]],[[-40.751,-20.874],[-40.752,-20.875],[-40.749,-20.873],[-40.751,-20.874]]],[[[-40.726,-20.855],[-40.729,-20.856],[-40.728,-20.855],[-40.726,-20.855]]],[[[-40.725,-20.848],[-40.726,-20.85],[-40.728,-20.851],[-40.725,-20.848]],[[-40.685,-20.827],[-40.685,-20.828],[-40.685,-20.827],[-40.685,-20.827]]],[[[-40.598,-20.807],[-40.599,-20.808],[-40.601,-20.807],[-40.598,-20.807]]],[[[-40.549,-20.762],[-40.55,-20.762],[-40.55,-20.761],[-40.549,-20.762]],[[-40.547,-20.759],[-40.546,-20.76],[-40.547,-20.759],[-40.547,-20.759]],[[-40.548,-20.758],[-40.548,-20.758],[-40.547,-20.758],[-40.548,-20.758]]],[[[-40.542,-20.743],[-40.543,-20.743],[-40.541,-20.742],[-40.542,-20.743]],[[-40.528,-20.737],[-40.529,-20.737],[-40.528,-20.737],[-40.528,-20.737]],[[-40.526,-20.732],[-40.527,-20.732],[-40.526,-20.732],[-40.526,-20.732]]],[[[-40.524,-20.73],[-40.523,-20.731],[-40.524,-20.731],[-40.524,-20.73]],[[-40.524,-20.73],[-40.524,-20.73],[-40.524,-20.729],[-40.524,-20.73]],[[-40.509,-20.715],[-40.509,-20.715],[-40.51,-20.713],[-40.509,-20.715]]],[[[-40.509,-20.712],[-40.509,-20.713],[-40.51,-20.713],[-40.509,-20.712]]],[[[-40.508,-20.712],[-40.509,-20.711],[-40.508,-20.711],[-40.508,-20.712]],[[-40.512,-20.704],[-40.512,-20.704],[-40.512,-20.704],[-40.512,-20.704]]],[[[-40.407,-20.701],[-40.407,-20.7],[-40.406,-20.699],[-40.407,-20.701]]],[[[-40.501,-20.683],[-40.502,-20.684],[-40.502,-20.683],[-40.501,-20.683]]],[[[-40.364,-20.678],[-40.366,-20.679],[-40.365,-20.677],[-40.364,-20.678]],[[-40.368,-20.676],[-40.368,-20.677],[-40.368,-20.676],[-40.368,-20.676]],[[-40.494,-20.662],[-40.494,-20.662],[-40.494,-20.662],[-40.494,-20.662]],[[-40.472,-20.661],[-40.473,-20.661],[-40.472,-20.661],[-40.472,-20.661]]],[[[-40.468,-20.661],[-40.469,-20.663],[-40.472,-20.663],[-40.468,-20.661]]],[[[-40.463,-20.645],[-40.464,-20.645],[-40.463,-20.644],[-40.463,-20.645]],[[-40.464,-20.644],[-40.464,-20.644],[-40.464,-20.644],[-40.464,-20.644]],[[-40.461,-20.644],[-40.461,-20.644],[-40.462,-20.644],[-40.461,-20.644]]],[[[-40.429,-20.639],[-40.43,-20.641],[-40.43,-20.639],[-40.429,-20.639]]],[[[-40.446,-20.638],[-40.446,-20.639],[-40.447,-20.638],[-40.446,-20.638]],[[-40.444,-20.638],[-40.444,-20.638],[-40.443,-20.638],[-40.444,-20.638]]],[[[-40.439,-20.637],[-40.441,-20.638],[-40.441,-20.637],[-40.439,-20.637]],[[-40.437,-20.636],[-40.437,-20.635],[-40.437,-20.635],[-40.437,-20.636]],[[-40.464,-20.627],[-40.465,-20.627],[-40.465,-20.627],[-40.464,-20.627]],[[-40.396,-20.622],[-40.397,-20.622],[-40.396,-20.622],[-40.396,-20.622]]],[[[-40.377,-20.614],[-40.378,-20.613],[-40.376,-20.613],[-40.377,-20.614]]],[[[-40.382,-20.611],[-40.379,-20.614],[-40.384,-20.615],[-40.382,-20.611]]],[[[-40.388,-20.61],[-40.388,-20.611],[-40.389,-20.611],[-40.388,-20.61]]],[[[-40.375,-20.608],[-40.373,-20.613],[-40.376,-20.61],[-40.375,-20.608]]],[[[-40.392,-20.599],[-40.393,-20.597],[-40.391,-20.597],[-40.392,-20.599]]],[[[-40.357,-20.524],[-40.357,-20.525],[-40.359,-20.525],[-40.357,-20.524]]],[[[-28.85,-20.496],[-28.848,-20.498],[-28.851,-20.497],[-28.85,-20.496]]],[[[-29.337,-20.488],[-29.3,-20.527],[-29.332,-20.526],[-29.345,-20.507],[-29.337,-20.488]]],[[[-28.855,-20.473],[-28.856,-20.472],[-28.855,-20.472],[-28.855,-20.473]]],[[[-28.849,-20.474],[-28.852,-20.479],[-28.854,-20.473],[-28.849,-20.474]]],[[[-28.854,-20.47],[-28.857,-20.469],[-28.855,-20.468],[-28.854,-20.47]]],[[[-40.311,-20.421],[-40.31,-20.421],[-40.312,-20.422],[-40.311,-20.421]],[[-40.3,-20.382],[-40.301,-20.382],[-40.3,-20.382],[-40.3,-20.382]]],[[[-40.295,-20.38],[-40.295,-20.381],[-40.298,-20.382],[-40.295,-20.38]],[[-40.286,-20.372],[-40.286,-20.372],[-40.287,-20.372],[-40.286,-20.372]]],[[[-40.279,-20.365],[-40.28,-20.365],[-40.279,-20.364],[-40.279,-20.365]]],[[[-40.278,-20.365],[-40.279,-20.365],[-40.279,-20.364],[-40.278,-20.365]],[[-40.278,-20.365],[-40.277,-20.364],[-40.276,-20.363],[-40.278,-20.365]]],[[[-40.279,-20.362],[-40.279,-20.363],[-40.281,-20.363],[-40.279,-20.362]],[[-40.276,-20.362],[-40.276,-20.362],[-40.277,-20.363],[-40.276,-20.362]],[[-40.281,-20.361],[-40.281,-20.361],[-40.282,-20.361],[-40.281,-20.361]]],[[[-40.279,-20.36],[-40.28,-20.361],[-40.28,-20.36],[-40.279,-20.36]]],[[[-40.28,-20.355],[-40.281,-20.355],[-40.281,-20.354],[-40.28,-20.355]]],[[[-40.275,-20.353],[-40.275,-20.354],[-40.276,-20.353],[-40.275,-20.353]],[[-40.253,-20.353],[-40.253,-20.353],[-40.253,-20.353],[-40.253,-20.353]],[[-40.25,-20.353],[-40.25,-20.352],[-40.25,-20.352],[-40.25,-20.353]]],[[[-40.25,-20.352],[-40.251,-20.352],[-40.251,-20.351],[-40.25,-20.352]],[[-40.276,-20.351],[-40.276,-20.351],[-40.276,-20.351],[-40.276,-20.351]],[[-40.272,-20.336],[-40.272,-20.336],[-40.272,-20.335],[-40.272,-20.336]]],[[[-40.271,-20.336],[-40.272,-20.334],[-40.271,-20.335],[-40.271,-20.336]],[[-40.275,-20.334],[-40.275,-20.334],[-40.275,-20.333],[-40.275,-20.334]]],[[[-40.27,-20.332],[-40.271,-20.334],[-40.271,-20.332],[-40.27,-20.332]]],[[[-40.268,-20.332],[-40.269,-20.332],[-40.269,-20.331],[-40.268,-20.332]],[[-40.266,-20.324],[-40.266,-20.324],[-40.266,-20.324],[-40.266,-20.324]]],[[[-40.269,-20.32],[-40.268,-20.321],[-40.268,-20.322],[-40.269,-20.32]]],[[[-40.271,-20.321],[-40.27,-20.322],[-40.273,-20.321],[-40.271,-20.321]]],[[[-40.276,-20.307],[-40.276,-20.309],[-40.277,-20.308],[-40.276,-20.307]]],[[[-40.275,-20.307],[-40.274,-20.307],[-40.274,-20.309],[-40.275,-20.307]],[[-40.287,-20.305],[-40.287,-20.305],[-40.287,-20.305],[-40.287,-20.305]]],[[[-40.275,-20.298],[-40.276,-20.299],[-40.276,-20.298],[-40.275,-20.298]]],[[[-40.283,-20.294],[-40.284,-20.293],[-40.283,-20.292],[-40.283,-20.294]],[[-40.282,-20.293],[-40.282,-20.292],[-40.282,-20.292],[-40.282,-20.293]]],[[[-40.285,-20.285],[-40.286,-20.285],[-40.286,-20.284],[-40.285,-20.285]],[[-40.134,-19.968],[-40.134,-19.969],[-40.134,-19.969],[-40.134,-19.968]]]]}},{"type":"Feature","properties":{"codigo_area_atuacao":"C.014.SE.1997","sigla":"ESE","num_municipios":63,"populacao_estimada_2018":1946725,"area_km2":17493.05787172,"tipo_outorga":"CONCESSIONÁRIA","uf":"SE","regiao":"NORDESTE","num_unidades_consumidoras":815827,"cnpj":"13.017.462/0001-63","razao_social":"ENERGISA SERGIPE - DISTRIBUIDORA DE ENERGIA S.A","ato_legal":"ECT 07/1997 de 23/12/1997","inicio_vigencia_epoch_ms":852087600000,"cnpj_digits":"13017462000163","subsystem_id":"NE","subsystem_mapping_method":"GEOGRAPHIC_REGION_PROXY_MVP"},"geometry":{"type":"MultiPolygon","coordinates":[[[[-37.991,-9.526],[-37.917,-9.549],[-37.892,-9.54],[-37.833,-9.595],[-37.818,-9.593],[-37.785,-9.639],[-37.747,-9.626],[-37.706,-9.634],[-37.578,-9.736],[-37.47,-9.748],[-37.355,-9.789],[-37.285,-9.831],[-37.236,-9.896],[-37.153,-9.901],[-37.05,-9.987],[-37.0,-9.975],[-36.973,-9.988],[-36.954,-10.071],[-36.914,-10.136],[-36.851,-10.16],[-36.836,-10.204],[-36.747,-10.231],[-36.721,-10.265],[-36.685,-10.275],[-36.626,-10.256],[-36.566,-10.328],[-36.563,-10.42],[-36.545,-10.43],[-36.513,-10.421],[-36.522,-10.433],[-36.51,-10.433],[-36.457,-10.407],[-36.43,-10.425],[-36.396,-10.497],[-36.592,-10.576],[-36.839,-10.732],[-37.005,-10.917],[-37.166,-11.182],[-37.26,-11.29],[-37.329,-11.237],[-37.349,-11.194],[-37.336,-11.116],[-37.389,-11.053],[-37.438,-11.087],[-37.434,-11.12],[-37.459,-11.146],[-37.546,-11.166],[-37.531,-10.996],[-37.569,-11.025],[-37.565,-11.04],[-37.622,-11.067],[-37.724,-10.994],[-37.744,-10.989],[-37.742,-11.011],[-37.754,-11.003],[-37.773,-11.018],[-37.786,-11.006],[-37.794,-11.018],[-37.838,-10.988],[-37.835,-10.951],[-37.875,-10.92],[-37.876,-10.864],[-37.939,-10.89],[-37.973,-10.88],[-37.977,-10.822],[-38.074,-10.818],[-38.115,-10.834],[-38.124,-10.883],[-38.16,-10.903],[-38.169,-10.942],[-38.195,-10.942],[-38.227,-10.915],[-38.245,-10.823],[-38.211,-10.763],[-38.211,-10.717],[-38.179,-10.705],[-38.144,-10.719],[-38.067,-10.716],[-38.047,-10.693],[-37.985,-10.759],[-37.814,-10.691],[-37.841,-10.55],[-37.82,-10.539],[-37.813,-10.508],[-37.859,-10.426],[-37.839,-10.379],[-37.735,-10.333],[-37.766,-10.196],[-37.783,-10.181],[-37.776,-10.137],[-37.817,-10.067],[-37.829,-10.002],[-37.927,-9.966],[-37.96,-9.97],[-37.998,-9.917],[-37.967,-9.816],[-38.032,-9.771],[-38.044,-9.698],[-38.007,-9.652],[-37.99,-9.656],[-37.99,-9.642],[-38.035,-9.613],[-38.041,-9.575],[-38.019,-9.564],[-38.003,-9.515],[-37.991,-9.526]]],[[[-36.917,-10.843],[-36.919,-10.847],[-36.917,-10.842],[-36.917,-10.843]]]]}},{"type":"Feature","properties":{"codigo_area_atuacao":"C.053.RS.2000","sigla":"HIDROPAN","num_municipios":2,"populacao_estimada_2018":44366,"area_km2":956.00354131,"tipo_outorga":"CONCESSIONÁRIA","uf":"RS","regiao":"SUL","num_unidades_consumidoras":18826,"cnpj":"91.982.348/0001-87","razao_social":"HIDROPAN DISTRIBUIÇÃO DE ENERGIA S.A.","ato_legal":"ECT 086/2000 de 18/10/2000","inicio_vigencia_epoch_ms":946695600000,"cnpj_digits":"91982348000187","subsystem_id":"S","subsystem_mapping_method":"GEOGRAPHIC_REGION_PROXY_MVP"},"geometry":{"type":"Polygon","coordinates":[[[-53.547,-28.06],[-53.527,-28.066],[-53.54,-28.084],[-53.521,-28.099],[-53.512,-28.146],[-53.469,-28.082],[-53.436,-28.077],[-53.412,-28.087],[-53.418,-28.116],[-53.403,-28.136],[-53.353,-28.129],[-53.346,-28.17],[-53.316,-28.178],[-53.311,-28.196],[-53.351,-28.243],[-53.4,-28.243],[-53.373,-28.387],[-53.418,-28.412],[-53.414,-28.444],[-53.46,-28.492],[-53.495,-28.477],[-53.476,-28.415],[-53.483,-28.391],[-53.511,-28.397],[-53.516,-28.379],[-53.545,-28.37],[-53.543,-28.41],[-53.61,-28.382],[-53.61,-28.359],[-53.625,-28.362],[-53.669,-28.3],[-53.722,-28.287],[-53.693,-28.287],[-53.691,-28.268],[-53.68,-28.287],[-53.67,-28.261],[-53.66,-28.282],[-53.657,-28.264],[-53.644,-28.273],[-53.634,-28.239],[-53.646,-28.226],[-53.614,-28.203],[-53.619,-28.085],[-53.586,-28.04],[-53.547,-28.06]]]}},{"type":"Feature","properties":{"codigo_area_atuacao":"C.002.RJ.1996","sigla":"LIGHT","num_municipios":37,"populacao_estimada_2018":10981390,"area_km2":11286.72648771,"tipo_outorga":"CONCESSIONÁRIA","uf":"RJ","regiao":"SUDESTE","num_unidades_consumidoras":4490356,"cnpj":"60.444.437/0001-46","razao_social":"LIGHT SERVIÇOS DE ELETRICIDADE S A","ato_legal":"ECT 01/1996 de 04/06/1996","inicio_vigencia_epoch_ms":820465200000,"cnpj_digits":"60444437000146","subsystem_id":"SE/CO","subsystem_mapping_method":"GEOGRAPHIC_REGION_PROXY_MVP"},"geometry":{"type":"MultiPolygon","coordinates":[[[[-42.463,-21.791],[-42.44,-21.829],[-42.453,-21.852],[-42.43,-21.871],[-42.538,-21.916],[-42.559,-21.958],[-42.548,-21.999],[-42.691,-21.969],[-42.717,-22.052],[-42.743,-22.048],[-42.735,-22.095],[-42.759,-22.101],[-42.756,-22.118],[-42.794,-22.122],[-42.864,-22.165],[-42.872,-22.101],[-42.904,-22.113],[-42.969,-22.088],[-42.955,-22.139],[-43.017,-22.148],[-43.048,-22.209],[-43.059,-22.19],[-43.039,-22.163],[-43.109,-22.2],[-43.16,-22.193],[-43.177,-22.299],[-43.243,-22.304],[-43.288,-22.371],[-43.374,-22.434],[-43.368,-22.453],[-43.298,-22.451],[-43.288,-22.462],[-43.302,-22.474],[-43.222,-22.522],[-43.246,-22.527],[-43.261,-22.561],[-43.255,-22.573],[-43.225,-22.564],[-43.194,-22.623],[-43.225,-22.675],[-43.212,-22.731],[-43.279,-22.78],[-43.232,-22.869],[-43.201,-22.871],[-43.211,-22.898],[-43.179,-22.892],[-43.162,-22.905],[-43.18,-22.948],[-43.152,-22.939],[-43.15,-22.951],[-43.19,-22.991],[-43.227,-22.989],[-43.286,-23.016],[-43.446,-23.023],[-43.534,-23.05],[-43.565,-23.076],[-43.562,-23.053],[-43.623,-23.008],[-43.674,-22.98],[-43.689,-22.992],[-43.797,-22.917],[-43.849,-22.932],[-43.837,-22.904],[-43.881,-22.916],[-43.892,-22.882],[-43.922,-22.894],[-43.965,-22.886],[-43.99,-22.842],[-44.042,-22.883],[-44.088,-22.884],[-44.118,-22.861],[-44.175,-22.928],[-44.215,-22.932],[-44.241,-22.915],[-44.232,-22.871],[-44.252,-22.854],[-44.318,-22.845],[-44.268,-22.829],[-44.24,-22.793],[-44.257,-22.787],[-44.257,-22.766],[-44.227,-22.734],[-44.199,-22.735],[-44.204,-22.717],[-44.176,-22.706],[-44.161,-22.678],[-44.207,-22.612],[-44.253,-22.612],[-44.269,-22.599],[-44.286,-22.61],[-44.345,-22.58],[-44.321,-22.55],[-44.319,-22.507],[-44.339,-22.473],[-44.318,-22.469],[-44.274,-22.407],[-44.329,-22.397],[-44.341,-22.36],[-44.328,-22.332],[-44.258,-22.304],[-44.237,-22.318],[-44.26,-22.301],[-44.26,-22.268],[-44.121,-22.209],[-44.123,-22.188],[-44.1,-22.173],[-44.087,-22.185],[-44.069,-22.163],[-44.027,-22.151],[-44.004,-22.163],[-43.766,-22.062],[-43.735,-22.097],[-43.691,-22.071],[-43.672,-22.09],[-43.646,-22.065],[-43.613,-22.082],[-43.586,-22.052],[-43.565,-22.089],[-43.512,-22.059],[-43.504,-22.075],[-43.462,-22.072],[-43.348,-22.002],[-43.302,-22.021],[-43.245,-22.007],[-43.222,-22.034],[-43.201,-22.026],[-43.203,-22.037],[-43.17,-22.022],[-43.129,-22.029],[-43.155,-22.078],[-43.136,-22.11],[-43.117,-22.085],[-43.063,-22.088],[-43.033,-22.066],[-43.039,-22.045],[-42.99,-22.034],[-42.9,-21.985],[-42.881,-21.959],[-42.463,-21.791]],[[-43.406,-22.695],[-43.406,-22.695],[-43.406,-22.695],[-43.406,-22.695]],[[-43.39,-22.665],[-43.39,-22.665],[-43.39,-22.665],[-43.39,-22.665]],[[-43.392,-22.773],[-43.392,-22.773],[-43.392,-22.773],[-43.392,-22.773]],[[-43.33,-22.764],[-43.33,-22.764],[-43.33,-22.764],[-43.33,-22.764]]],[[[-43.172,-22.776],[-43.156,-22.784],[-43.178,-22.802],[-43.17,-22.831],[-43.21,-22.816],[-43.242,-22.834],[-43.266,-22.813],[-43.231,-22.784],[-43.191,-22.796],[-43.172,-22.776]]],[[[-43.61,-23.032],[-43.567,-23.063],[-43.63,-23.05],[-43.859,-23.073],[-43.865,-23.045],[-43.754,-23.06],[-43.61,-23.032]]],[[[-43.231,-22.836],[-43.228,-22.855],[-43.208,-22.858],[-43.216,-22.871],[-43.236,-22.861],[-43.243,-22.838],[-43.231,-22.836]]],[[[-43.873,-22.924],[-43.88,-22.951],[-43.882,-22.925],[-43.873,-22.924]]],[[[-43.602,-23.029],[-43.578,-23.046],[-43.602,-23.039],[-43.602,-23.029]]],[[[-43.106,-22.749],[-43.102,-22.765],[-43.111,-22.77],[-43.106,-22.749]]],[[[-43.195,-23.067],[-43.193,-23.074],[-43.199,-23.071],[-43.195,-23.067]]],[[[-43.86,-22.945],[-43.856,-22.95],[-43.863,-22.956],[-43.86,-22.945]]],[[[-43.175,-22.895],[-43.167,-22.896],[-43.171,-22.899],[-43.175,-22.895]]],[[[-43.16,-22.77],[-43.152,-22.774],[-43.16,-22.775],[-43.16,-22.77]]],[[[-43.149,-23.06],[-43.142,-23.066],[-43.148,-23.065],[-43.149,-23.06]]],[[[-43.509,-23.066],[-43.514,-23.065],[-43.513,-23.063],[-43.509,-23.066]]],[[[-43.579,-23.041],[-43.579,-23.044],[-43.588,-23.036],[-43.579,-23.041]]],[[[-43.2,-23.038],[-43.208,-23.04],[-43.197,-23.035],[-43.2,-23.038]]],[[[-43.118,-22.754],[-43.115,-22.756],[-43.12,-22.758],[-43.118,-22.754]]],[[[-43.61,-23.03],[-43.604,-23.032],[-43.612,-23.031],[-43.61,-23.03]]],[[[-43.47,-23.034],[-43.468,-23.038],[-43.472,-23.036],[-43.47,-23.034]]],[[[-43.148,-22.962],[-43.151,-22.967],[-43.151,-22.963],[-43.148,-22.962]]],[[[-43.162,-22.811],[-43.161,-22.815],[-43.165,-22.813],[-43.162,-22.811]]],[[[-43.785,-22.929],[-43.787,-22.926],[-43.784,-22.926],[-43.785,-22.929]]],[[[-43.204,-23.025],[-43.201,-23.027],[-43.206,-23.026],[-43.204,-23.025]]],[[[-43.159,-22.912],[-43.158,-22.913],[-43.161,-22.916],[-43.159,-22.912]]],[[[-43.192,-23.025],[-43.19,-23.027],[-43.195,-23.027],[-43.192,-23.025]]],[[[-43.209,-22.886],[-43.209,-22.892],[-43.211,-22.887],[-43.209,-22.886]]],[[[-43.603,-23.029],[-43.604,-23.027],[-43.6,-23.027],[-43.603,-23.029]]],[[[-43.304,-23.037],[-43.303,-23.038],[-43.308,-23.039],[-43.304,-23.037]]],[[[-43.561,-23.079],[-43.559,-23.081],[-43.564,-23.082],[-43.561,-23.079]]],[[[-43.81,-22.925],[-43.813,-22.925],[-43.809,-22.923],[-43.81,-22.925]]],[[[-43.301,-23.032],[-43.298,-23.031],[-43.298,-23.034],[-43.301,-23.032]]],[[[-43.592,-23.041],[-43.589,-23.043],[-43.594,-23.042],[-43.592,-23.041]]],[[[-43.127,-22.746],[-43.124,-22.748],[-43.129,-22.748],[-43.127,-22.746]]],[[[-43.174,-22.883],[-43.173,-22.884],[-43.177,-22.884],[-43.174,-22.883]]],[[[-43.567,-23.051],[-43.564,-23.052],[-43.569,-23.051],[-43.567,-23.051]]],[[[-43.258,-22.825],[-43.257,-22.826],[-43.259,-22.827],[-43.258,-22.825]]],[[[-43.813,-22.921],[-43.814,-22.921],[-43.811,-22.919],[-43.813,-22.921]]],[[[-43.117,-22.804],[-43.12,-22.804],[-43.118,-22.802],[-43.117,-22.804]]],[[[-43.109,-22.802],[-43.112,-22.803],[-43.109,-22.8],[-43.109,-22.802]]],[[[-43.174,-22.837],[-43.173,-22.839],[-43.176,-22.837],[-43.174,-22.837]]],[[[-43.276,-23.029],[-43.276,-23.031],[-43.278,-23.03],[-43.276,-23.029]]],[[[-43.586,-23.043],[-43.586,-23.045],[-43.588,-23.042],[-43.586,-23.043]]],[[[-43.2,-23.073],[-43.198,-23.075],[-43.2,-23.074],[-43.2,-23.073]],[[-43.15,-22.787],[-43.149,-22.787],[-43.152,-22.787],[-43.15,-22.787]]],[[[-43.703,-22.985],[-43.706,-22.987],[-43.707,-22.987],[-43.703,-22.985]]],[[[-43.112,-22.797],[-43.114,-22.796],[-43.112,-22.796],[-43.112,-22.797]]],[[[-43.123,-22.807],[-43.124,-22.806],[-43.123,-22.804],[-43.123,-22.807]]],[[[-43.865,-22.945],[-43.864,-22.945],[-43.866,-22.946],[-43.865,-22.945]]],[[[-43.509,-23.053],[-43.508,-23.053],[-43.509,-23.054],[-43.509,-23.053]]],[[[-43.565,-23.058],[-43.566,-23.057],[-43.566,-23.055],[-43.565,-23.058]]],[[[-43.141,-22.776],[-43.139,-22.777],[-43.141,-22.777],[-43.141,-22.776]],[[-43.865,-22.925],[-43.864,-22.925],[-43.866,-22.925],[-43.865,-22.925]]],[[[-43.567,-23.058],[-43.566,-23.058],[-43.568,-23.06],[-43.567,-23.058]]],[[[-43.192,-23.029],[-43.191,-23.03],[-43.193,-23.03],[-43.192,-23.029]]],[[[-43.564,-23.053],[-43.563,-23.055],[-43.565,-23.053],[-43.564,-23.053]]],[[[-43.106,-22.777],[-43.105,-22.778],[-43.106,-22.778],[-43.106,-22.777]]],[[[-43.183,-23.022],[-43.182,-23.024],[-43.184,-23.022],[-43.183,-23.022]]],[[[-43.835,-23.116],[-43.837,-23.116],[-43.835,-23.115],[-43.835,-23.116]]],[[[-43.583,-23.045],[-43.584,-23.045],[-43.585,-23.044],[-43.583,-23.045]],[[-43.196,-22.887],[-43.196,-22.887],[-43.198,-22.888],[-43.196,-22.887]]],[[[-43.123,-22.799],[-43.124,-22.799],[-43.124,-22.798],[-43.123,-22.799]]],[[[-43.564,-23.059],[-43.563,-23.057],[-43.563,-23.058],[-43.564,-23.059]]],[[[-43.122,-22.796],[-43.121,-22.796],[-43.122,-22.797],[-43.122,-22.796]],[[-43.196,-23.034],[-43.196,-23.034],[-43.195,-23.033],[-43.196,-23.034]],[[-43.571,-23.05],[-43.569,-23.05],[-43.57,-23.05],[-43.571,-23.05]],[[-43.574,-23.073],[-43.573,-23.073],[-43.574,-23.073],[-43.574,-23.073]]],[[[-43.511,-23.06],[-43.512,-23.061],[-43.513,-23.061],[-43.511,-23.06]]],[[[-43.168,-22.768],[-43.167,-22.769],[-43.168,-22.769],[-43.168,-22.768]]],[[[-43.155,-22.794],[-43.156,-22.795],[-43.156,-22.793],[-43.155,-22.794]]],[[[-43.105,-22.79],[-43.106,-22.791],[-43.107,-22.791],[-43.105,-22.79]],[[-43.857,-22.945],[-43.857,-22.945],[-43.859,-22.946],[-43.857,-22.945]]],[[[-43.104,-22.791],[-43.105,-22.792],[-43.105,-22.791],[-43.104,-22.791]],[[-43.255,-22.824],[-43.255,-22.824],[-43.255,-22.825],[-43.255,-22.824]]],[[[-43.876,-22.924],[-43.877,-22.924],[-43.876,-22.923],[-43.876,-22.924]],[[-43.099,-22.788],[-43.1,-22.789],[-43.1,-22.789],[-43.099,-22.788]]],[[[-43.146,-22.934],[-43.147,-22.935],[-43.147,-22.934],[-43.146,-22.934]],[[-43.138,-22.783],[-43.137,-22.783],[-43.138,-22.783],[-43.138,-22.783]],[[-43.66,-22.998],[-43.661,-22.999],[-43.661,-22.999],[-43.66,-22.998]]],[[[-43.169,-22.8],[-43.168,-22.8],[-43.169,-22.801],[-43.169,-22.8]],[[-43.167,-22.897],[-43.167,-22.897],[-43.166,-22.897],[-43.167,-22.897]]],[[[-43.138,-22.776],[-43.139,-22.777],[-43.139,-22.776],[-43.138,-22.776]]],[[[-43.193,-23.032],[-43.194,-23.032],[-43.193,-23.031],[-43.193,-23.032]],[[-43.149,-22.789],[-43.149,-22.789],[-43.149,-22.789],[-43.149,-22.789]],[[-43.31,-23.047],[-43.311,-23.047],[-43.31,-23.047],[-43.31,-23.047]]],[[[-43.151,-22.789],[-43.151,-22.79],[-43.152,-22.791],[-43.151,-22.789]],[[-43.102,-22.762],[-43.102,-22.763],[-43.102,-22.763],[-43.102,-22.762]]],[[[-43.841,-22.907],[-43.841,-22.906],[-43.84,-22.906],[-43.841,-22.907]]],[[[-43.316,-23.037],[-43.316,-23.038],[-43.317,-23.037],[-43.316,-23.037]],[[-43.163,-22.819],[-43.163,-22.82],[-43.163,-22.82],[-43.163,-22.819]],[[-43.117,-22.769],[-43.116,-22.769],[-43.117,-22.769],[-43.117,-22.769]],[[-43.115,-22.77],[-43.115,-22.77],[-43.115,-22.77],[-43.115,-22.77]],[[-43.842,-22.907],[-43.842,-22.906],[-43.842,-22.906],[-43.842,-22.907]],[[-43.566,-23.059],[-43.566,-23.059],[-43.567,-23.059],[-43.566,-23.059]],[[-43.101,-22.79],[-43.101,-22.789],[-43.101,-22.79],[-43.101,-22.79]]],[[[-43.855,-22.942],[-43.854,-22.941],[-43.854,-22.942],[-43.855,-22.942]]],[[[-43.864,-22.955],[-43.864,-22.956],[-43.865,-22.956],[-43.864,-22.955]],[[-43.593,-23.041],[-43.593,-23.041],[-43.593,-23.041],[-43.593,-23.041]],[[-43.695,-22.986],[-43.695,-22.986],[-43.696,-22.987],[-43.695,-22.986]],[[-43.66,-23.0],[-43.661,-23.0],[-43.661,-23.0],[-43.66,-23.0]],[[-43.653,-23.003],[-43.653,-23.003],[-43.652,-23.003],[-43.653,-23.003]]],[[[-43.306,-23.033],[-43.305,-23.033],[-43.306,-23.034],[-43.306,-23.033]],[[-43.158,-22.8],[-43.157,-22.8],[-43.158,-22.8],[-43.158,-22.8]],[[-43.839,-22.906],[-43.84,-22.906],[-43.839,-22.906],[-43.839,-22.906]],[[-43.31,-23.044],[-43.31,-23.044],[-43.31,-23.044],[-43.31,-23.044]],[[-43.14,-22.782],[-43.14,-22.782],[-43.141,-22.782],[-43.14,-22.782]],[[-43.148,-22.935],[-43.148,-22.935],[-43.148,-22.935],[-43.148,-22.935]]],[[[-43.651,-23.003],[-43.65,-23.002],[-43.65,-23.003],[-43.651,-23.003]],[[-43.84,-22.906],[-43.84,-22.906],[-43.84,-22.906],[-43.84,-22.906]],[[-43.841,-22.907],[-43.841,-22.907],[-43.841,-22.907],[-43.841,-22.907]],[[-43.876,-22.959],[-43.876,-22.959],[-43.876,-22.959],[-43.876,-22.959]],[[-43.169,-22.767],[-43.169,-22.768],[-43.169,-22.767],[-43.169,-22.767]],[[-43.569,-23.082],[-43.569,-23.081],[-43.569,-23.081],[-43.569,-23.082]],[[-43.877,-22.923],[-43.877,-22.923],[-43.877,-22.923],[-43.877,-22.923]],[[-43.839,-22.906],[-43.839,-22.905],[-43.839,-22.906],[-43.839,-22.906]],[[-43.167,-22.829],[-43.168,-22.829],[-43.167,-22.829],[-43.167,-22.829]],[[-43.569,-23.051],[-43.57,-23.051],[-43.569,-23.051],[-43.569,-23.051]],[[-43.568,-23.06],[-43.568,-23.06],[-43.568,-23.06],[-43.568,-23.06]],[[-43.168,-22.768],[-43.168,-22.768],[-43.168,-22.768],[-43.168,-22.768]],[[-43.839,-22.906],[-43.839,-22.906],[-43.839,-22.906],[-43.839,-22.906]],[[-43.255,-22.825],[-43.254,-22.826],[-43.254,-22.826],[-43.255,-22.825]],[[-43.84,-22.906],[-43.84,-22.906],[-43.84,-22.906],[-43.84,-22.906]],[[-43.169,-22.768],[-43.169,-22.768],[-43.169,-22.768],[-43.169,-22.768]],[[-43.169,-22.768],[-43.169,-22.768],[-43.169,-22.767],[-43.169,-22.768]],[[-43.305,-23.034],[-43.305,-23.034],[-43.305,-23.034],[-43.305,-23.034]],[[-43.169,-22.768],[-43.168,-22.768],[-43.168,-22.768],[-43.169,-22.768]],[[-43.152,-22.79],[-43.152,-22.79],[-43.152,-22.79],[-43.152,-22.79]],[[-43.839,-22.906],[-43.839,-22.906],[-43.839,-22.905],[-43.839,-22.906]]],[[[-43.842,-22.907],[-43.843,-22.907],[-43.843,-22.906],[-43.842,-22.907]],[[-43.841,-22.908],[-43.841,-22.908],[-43.841,-22.908],[-43.841,-22.908]],[[-43.841,-22.907],[-43.841,-22.907],[-43.841,-22.907],[-43.841,-22.907]],[[-43.169,-22.767],[-43.169,-22.767],[-43.169,-22.767],[-43.169,-22.767]],[[-43.156,-22.794],[-43.156,-22.794],[-43.156,-22.795],[-43.156,-22.794]],[[-43.169,-22.768],[-43.169,-22.768],[-43.169,-22.768],[-43.169,-22.768]],[[-43.566,-23.059],[-43.566,-23.059],[-43.566,-23.059],[-43.566,-23.059]],[[-43.169,-22.767],[-43.169,-22.767],[-43.169,-22.767],[-43.169,-22.767]],[[-43.169,-22.767],[-43.169,-22.767],[-43.169,-22.767],[-43.169,-22.767]],[[-43.168,-22.768],[-43.168,-22.768],[-43.168,-22.768],[-43.168,-22.768]],[[-43.155,-22.792],[-43.155,-22.792],[-43.156,-22.792],[-43.155,-22.792]],[[-43.169,-22.767],[-43.169,-22.767],[-43.169,-22.767],[-43.169,-22.767]],[[-43.168,-22.767],[-43.168,-22.767],[-43.168,-22.767],[-43.168,-22.767]],[[-43.169,-22.769],[-43.169,-22.769],[-43.169,-22.769],[-43.169,-22.769]],[[-43.169,-22.767],[-43.169,-22.767],[-43.169,-22.767],[-43.169,-22.767]],[[-43.156,-22.792],[-43.156,-22.792],[-43.156,-22.792],[-43.156,-22.792]],[[-43.156,-22.795],[-43.156,-22.795],[-43.156,-22.795],[-43.156,-22.795]],[[-43.156,-22.792],[-43.156,-22.792],[-43.156,-22.792],[-43.156,-22.792]],[[-43.155,-22.795],[-43.155,-22.795],[-43.156,-22.795],[-43.155,-22.795]],[[-43.156,-22.792],[-43.156,-22.792],[-43.156,-22.792],[-43.156,-22.792]],[[-43.156,-22.792],[-43.156,-22.792],[-43.156,-22.792],[-43.156,-22.792]],[[-43.155,-22.794],[-43.155,-22.794],[-43.155,-22.794],[-43.155,-22.794]],[[-43.169,-22.767],[-43.169,-22.767],[-43.169,-22.767],[-43.169,-22.767]],[[-43.169,-22.767],[-43.169,-22.767],[-43.169,-22.767],[-43.169,-22.767]],[[-43.155,-22.794],[-43.155,-22.794],[-43.155,-22.794],[-43.155,-22.794]],[[-43.156,-22.792],[-43.156,-22.792],[-43.156,-22.792],[-43.156,-22.792]],[[-43.156,-22.792],[-43.156,-22.792],[-43.156,-22.792],[-43.156,-22.792]],[[-43.155,-22.794],[-43.155,-22.794],[-43.155,-22.794],[-43.155,-22.794]],[[-43.155,-22.792],[-43.155,-22.792],[-43.155,-22.792],[-43.155,-22.792]],[[-43.156,-22.792],[-43.155,-22.792],[-43.156,-22.792],[-43.156,-22.792]],[[-43.156,-22.794],[-43.156,-22.794],[-43.156,-22.794],[-43.156,-22.794]],[[-43.156,-22.792],[-43.156,-22.792],[-43.156,-22.792],[-43.156,-22.792]]]]}},{"type":"Feature","properties":{"codigo_area_atuacao":"C.054.RS.2000","sigla":"MUXENERGIA","num_municipios":2,"populacao_estimada_2018":24035,"area_km2":586.86415741,"tipo_outorga":"CONCESSIONÁRIA","uf":"RS","regiao":"SUL","num_unidades_consumidoras":11833,"cnpj":"97.578.090/0001-34","razao_social":"MUXFELDT MARIN E CIA LTDA","ato_legal":"ECT 087/2000 de 18/10/2000","inicio_vigencia_epoch_ms":946695600000,"cnpj_digits":"97578090000134","subsystem_id":"S","subsystem_mapping_method":"GEOGRAPHIC_REGION_PROXY_MVP"},"geometry":{"type":"Polygon","coordinates":[[[-52.065,-27.993],[-51.985,-28.015],[-51.963,-27.981],[-51.951,-28.0],[-51.929,-27.991],[-51.907,-28.008],[-51.853,-28.009],[-51.803,-28.04],[-51.776,-28.028],[-51.769,-28.059],[-51.704,-28.138],[-51.692,-28.092],[-51.634,-28.048],[-51.614,-28.063],[-51.629,-28.091],[-51.603,-28.097],[-51.635,-28.113],[-51.623,-28.132],[-51.693,-28.141],[-51.705,-28.161],[-51.693,-28.191],[-51.732,-28.184],[-51.729,-28.21],[-51.756,-28.215],[-51.783,-28.203],[-51.797,-28.166],[-51.877,-28.142],[-51.89,-28.115],[-51.971,-28.106],[-51.984,-28.128],[-52.022,-28.132],[-52.043,-28.118],[-52.103,-28.117],[-52.083,-28.1],[-52.1,-28.084],[-52.082,-28.064],[-52.099,-28.051],[-52.088,-28.04],[-52.128,-28.012],[-52.101,-28.016],[-52.113,-28.0],[-52.088,-27.996],[-52.096,-27.978],[-52.065,-27.993]]]}},{"type":"Feature","properties":{"codigo_area_atuacao":"C.046.SE.1999","sigla":"SULGIPE","num_municipios":14,"populacao_estimada_2018":367726,"area_km2":5826.48776345,"tipo_outorga":"CONCESSIONÁRIA","uf":"SE","regiao":"NORDESTE","num_unidades_consumidoras":152350,"cnpj":"13.255.658/0001-96","razao_social":"COMPANHIA SUL SERGIPANA DE ELETRICIDADE","ato_legal":"ECT 091/1999 de 14/12/1999","inicio_vigencia_epoch_ms":915159600000,"cnpj_digits":"13255658000196","subsystem_id":"NE","subsystem_mapping_method":"GEOGRAPHIC_REGION_PROXY_MVP"},"geometry":{"type":"Polygon","coordinates":[[[-38.025,-10.816],[-37.97,-10.825],[-37.973,-10.88],[-37.939,-10.89],[-37.876,-10.864],[-37.875,-10.92],[-37.835,-10.951],[-37.838,-10.988],[-37.794,-11.018],[-37.786,-11.006],[-37.773,-11.018],[-37.754,-11.003],[-37.742,-11.011],[-37.744,-10.989],[-37.724,-10.994],[-37.622,-11.067],[-37.565,-11.04],[-37.569,-11.025],[-37.531,-10.996],[-37.546,-11.166],[-37.451,-11.139],[-37.431,-11.107],[-37.438,-11.087],[-37.389,-11.053],[-37.341,-11.103],[-37.331,-11.139],[-37.347,-11.2],[-37.328,-11.238],[-37.26,-11.29],[-37.312,-11.423],[-37.347,-11.447],[-37.403,-11.532],[-37.53,-11.771],[-37.544,-11.764],[-37.521,-11.726],[-37.531,-11.702],[-37.561,-11.705],[-37.61,-11.667],[-37.671,-11.674],[-37.738,-11.629],[-37.748,-11.679],[-37.727,-11.726],[-37.775,-11.702],[-37.794,-11.731],[-37.837,-11.734],[-37.865,-11.684],[-37.9,-11.689],[-37.938,-11.667],[-37.948,-11.637],[-37.932,-11.616],[-37.972,-11.603],[-38.057,-11.528],[-38.049,-11.497],[-38.077,-11.474],[-38.08,-11.441],[-38.035,-11.417],[-38.026,-11.399],[-38.037,-11.39],[-37.994,-11.346],[-37.992,-11.313],[-38.015,-11.286],[-37.987,-11.271],[-37.994,-11.24],[-37.974,-11.195],[-38.062,-11.172],[-38.065,-11.123],[-38.094,-11.102],[-38.075,-11.077],[-38.102,-11.015],[-38.121,-11.007],[-38.13,-11.019],[-38.187,-10.963],[-38.16,-10.903],[-38.125,-10.885],[-38.118,-10.837],[-38.025,-10.816]],[[-37.348,-11.455],[-37.347,-11.45],[-37.349,-11.453],[-37.348,-11.455]]]}},{"type":"Feature","properties":{"codigo_area_atuacao":"C.062.RS.2001","sigla":"UHENPAL","num_municipios":9,"populacao_estimada_2018":38318,"area_km2":1886.89988257,"tipo_outorga":"CONCESSIONÁRIA","uf":"RS","regiao":"SUL","num_unidades_consumidoras":16275,"cnpj":"89.889.604/0001-44","razao_social":"NOVA PALMA ENERGIA LTDA","ato_legal":"ECT 107/2001 de 12/12/2001","inicio_vigencia_epoch_ms":978318000000,"cnpj_digits":"89889604000144","subsystem_id":"S","subsystem_mapping_method":"GEOGRAPHIC_REGION_PROXY_MVP"},"geometry":{"type":"Polygon","coordinates":[[[-53.42,-29.349],[-53.365,-29.355],[-53.315,-29.437],[-53.238,-29.412],[-53.261,-29.435],[-53.286,-29.436],[-53.264,-29.446],[-53.293,-29.45],[-53.281,-29.478],[-53.299,-29.49],[-53.31,-29.538],[-53.334,-29.553],[-53.287,-29.616],[-53.33,-29.635],[-53.348,-29.626],[-53.36,-29.653],[-53.353,-29.671],[-53.314,-29.685],[-53.295,-29.673],[-53.282,-29.692],[-53.289,-29.733],[-53.254,-29.73],[-53.291,-29.779],[-53.266,-29.783],[-53.275,-29.8],[-53.201,-29.837],[-53.18,-29.774],[-53.163,-29.777],[-53.161,-29.813],[-53.11,-29.85],[-53.12,-29.923],[-53.082,-29.931],[-53.099,-29.949],[-53.09,-29.966],[-53.238,-29.959],[-53.241,-29.969],[-53.293,-29.935],[-53.317,-29.935],[-53.316,-29.946],[-53.345,-29.927],[-53.403,-29.932],[-53.469,-29.88],[-53.549,-29.867],[-53.549,-29.832],[-53.565,-29.813],[-53.518,-29.765],[-53.534,-29.755],[-53.557,-29.688],[-53.586,-29.695],[-53.633,-29.671],[-53.619,-29.649],[-53.649,-29.619],[-53.583,-29.577],[-53.602,-29.564],[-53.626,-29.572],[-53.655,-29.508],[-53.619,-29.486],[-53.612,-29.463],[-53.571,-29.481],[-53.552,-29.441],[-53.518,-29.471],[-53.499,-29.442],[-53.501,-29.422],[-53.533,-29.4],[-53.513,-29.388],[-53.523,-29.384],[-53.439,-29.339],[-53.42,-29.349]]]}},{"type":"Feature","properties":{"codigo_area_atuacao":"P.023.SC.2008","sigla":"CERBRANORTE","num_municipios":5,"populacao_estimada_2018":37193,"area_km2":515.32510801,"tipo_outorga":"PERMISSIONÁRIA","uf":"SC","regiao":"SUL","num_unidades_consumidoras":16963,"cnpj":"86.433.042/0001-31","razao_social":"COOPERATIVA DE ELETRIFICAÇÃO DE BRAÇO DO NORTE","ato_legal":"ECT 25/2008 de 28/11/2008, REA 1629/2008 de 21/10/2008","inicio_vigencia_epoch_ms":1199156400000,"cnpj_digits":"86433042000131","subsystem_id":"S","subsystem_mapping_method":"GEOGRAPHIC_REGION_PROXY_MVP"},"geometry":{"type":"Polygon","coordinates":[[[-49.302,-27.984],[-49.276,-28.025],[-49.223,-28.021],[-49.183,-28.066],[-49.191,-28.073],[-49.155,-28.089],[-49.083,-28.046],[-49.063,-28.06],[-49.065,-28.116],[-49.053,-28.142],[-49.03,-28.151],[-49.08,-28.187],[-49.067,-28.201],[-49.091,-28.303],[-49.082,-28.322],[-49.105,-28.359],[-49.125,-28.319],[-49.156,-28.318],[-49.159,-28.299],[-49.185,-28.302],[-49.234,-28.257],[-49.276,-28.248],[-49.223,-28.236],[-49.183,-28.251],[-49.181,-28.265],[-49.174,-28.255],[-49.198,-28.228],[-49.199,-28.155],[-49.25,-28.153],[-49.255,-28.127],[-49.295,-28.106],[-49.307,-28.056],[-49.34,-28.027],[-49.336,-27.995],[-49.311,-27.971],[-49.302,-27.984]]]}},{"type":"Feature","properties":{"codigo_area_atuacao":"P.020.SC.2008","sigla":"CERGRAL","num_municipios":4,"populacao_estimada_2018":11351,"area_km2":165.71970575,"tipo_outorga":"PERMISSIONÁRIA","uf":"SC","regiao":"SUL","num_unidades_consumidoras":6458,"cnpj":"86.449.170/0001-73","razao_social":"COOPERATIVA DE ELETRICIDADE DE GRAVATAL","ato_legal":"ECT 22/2008, REA 1632/2008 de 21/10/2008","inicio_vigencia_epoch_ms":1199156400000,"cnpj_digits":"86449170000173","subsystem_id":"S","subsystem_mapping_method":"GEOGRAPHIC_REGION_PROXY_MVP"},"geometry":{"type":"Polygon","coordinates":[[[-49.084,-28.326],[-49.079,-28.274],[-49.071,-28.294],[-49.038,-28.304],[-48.992,-28.299],[-48.953,-28.322],[-48.933,-28.381],[-48.979,-28.422],[-49.011,-28.417],[-49.025,-28.397],[-49.052,-28.404],[-49.106,-28.357],[-49.084,-28.326]]]}},{"type":"Feature","properties":{"codigo_area_atuacao":"P.018.SC.2008","sigla":"CERSUL","num_municipios":11,"populacao_estimada_2018":32897,"area_km2":1073.95934407,"tipo_outorga":"PERMISSIONÁRIA","uf":"SC","regiao":"SUL","num_unidades_consumidoras":18059,"cnpj":"86.512.670/0001-02","razao_social":"CERSUL - COOPERATIVA DE DISTRIBUIÇÃO DE ENERGIA","ato_legal":"ECT 20/2008, REA 1627/2008","inicio_vigencia_epoch_ms":1199156400000,"cnpj_digits":"86512670000102","subsystem_id":"S","subsystem_mapping_method":"GEOGRAPHIC_REGION_PROXY_MVP"},"geometry":{"type":"Polygon","coordinates":[[[-49.781,-28.612],[-49.779,-28.629],[-49.757,-28.615],[-49.754,-28.628],[-49.706,-28.628],[-49.712,-28.666],[-49.674,-28.701],[-49.682,-28.737],[-49.671,-28.753],[-49.605,-28.752],[-49.595,-28.802],[-49.571,-28.805],[-49.518,-28.852],[-49.515,-28.917],[-49.603,-28.941],[-49.598,-28.976],[-49.583,-28.981],[-49.624,-29.017],[-49.699,-29.02],[-49.726,-29.003],[-49.707,-28.966],[-49.768,-28.945],[-49.762,-28.917],[-49.812,-28.886],[-49.893,-28.888],[-49.949,-28.925],[-49.956,-28.949],[-49.951,-28.927],[-49.969,-28.922],[-49.932,-28.872],[-49.97,-28.876],[-49.956,-28.859],[-49.963,-28.799],[-49.951,-28.802],[-49.961,-28.772],[-49.922,-28.746],[-49.935,-28.726],[-49.905,-28.708],[-49.914,-28.724],[-49.883,-28.717],[-49.896,-28.739],[-49.875,-28.745],[-49.872,-28.703],[-49.842,-28.714],[-49.813,-28.687],[-49.838,-28.69],[-49.839,-28.667],[-49.816,-28.658],[-49.817,-28.638],[-49.781,-28.612]]]}},{"type":"Feature","properties":{"codigo_area_atuacao":"P.017.SC.2008","sigla":"COOPERA","num_municipios":4,"populacao_estimada_2018":58851,"area_km2":478.57419938,"tipo_outorga":"PERMISSIONÁRIA","uf":"SC","regiao":"SUL","num_unidades_consumidoras":26054,"cnpj":"83.646.653/0001-70","razao_social":"COOPERATIVA PIONEIRA DE ELETRIFICAÇÃO - COOPERA","ato_legal":"ECT 18/2008","inicio_vigencia_epoch_ms":1199156400000,"cnpj_digits":"83646653000170","subsystem_id":"S","subsystem_mapping_method":"GEOGRAPHIC_REGION_PROXY_MVP"},"geometry":{"type":"Polygon","coordinates":[[[-49.6,-28.625],[-49.452,-28.634],[-49.477,-28.712],[-49.423,-28.713],[-49.407,-28.738],[-49.433,-28.755],[-49.42,-28.807],[-49.446,-28.842],[-49.517,-28.858],[-49.535,-28.829],[-49.595,-28.802],[-49.605,-28.752],[-49.671,-28.753],[-49.682,-28.737],[-49.674,-28.701],[-49.712,-28.666],[-49.709,-28.637],[-49.685,-28.621],[-49.6,-28.625]]]}},{"type":"Feature","properties":{"codigo_area_atuacao":"P.016.SC.2008","sigla":"COOPERMILA","num_municipios":3,"populacao_estimada_2018":2767,"area_km2":271.85402353,"tipo_outorga":"PERMISSIONÁRIA","uf":"SC","regiao":"SUL","num_unidades_consumidoras":1242,"cnpj":"75.568.154/0001-83","razao_social":"COOPERATIVA DE ELETRIFICAÇÃO LAURO MULLER","ato_legal":"ECT 17/2008, REA 1565/2008","inicio_vigencia_epoch_ms":1199156400000,"cnpj_digits":"75568154000183","subsystem_id":"S","subsystem_mapping_method":"GEOGRAPHIC_REGION_PROXY_MVP"},"geometry":{"type":"Polygon","coordinates":[[[-49.558,-28.372],[-49.53,-28.345],[-49.546,-28.345],[-49.532,-28.307],[-49.483,-28.304],[-49.361,-28.341],[-49.359,-28.363],[-49.34,-28.365],[-49.336,-28.418],[-49.363,-28.412],[-49.367,-28.437],[-49.398,-28.465],[-49.468,-28.437],[-49.536,-28.429],[-49.551,-28.441],[-49.567,-28.414],[-49.545,-28.403],[-49.542,-28.382],[-49.558,-28.372]]]}},{"type":"Feature","properties":{"codigo_area_atuacao":"P.014.RS.2008","sigla":"CERTAJA","num_municipios":19,"populacao_estimada_2018":55518,"area_km2":1851.48252064,"tipo_outorga":"PERMISSIONÁRIA","uf":"RS","regiao":"SUL","num_unidades_consumidoras":24496,"cnpj":"97.839.922/0001-29","razao_social":"COOPERATIVA REGIONAL DE ENERGIA TAQUARI JACUÍ","ato_legal":"ECT 15/2008, REA 1477/2008","inicio_vigencia_epoch_ms":1199156400000,"cnpj_digits":"97839922000129","subsystem_id":"S","subsystem_mapping_method":"GEOGRAPHIC_REGION_PROXY_MVP"},"geometry":{"type":"MultiPolygon","coordinates":[[[[-51.665,-29.501],[-51.662,-29.593],[-51.566,-29.737],[-51.589,-29.755],[-51.587,-29.776],[-51.522,-29.781],[-51.492,-29.823],[-51.438,-29.844],[-51.356,-29.841],[-51.365,-29.893],[-51.31,-29.932],[-51.267,-29.935],[-51.412,-29.988],[-51.507,-29.928],[-51.728,-29.946],[-51.75,-29.888],[-51.716,-29.858],[-51.758,-29.819],[-51.759,-29.799],[-51.719,-29.723],[-51.743,-29.712],[-51.756,-29.733],[-51.776,-29.733],[-51.798,-29.713],[-51.771,-29.696],[-51.788,-29.681],[-51.782,-29.656],[-51.761,-29.649],[-51.776,-29.621],[-51.799,-29.614],[-51.796,-29.567],[-51.817,-29.529],[-51.665,-29.501]]],[[[-52.037,-29.704],[-52.014,-29.736],[-52.059,-29.814],[-52.038,-29.858],[-52.051,-29.866],[-52.042,-29.893],[-52.055,-29.923],[-52.016,-29.933],[-52.027,-29.955],[-52.068,-29.932],[-52.101,-29.947],[-52.129,-29.927],[-52.187,-29.93],[-52.196,-29.904],[-52.175,-29.833],[-52.233,-29.775],[-52.142,-29.753],[-52.118,-29.723],[-52.058,-29.726],[-52.037,-29.704]]],[[[-51.83,-30.306],[-51.822,-30.324],[-51.759,-30.343],[-51.678,-30.289],[-51.653,-30.299],[-51.649,-30.34],[-51.681,-30.38],[-51.672,-30.391],[-51.691,-30.422],[-51.68,-30.438],[-51.718,-30.448],[-51.713,-30.473],[-51.751,-30.483],[-51.755,-30.506],[-51.767,-30.467],[-51.905,-30.577],[-51.925,-30.498],[-51.901,-30.452],[-51.929,-30.424],[-51.925,-30.408],[-51.907,-30.389],[-51.866,-30.384],[-51.843,-30.347],[-51.869,-30.319],[-51.839,-30.311],[-51.846,-30.285],[-51.83,-30.306]]]]}},{"type":"Feature","properties":{"codigo_area_atuacao":"P.027.SC.2010","sigla":"CEPRAG","num_municipios":4,"populacao_estimada_2018":23246,"area_km2":561.37437948,"tipo_outorga":"PERMISSIONÁRIA","uf":"SC","regiao":"SUL","num_unidades_consumidoras":18165,"cnpj":"78.274.610/0001-70","razao_social":"COOPERATIVA DE ELETRICIDADE PRAIA GRANDE","ato_legal":"ECT 19/2010, REA 1519/2008","inicio_vigencia_epoch_ms":1262314800000,"cnpj_digits":"78274610000170","subsystem_id":"S","subsystem_mapping_method":"GEOGRAPHIC_REGION_PROXY_MVP"},"geometry":{"type":"Polygon","coordinates":[[[-49.954,-29.073],[-49.916,-29.103],[-49.875,-29.094],[-49.832,-29.122],[-49.834,-29.095],[-49.764,-29.17],[-49.661,-29.242],[-49.645,-29.238],[-49.713,-29.326],[-49.743,-29.329],[-49.73,-29.317],[-49.74,-29.3],[-49.843,-29.278],[-49.868,-29.225],[-49.965,-29.199],[-49.997,-29.228],[-50.114,-29.258],[-50.109,-29.28],[-50.034,-29.35],[-50.069,-29.343],[-50.058,-29.328],[-50.088,-29.324],[-50.123,-29.282],[-50.129,-29.304],[-50.145,-29.294],[-50.139,-29.254],[-50.177,-29.249],[-50.14,-29.236],[-50.151,-29.225],[-50.134,-29.208],[-50.162,-29.204],[-50.14,-29.192],[-50.094,-29.212],[-50.113,-29.24],[-50.084,-29.215],[-50.047,-29.217],[-50.091,-29.22],[-50.085,-29.193],[-50.101,-29.162],[-50.057,-29.158],[-50.093,-29.168],[-50.075,-29.188],[-50.06,-29.175],[-50.068,-29.195],[-50.033,-29.175],[-50.014,-29.186],[-50.029,-29.172],[-50.006,-29.15],[-50.013,-29.127],[-49.978,-29.137],[-49.993,-29.118],[-49.963,-29.117],[-49.968,-29.084],[-49.954,-29.073]]]}},{"type":"Feature","properties":{"codigo_area_atuacao":"P.035.SC.2010","sigla":"CERGAPA","num_municipios":3,"populacao_estimada_2018":7246,"area_km2":334.36423884,"tipo_outorga":"PERMISSIONÁRIA","uf":"SC","regiao":"SUL","num_unidades_consumidoras":3834,"cnpj":"01.229.747/0001-89","razao_social":"COOPERATIVA DE ELETRICIDADE GRÃO PARÁ","ato_legal":"ECT 38/2010, REA 2262/2010","inicio_vigencia_epoch_ms":1262314800000,"cnpj_digits":"01229747000189","subsystem_id":"S","subsystem_mapping_method":"GEOGRAPHIC_REGION_PROXY_MVP"},"geometry":{"type":"Polygon","coordinates":[[[-49.391,-28.195],[-49.398,-28.158],[-49.43,-28.151],[-49.442,-28.128],[-49.432,-28.114],[-49.393,-28.112],[-49.404,-28.08],[-49.368,-28.062],[-49.353,-28.001],[-49.323,-27.983],[-49.34,-28.027],[-49.307,-28.056],[-49.295,-28.106],[-49.255,-28.127],[-49.25,-28.153],[-49.199,-28.155],[-49.198,-28.228],[-49.175,-28.262],[-49.223,-28.236],[-49.291,-28.254],[-49.348,-28.239],[-49.391,-28.195]]]}},{"type":"Feature","properties":{"codigo_area_atuacao":"P.034.RS.2010","sigla":"CERILUZ","num_municipios":24,"populacao_estimada_2018":29180,"area_km2":618.71289725,"tipo_outorga":"PERMISSIONÁRIA","uf":"RS","regiao":"SUL","num_unidades_consumidoras":14055,"cnpj":"87.656.989/0001-74","razao_social":"COOPERATIVA REGIONAL DE ENERGIA E DESENVOLVIMENTO IJUÍ LTDA","ato_legal":"ECT 36/2010, REA 2377/2010","inicio_vigencia_epoch_ms":1262314800000,"cnpj_digits":"87656989000174","subsystem_id":"S","subsystem_mapping_method":"GEOGRAPHIC_REGION_PROXY_MVP"},"geometry":{"type":"MultiPolygon","coordinates":[[[[-53.713,-27.985],[-53.659,-28.035],[-53.586,-28.04],[-53.622,-28.092],[-53.62,-28.146],[-53.639,-28.133],[-53.656,-28.155],[-53.676,-28.141],[-53.709,-28.167],[-53.718,-28.149],[-53.787,-28.13],[-53.782,-28.107],[-53.802,-28.103],[-53.795,-28.069],[-53.813,-28.056],[-53.777,-28.042],[-53.748,-27.991],[-53.713,-27.985]]],[[[-54.006,-28.351],[-53.998,-28.335],[-53.984,-28.347],[-53.983,-28.442],[-53.995,-28.447],[-54.034,-28.409],[-54.047,-28.471],[-54.067,-28.46],[-54.139,-28.485],[-54.148,-28.434],[-54.093,-28.426],[-54.128,-28.347],[-54.098,-28.369],[-54.111,-28.336],[-54.089,-28.361],[-54.085,-28.338],[-54.039,-28.36],[-54.025,-28.319],[-54.027,-28.339],[-54.006,-28.351]]],[[[-53.752,-28.291],[-53.725,-28.292],[-53.725,-28.315],[-53.693,-28.289],[-53.659,-28.322],[-53.683,-28.393],[-53.774,-28.443],[-53.839,-28.39],[-53.82,-28.369],[-53.822,-28.286],[-53.812,-28.302],[-53.756,-28.276],[-53.752,-28.291]]]]}},{"type":"Feature","properties":{"codigo_area_atuacao":"P.037.SC.2010","sigla":"CERMOFUL","num_municipios":6,"populacao_estimada_2018":34043,"area_km2":82.81906231,"tipo_outorga":"PERMISSIONÁRIA","uf":"SC","regiao":"SUL","num_unidades_consumidoras":14753,"cnpj":"86.533.346/0001-70","razao_social":"COOPERATIVA FUMACENSE DE ELETRICIDADE","ato_legal":"ECT 40/2010, REA 2443/2010","inicio_vigencia_epoch_ms":1262314800000,"cnpj_digits":"86533346000170","subsystem_id":"S","subsystem_mapping_method":"GEOGRAPHIC_REGION_PROXY_MVP"},"geometry":{"type":"Polygon","coordinates":[[[-49.252,-28.667],[-49.29,-28.638],[-49.359,-28.637],[-49.292,-28.622],[-49.243,-28.589],[-49.175,-28.645],[-49.176,-28.685],[-49.252,-28.667]]]}},{"type":"Feature","properties":{"codigo_area_atuacao":"P.033.SC.2010","sigla":"CERTREL","num_municipios":4,"populacao_estimada_2018":8965,"area_km2":156.68581317,"tipo_outorga":"PERMISSIONÁRIA","uf":"SC","regiao":"SUL","num_unidades_consumidoras":4326,"cnpj":"76.583.962/0001-82","razao_social":"COOPERATIVA DE ENERGIA TREVISO","ato_legal":"ECT 35/2010, REA 2254/2010","inicio_vigencia_epoch_ms":1262314800000,"cnpj_digits":"76583962000182","subsystem_id":"S","subsystem_mapping_method":"GEOGRAPHIC_REGION_PROXY_MVP"},"geometry":{"type":"Polygon","coordinates":[[[-49.555,-28.516],[-49.57,-28.502],[-49.549,-28.484],[-49.563,-28.467],[-49.542,-28.437],[-49.468,-28.437],[-49.428,-28.459],[-49.422,-28.537],[-49.481,-28.583],[-49.488,-28.553],[-49.527,-28.551],[-49.555,-28.516]]]}},{"type":"Feature","properties":{"codigo_area_atuacao":"P.032.SC.2010","sigla":"COOPERCOCAL","num_municipios":9,"populacao_estimada_2018":23630,"area_km2":70.77309075,"tipo_outorga":"PERMISSIONÁRIA","uf":"SC","regiao":"SUL","num_unidades_consumidoras":10944,"cnpj":"86.532.348/0001-45","razao_social":"COOPERATIVA ENERGÉTICA COCAL","ato_legal":"ECT 34/2010, REA 2493/2010","inicio_vigencia_epoch_ms":1262314800000,"cnpj_digits":"86532348000145","subsystem_id":"S","subsystem_mapping_method":"GEOGRAPHIC_REGION_PROXY_MVP"},"geometry":{"type":"Polygon","coordinates":[[[-49.395,-28.603],[-49.386,-28.58],[-49.35,-28.562],[-49.245,-28.591],[-49.354,-28.637],[-49.395,-28.603]]]}},{"type":"Feature","properties":{"codigo_area_atuacao":"P.036.RS.2010","sigla":"CRELUZ-D","num_municipios":36,"populacao_estimada_2018":48674,"area_km2":881.89925858,"tipo_outorga":"PERMISSIONÁRIA","uf":"RS","regiao":"SUL","num_unidades_consumidoras":23709,"cnpj":"91.950.261/0001-28","razao_social":"CRELUZ - COOPERATIVA DE DISTRIBUIÇÃO DE ENERGIA","ato_legal":"ECT 39/2010, REA 2379/2010","inicio_vigencia_epoch_ms":1262314800000,"cnpj_digits":"91950261000128","subsystem_id":"S","subsystem_mapping_method":"GEOGRAPHIC_REGION_PROXY_MVP"},"geometry":{"type":"Polygon","coordinates":[[[-53.224,-27.309],[-53.202,-27.312],[-53.213,-27.326],[-53.194,-27.315],[-53.172,-27.34],[-53.182,-27.353],[-53.132,-27.355],[-53.113,-27.376],[-53.145,-27.408],[-53.124,-27.434],[-53.128,-27.45],[-53.143,-27.447],[-53.12,-27.463],[-53.153,-27.473],[-53.121,-27.494],[-53.161,-27.498],[-53.126,-27.51],[-53.142,-27.53],[-53.108,-27.532],[-53.134,-27.538],[-53.111,-27.547],[-53.135,-27.57],[-53.096,-27.571],[-53.127,-27.58],[-53.101,-27.607],[-53.123,-27.622],[-53.093,-27.642],[-53.155,-27.662],[-53.152,-27.699],[-53.201,-27.745],[-53.246,-27.755],[-53.257,-27.727],[-53.269,-27.763],[-53.284,-27.743],[-53.324,-27.799],[-53.373,-27.806],[-53.357,-27.784],[-53.391,-27.767],[-53.404,-27.635],[-53.391,-27.629],[-53.406,-27.616],[-53.346,-27.62],[-53.289,-27.579],[-53.292,-27.528],[-53.276,-27.518],[-53.274,-27.481],[-53.31,-27.429],[-53.286,-27.425],[-53.288,-27.387],[-53.254,-27.381],[-53.267,-27.373],[-53.249,-27.35],[-53.266,-27.346],[-53.224,-27.309]]]}},{"type":"Feature","properties":{"codigo_area_atuacao":"C.082.RR.2018","sigla":"RRE","num_municipios":15,"populacao_estimada_2018":576568,"area_km2":224275.7960562,"tipo_outorga":"CONCESSIONÁRIA","uf":"RR","regiao":"NORTE","num_unidades_consumidoras":175609,"cnpj":"02.341.470/0001-44","razao_social":"RORAIMA ENERGIA S.A","ato_legal":"ECT 004/2018 de 11/12/2018; PRT 425/2016","inicio_vigencia_epoch_ms":1451617200000,"cnpj_digits":"02341470000144","subsystem_id":"N","subsystem_mapping_method":"GEOGRAPHIC_REGION_PROXY_MVP"},"geometry":{"type":"Polygon","coordinates":[[[-60.201,5.264],[-60.195,5.238],[-60.172,5.227],[-60.136,5.249],[-60.096,5.141],[-59.997,5.084],[-60.008,5.059],[-59.99,4.987],[-60.04,4.784],[-60.027,4.773],[-60.044,4.717],[-60.03,4.7],[-60.079,4.649],[-60.075,4.609],[-60.129,4.596],[-60.141,4.556],[-60.16,4.563],[-60.163,4.506],[-60.105,4.501],[-60.109,4.518],[-60.092,4.523],[-60.09,4.509],[-60.069,4.512],[-60.071,4.494],[-60.004,4.496],[-59.973,4.476],[-59.97,4.503],[-59.934,4.494],[-59.905,4.454],[-59.872,4.484],[-59.859,4.448],[-59.812,4.445],[-59.797,4.465],[-59.794,4.446],[-59.674,4.376],[-59.679,4.34],[-59.732,4.284],[-59.708,4.268],[-59.737,4.234],[-59.726,4.182],[-59.685,4.148],[-59.617,4.132],[-59.65,4.07],[-59.615,4.054],[-59.59,3.995],[-59.575,4.002],[-59.585,3.967],[-59.546,3.979],[-59.516,3.944],[-59.529,3.924],[-59.565,3.92],[-59.568,3.89],[-59.578,3.902],[-59.592,3.888],[-59.579,3.819],[-59.599,3.814],[-59.596,3.796],[-59.614,3.803],[-59.63,3.784],[-59.63,3.799],[-59.68,3.759],[-59.664,3.734],[-59.669,3.703],[-59.744,3.659],[-59.765,3.625],[-59.851,3.605],[-59.872,3.563],[-59.844,3.554],[-59.838,3.529],[-59.804,3.507],[-59.842,3.425],[-59.814,3.428],[-59.804,3.362],[-59.834,3.356],[-59.828,3.332],[-59.889,3.242],[-59.875,3.224],[-59.908,3.21],[-59.9,3.154],[-59.921,3.149],[-59.909,3.144],[-59.919,3.132],[-59.909,3.112],[-59.921,3.121],[-59.956,3.081],[-59.962,3.016],[-59.947,3.0],[-59.959,2.954],[-59.983,2.93],[-59.993,2.786],[-59.991,2.687],[-59.957,2.61],[-59.971,2.594],[-59.928,2.57],[-59.937,2.553],[-59.896,2.482],[-59.889,2.425],[-59.907,2.388],[-59.896,2.362],[-59.871,2.36],[-59.842,2.32],[-59.828,2.329],[-59.786,2.284],[-59.739,2.292],[-59.722,2.277],[-59.741,2.163],[-59.721,2.104],[-59.741,2.069],[-59.72,2.028],[-59.759,1.9],[-59.752,1.859],[-59.735,1.848],[-59.692,1.854],[-59.678,1.839],[-59.662,1.87],[-59.654,1.817],[-59.679,1.807],[-59.69,1.756],[-59.666,1.755],[-59.663,1.737],[-59.633,1.741],[-59.617,1.715],[-59.567,1.736],[-59.538,1.722],[-59.511,1.669],[-59.493,1.673],[-59.483,1.627],[-59.448,1.619],[-59.423,1.556],[-59.396,1.555],[-59.383,1.508],[-59.33,1.514],[-59.327,1.464],[-59.287,1.453],[-59.283,1.41],[-59.253,1.388],[-59.049,1.323],[-58.994,1.327],[-58.979,1.302],[-58.919,1.317],[-58.922,1.29],[-58.887,1.26],[-58.912,1.238],[-58.895,1.228],[-58.895,0.264],[-60.038,0.264],[-60.059,0.163],[-60.11,0.135],[-60.134,0.103],[-60.118,0.081],[-60.14,0.045],[-60.133,0.028],[-60.212,-0.039],[-60.239,-0.112],[-60.221,-0.142],[-60.269,-0.177],[-60.281,-0.21],[-60.303,-0.21],[-60.297,-0.25],[-60.31,-0.264],[-60.293,-0.295],[-60.304,-0.325],[-60.324,-0.333],[-60.327,-0.381],[-60.352,-0.407],[-60.345,-0.435],[-60.383,-0.459],[-60.406,-0.515],[-60.377,-0.57],[-60.389,-0.574],[-60.382,-0.588],[-60.368,-0.582],[-60.354,-0.617],[-60.315,-0.636],[-60.308,-0.711],[-60.347,-0.74],[-60.374,-0.732],[-60.385,-0.754],[-60.418,-0.757],[-60.426,-0.771],[-60.475,-0.762],[-60.498,-0.781],[-60.493,-0.811],[-60.519,-0.826],[-60.503,-0.841],[-60.536,-0.869],[-60.586,-0.843],[-60.596,-0.866],[-60.621,-0.852],[-60.668,-0.888],[-60.684,-0.865],[-60.736,-0.866],[-60.729,-0.853],[-60.762,-0.863],[-60.77,-0.801],[-60.756,-0.791],[-60.788,-0.783],[-60.771,-0.756],[-60.806,-0.74],[-60.807,-0.694],[-60.855,-0.686],[-60.862,-0.645],[-60.895,-0.644],[-60.92,-0.62],[-60.931,-0.55],[-60.984,-0.562],[-61.057,-0.544],[-61.07,-0.513],[-61.098,-0.499],[-61.158,-0.498],[-61.169,-0.516],[-61.223,-0.5],[-61.234,-0.562],[-61.302,-0.575],[-61.434,-0.633],[-61.432,-0.654],[-61.465,-0.66],[-61.485,-0.717],[-61.538,-0.764],[-61.549,-0.804],[-61.538,-0.848],[-61.583,-0.937],[-61.579,-0.983],[-61.543,-0.993],[-61.559,-1.011],[-61.543,-1.062],[-61.578,-1.08],[-61.566,-1.1],[-61.58,-1.111],[-61.566,-1.129],[-61.581,-1.157],[-61.571,-1.183],[-61.629,-1.301],[-61.582,-1.353],[-61.619,-1.395],[-61.582,-1.41],[-61.574,-1.429],[-61.538,-1.433],[-61.516,-1.502],[-61.473,-1.528],[-61.483,-1.581],[-61.624,-1.439],[-61.79,-1.379],[-61.827,-1.402],[-61.897,-1.395],[-62.032,-1.126],[-62.062,-1.1],[-62.1,-1.097],[-62.126,-1.037],[-62.2,-1.0],[-62.204,-0.983],[-62.259,-0.976],[-62.272,-0.952],[-62.294,-0.948],[-62.376,-0.866],[-62.376,-0.836],[-62.396,-0.82],[-62.448,-0.81],[-62.466,-0.789],[-62.481,-0.795],[-62.51,-0.759],[-62.495,-0.751],[-62.508,-0.714],[-62.487,-0.681],[-62.427,-0.69],[-62.403,-0.722],[-62.357,-0.702],[-62.37,-0.668],[-62.342,-0.673],[-62.327,-0.653],[-62.293,-0.648],[-62.289,-0.622],[-62.302,-0.615],[-62.291,-0.598],[-62.318,-0.545],[-62.3,-0.529],[-62.307,-0.508],[-62.285,-0.493],[-62.285,-0.472],[-62.267,-0.469],[-62.28,-0.443],[-62.226,-0.421],[-62.202,-0.387],[-62.208,-0.368],[-62.187,-0.326],[-62.219,-0.306],[-62.231,-0.316],[-62.248,-0.296],[-62.242,-0.17],[-62.32,-0.096],[-62.315,-0.069],[-62.331,-0.055],[-62.313,-0.047],[-62.337,0.022],[-62.422,0.098],[-62.429,0.174],[-62.453,0.207],[-62.468,0.276],[-62.467,0.333],[-62.446,0.379],[-62.485,0.454],[-62.519,0.444],[-62.533,0.509],[-62.518,0.584],[-62.533,0.701],[-62.458,0.785],[-62.486,0.858],[-62.443,0.959],[-62.478,1.028],[-62.472,1.086],[-62.521,1.084],[-62.541,1.112],[-62.636,1.432],[-62.721,1.489],[-62.736,1.53],[-62.805,1.591],[-62.793,1.635],[-62.724,1.712],[-62.731,1.818],[-62.704,1.874],[-62.706,1.94],[-62.839,2.016],[-62.948,2.031],[-63.024,2.015],[-63.054,2.029],[-63.12,2.096],[-63.146,2.173],[-63.194,2.181],[-63.276,2.154],[-63.36,2.197],[-63.401,2.246],[-63.401,2.297],[-63.425,2.357],[-63.395,2.407],[-63.407,2.436],[-63.477,2.439],[-63.656,2.394],[-63.751,2.387],[-64.001,2.478],[-64.021,2.467],[-64.056,2.498],[-64.044,2.573],[-64.029,2.576],[-63.985,2.649],[-63.986,2.686],[-64.004,2.707],[-63.983,2.717],[-64.0,2.74],[-63.994,2.77],[-64.009,2.778],[-64.013,2.819],[-64.058,2.85],[-64.072,2.938],[-64.111,2.96],[-64.131,3.004],[-64.236,3.117],[-64.209,3.194],[-64.241,3.315],[-64.234,3.384],[-64.255,3.411],[-64.24,3.443],[-64.184,3.489],[-64.186,3.56],[-64.276,3.661],[-64.289,3.7],[-64.429,3.78],[-64.489,3.79],[-64.568,3.882],[-64.58,3.928],[-64.674,4.005],[-64.732,4.12],[-64.811,4.175],[-64.825,4.244],[-64.789,4.287],[-64.7,4.25],[-64.659,4.212],[-64.627,4.139],[-64.561,4.102],[-64.432,4.135],[-64.336,4.129],[-64.276,4.144],[-64.266,4.126],[-64.213,4.115],[-64.168,4.128],[-64.113,4.091],[-64.097,4.025],[-64.051,3.95],[-64.002,3.933],[-63.997,3.904],[-63.979,3.9],[-63.966,3.868],[-63.928,3.925],[-63.85,3.95],[-63.797,3.933],[-63.755,3.94],[-63.713,3.903],[-63.683,3.907],[-63.663,3.922],[-63.701,3.944],[-63.683,4.019],[-63.592,3.928],[-63.592,3.885],[-63.555,3.891],[-63.552,3.865],[-63.497,3.84],[-63.503,3.868],[-63.491,3.874],[-63.435,3.865],[-63.439,3.883],[-63.412,3.913],[-63.418,3.935],[-63.452,3.955],[-63.429,3.977],[-63.393,3.98],[-63.339,3.957],[-63.311,3.961],[-63.311,3.982],[-63.281,3.955],[-63.208,3.952],[-63.234,3.882],[-63.227,3.835],[-63.204,3.812],[-63.103,3.793],[-63.059,3.747],[-63.064,3.705],[-63.081,3.693],[-63.032,3.666],[-62.991,3.612],[-62.96,3.608],[-62.919,3.672],[-62.887,3.684],[-62.836,3.739],[-62.804,3.73],[-62.744,3.673],[-62.731,3.708],[-62.744,3.787],[-62.729,3.805],[-62.771,3.834],[-62.754,3.85],[-62.789,3.893],[-62.787,3.929],[-62.743,3.972],[-62.769,4.006],[-62.749,4.035],[-62.61,4.044],[-62.558,4.016],[-62.562,4.038],[-62.533,4.047],[-62.542,4.079],[-62.559,4.08],[-62.545,4.098],[-62.553,4.109],[-62.523,4.118],[-62.532,4.136],[-62.508,4.127],[-62.499,4.142],[-62.464,4.139],[-62.466,4.175],[-62.438,4.183],[-62.354,4.165],[-62.33,4.135],[-62.292,4.141],[-62.197,4.113],[-62.146,4.074],[-62.113,4.089],[-62.117,4.117],[-62.072,4.125],[-62.077,4.154],[-62.029,4.15],[-61.981,4.18],[-61.975,4.151],[-61.931,4.103],[-61.923,4.156],[-61.873,4.151],[-61.875,4.17],[-61.853,4.174],[-61.824,4.164],[-61.802,4.228],[-61.764,4.232],[-61.775,4.25],[-61.724,4.269],[-61.724,4.244],[-61.666,4.263],[-61.639,4.237],[-61.608,4.261],[-61.591,4.244],[-61.559,4.253],[-61.508,4.32],[-61.527,4.342],[-61.514,4.405],[-61.448,4.439],[-61.441,4.424],[-61.422,4.434],[-61.342,4.42],[-61.319,4.43],[-61.313,4.458],[-61.288,4.457],[-61.279,4.478],[-61.323,4.505],[-61.323,4.535],[-61.276,4.528],[-61.269,4.54],[-61.253,4.522],[-61.244,4.534],[-61.22,4.523],[-61.217,4.535],[-61.147,4.482],[-61.095,4.522],[-60.996,4.517],[-60.984,4.542],[-60.958,4.55],[-60.956,4.584],[-60.932,4.586],[-60.95,4.653],[-60.917,4.665],[-60.902,4.715],[-60.853,4.704],[-60.807,4.748],[-60.744,4.76],[-60.659,4.849],[-60.652,4.885],[-60.629,4.889],[-60.616,4.918],[-60.59,4.931],[-60.599,4.999],[-60.645,5.059],[-60.641,5.11],[-60.656,5.114],[-60.657,5.156],[-60.687,5.194],[-60.735,5.2],[-60.723,5.22],[-60.652,5.23],[-60.595,5.22],[-60.569,5.196],[-60.452,5.203],[-60.434,5.181],[-60.414,5.214],[-60.384,5.222],[-60.367,5.204],[-60.328,5.205],[-60.264,5.251],[-60.201,5.264]]]}},{"type":"Feature","properties":{"codigo_area_atuacao":"C.077.SP.1999","sigla":"ESS","num_municipios":85,"populacao_estimada_2018":1769219,"area_km2":32405.51840442,"tipo_outorga":"CONCESSIONÁRIA","uf":"SP","regiao":"SUDESTE","num_unidades_consumidoras":827430,"cnpj":"07.282.377/0001-20","razao_social":"ENERGISA SUL-SUDESTE - DISTRIBUIDORA DE ENERGIA S.A.","ato_legal":"ECT 013/1999-6 de 10/07/2017","inicio_vigencia_epoch_ms":1483239600000,"cnpj_digits":"07282377000120","subsystem_id":"SE/CO","subsystem_mapping_method":"GEOGRAPHIC_REGION_PROXY_MVP"},"geometry":{"type":"MultiPolygon","coordinates":[[[[-51.054,-21.405],[-51.005,-21.438],[-50.925,-21.441],[-50.899,-21.491],[-50.866,-21.499],[-50.87,-21.525],[-50.816,-21.54],[-50.818,-21.563],[-50.778,-21.543],[-50.769,-21.554],[-50.782,-21.567],[-50.708,-21.577],[-50.652,-21.624],[-50.647,-21.651],[-50.632,-21.657],[-50.623,-21.643],[-50.621,-21.661],[-50.601,-21.658],[-50.55,-21.703],[-50.496,-21.715],[-50.464,-21.706],[-50.457,-21.687],[-50.362,-21.726],[-50.349,-21.71],[-50.308,-21.715],[-50.33,-21.753],[-50.33,-21.794],[-50.362,-21.828],[-50.359,-21.854],[-50.405,-21.859],[-50.413,-21.901],[-50.393,-21.913],[-50.424,-21.985],[-50.505,-22.023],[-50.487,-22.048],[-50.512,-22.059],[-50.483,-22.079],[-50.521,-22.111],[-50.469,-22.166],[-50.255,-22.213],[-50.224,-22.242],[-50.214,-22.233],[-50.154,-22.253],[-50.126,-22.287],[-50.142,-22.331],[-50.098,-22.364],[-50.129,-22.418],[-50.106,-22.416],[-50.069,-22.493],[-50.088,-22.491],[-50.107,-22.519],[-50.124,-22.511],[-50.118,-22.558],[-50.139,-22.574],[-50.093,-22.636],[-50.107,-22.679],[-50.038,-22.725],[-50.021,-22.749],[-50.026,-22.777],[-50.01,-22.784],[-49.972,-22.685],[-49.914,-22.664],[-49.894,-22.673],[-49.891,-22.7],[-49.871,-22.7],[-49.848,-22.726],[-49.837,-22.765],[-49.886,-22.814],[-49.878,-22.875],[-49.897,-22.92],[-49.932,-22.929],[-49.962,-22.961],[-49.974,-22.954],[-49.964,-22.918],[-49.989,-22.897],[-49.995,-22.93],[-50.048,-22.902],[-50.067,-22.928],[-50.238,-22.954],[-50.273,-22.931],[-50.336,-22.95],[-50.379,-22.905],[-50.419,-22.914],[-50.43,-22.946],[-50.506,-22.945],[-50.54,-22.912],[-50.577,-22.904],[-50.609,-22.924],[-50.662,-22.895],[-50.713,-22.956],[-50.796,-22.951],[-50.806,-22.94],[-50.793,-22.894],[-50.889,-22.797],[-50.941,-22.805],[-50.972,-22.782],[-51.006,-22.794],[-51.058,-22.766],[-51.15,-22.755],[-51.228,-22.716],[-51.265,-22.668],[-51.298,-22.674],[-51.28,-22.642],[-51.272,-22.499],[-51.219,-22.356],[-51.267,-22.329],[-51.352,-22.324],[-51.356,-22.258],[-51.401,-22.201],[-51.476,-22.198],[-51.519,-22.257],[-51.621,-22.285],[-51.62,-22.32],[-51.636,-22.297],[-51.712,-22.352],[-51.771,-22.321],[-51.789,-22.361],[-51.838,-22.358],[-51.791,-22.269],[-51.757,-22.269],[-51.754,-22.234],[-51.772,-22.217],[-51.738,-22.18],[-51.765,-22.173],[-51.772,-22.191],[-51.809,-22.177],[-51.822,-22.151],[-51.874,-22.177],[-51.884,-22.123],[-51.863,-22.036],[-52.023,-21.948],[-52.039,-22.024],[-52.03,-22.048],[-52.11,-21.981],[-52.189,-22.046],[-52.174,-22.083],[-52.208,-22.15],[-52.227,-22.161],[-52.221,-22.196],[-52.244,-22.197],[-52.224,-22.222],[-52.228,-22.264],[-52.268,-22.253],[-52.285,-22.273],[-52.298,-22.252],[-52.419,-22.186],[-52.456,-22.185],[-52.355,-22.077],[-52.301,-21.942],[-52.191,-21.846],[-52.161,-21.771],[-52.104,-21.746],[-52.076,-21.715],[-52.05,-21.643],[-52.103,-21.559],[-52.066,-21.505],[-52.0,-21.517],[-51.962,-21.493],[-51.966,-21.526],[-51.946,-21.527],[-51.944,-21.546],[-51.882,-21.583],[-51.831,-21.58],[-51.78,-21.607],[-51.714,-21.596],[-51.7,-21.633],[-51.668,-21.633],[-51.606,-21.681],[-51.538,-21.684],[-51.457,-21.742],[-51.374,-21.74],[-51.343,-21.775],[-51.29,-21.722],[-51.27,-21.743],[-51.227,-21.739],[-51.248,-21.796],[-51.224,-21.829],[-51.2,-21.823],[-51.157,-21.865],[-51.096,-21.839],[-51.113,-21.801],[-51.092,-21.766],[-51.137,-21.758],[-51.126,-21.743],[-51.179,-21.687],[-51.163,-21.662],[-51.11,-21.647],[-51.08,-21.615],[-51.109,-21.53],[-51.087,-21.431],[-51.054,-21.405]]],[[[-51.242,-25.024],[-51.255,-25.056],[-51.234,-25.06],[-51.245,-25.071],[-51.225,-25.08],[-51.246,-25.107],[-51.235,-25.121],[-51.254,-25.128],[-51.223,-25.136],[-51.232,-25.155],[-51.176,-25.177],[-51.2,-25.205],[-51.215,-25.203],[-51.203,-25.219],[-51.189,-25.212],[-51.158,-25.232],[-51.205,-25.232],[-51.177,-25.25],[-51.192,-25.255],[-51.188,-25.272],[-51.201,-25.267],[-51.199,-25.299],[-51.226,-25.297],[-51.195,-25.332],[-51.17,-25.329],[-51.17,-25.351],[-51.153,-25.353],[-51.163,-25.341],[-51.146,-25.325],[-51.14,-25.347],[-51.115,-25.35],[-51.137,-25.347],[-51.135,-25.368],[-51.157,-25.369],[-51.159,-25.382],[-51.139,-25.378],[-51.138,-25.393],[-51.171,-25.412],[-51.127,-25.411],[-51.154,-25.438],[-51.126,-25.433],[-51.124,-25.454],[-51.109,-25.426],[-51.09,-25.448],[-51.112,-25.474],[-51.152,-25.485],[-51.17,-25.47],[-51.197,-25.486],[-51.226,-25.462],[-51.293,-25.479],[-51.346,-25.453],[-51.369,-25.464],[-51.335,-25.497],[-51.342,-25.525],[-51.294,-25.554],[-51.269,-25.552],[-51.271,-25.592],[-51.296,-25.637],[-51.325,-25.624],[-51.373,-25.629],[-51.382,-25.642],[-51.398,-25.625],[-51.428,-25.661],[-51.481,-25.662],[-51.494,-25.682],[-51.511,-25.661],[-51.498,-25.631],[-51.476,-25.63],[-51.488,-25.608],[-51.498,-25.625],[-51.513,-25.612],[-51.522,-25.627],[-51.551,-25.62],[-51.592,-25.659],[-51.63,-25.594],[-51.643,-25.616],[-51.654,-25.599],[-51.702,-25.593],[-51.706,-25.616],[-51.755,-25.598],[-51.751,-25.61],[-51.767,-25.613],[-51.781,-25.603],[-51.771,-25.589],[-51.795,-25.6],[-51.793,-25.573],[-51.819,-25.538],[-51.79,-25.542],[-51.776,-25.517],[-51.788,-25.506],[-51.753,-25.473],[-51.754,-25.452],[-51.771,-25.444],[-51.761,-25.421],[-51.788,-25.408],[-51.758,-25.382],[-51.766,-25.36],[-51.74,-25.301],[-51.801,-25.327],[-51.862,-25.313],[-52.009,-25.365],[-52.023,-25.336],[-51.98,-25.295],[-51.967,-25.317],[-51.943,-25.316],[-51.939,-25.302],[-51.931,-25.314],[-51.91,-25.306],[-51.912,-25.287],[-51.897,-25.278],[-51.882,-25.289],[-51.862,-25.268],[-51.886,-25.253],[-51.873,-25.222],[-51.787,-25.233],[-51.746,-25.202],[-51.711,-25.23],[-51.653,-25.221],[-51.656,-25.2],[-51.638,-25.192],[-51.657,-25.168],[-51.671,-25.094],[-51.607,-25.123],[-51.621,-25.159],[-51.559,-25.177],[-51.445,-25.14],[-51.399,-25.144],[-51.391,-25.114],[-51.294,-25.108],[-51.304,-25.073],[-51.29,-25.058],[-51.269,-25.072],[-51.289,-25.042],[-51.265,-25.034],[-51.282,-25.02],[-51.254,-25.021],[-51.244,-24.97],[-51.242,-25.024]]],[[[-46.024,-22.374],[-46.006,-22.408],[-45.919,-22.408],[-45.925,-22.479],[-45.957,-22.528],[-45.941,-22.543],[-45.963,-22.617],[-45.932,-22.647],[-45.959,-22.691],[-45.921,-22.72],[-45.97,-22.752],[-45.96,-22.858],[-46.008,-22.89],[-46.095,-22.894],[-46.139,-22.923],[-46.154,-22.912],[-46.137,-22.891],[-46.145,-22.857],[-46.238,-22.894],[-46.267,-22.876],[-46.296,-22.898],[-46.316,-22.887],[-46.377,-22.939],[-46.395,-22.938],[-46.427,-23.042],[-46.446,-23.03],[-46.46,-23.052],[-46.504,-23.026],[-46.536,-23.026],[-46.566,-23.046],[-46.579,-23.018],[-46.624,-23.006],[-46.637,-23.019],[-46.663,-22.998],[-46.702,-23.01],[-46.721,-22.968],[-46.67,-22.929],[-46.682,-22.93],[-46.681,-22.886],[-46.704,-22.879],[-46.721,-22.895],[-46.729,-22.853],[-46.76,-22.858],[-46.756,-22.824],[-46.729,-22.817],[-46.721,-22.784],[-46.639,-22.753],[-46.616,-22.758],[-46.622,-22.723],[-46.482,-22.723],[-46.47,-22.694],[-46.48,-22.678],[-46.393,-22.663],[-46.396,-22.646],[-46.425,-22.634],[-46.405,-22.621],[-46.424,-22.599],[-46.412,-22.586],[-46.434,-22.575],[-46.406,-22.541],[-46.439,-22.541],[-46.461,-22.512],[-46.419,-22.469],[-46.431,-22.455],[-46.423,-22.399],[-46.378,-22.374],[-46.301,-22.412],[-46.282,-22.381],[-46.272,-22.424],[-46.252,-22.438],[-46.283,-22.516],[-46.193,-22.501],[-46.16,-22.52],[-46.134,-22.513],[-46.085,-22.448],[-46.097,-22.394],[-46.076,-22.391],[-46.069,-22.409],[-46.047,-22.363],[-46.024,-22.374]]],[[[-49.074,-20.811],[-49.016,-20.854],[-48.984,-20.848],[-48.942,-20.883],[-48.909,-20.882],[-48.908,-20.918],[-48.861,-20.978],[-48.858,-21.008],[-48.817,-21.035],[-48.884,-21.111],[-48.919,-21.113],[-48.917,-21.168],[-48.972,-21.202],[-48.967,-21.244],[-49.011,-21.253],[-48.994,-21.286],[-48.967,-21.267],[-48.921,-21.296],[-48.923,-21.345],[-48.9,-21.371],[-48.948,-21.399],[-48.949,-21.426],[-48.981,-21.416],[-49.0,-21.486],[-48.963,-21.547],[-48.972,-21.675],[-48.934,-21.66],[-48.912,-21.674],[-48.961,-21.701],[-49.0,-21.692],[-49.084,-21.756],[-49.108,-21.749],[-49.138,-21.708],[-49.162,-21.648],[-49.206,-21.655],[-49.217,-21.673],[-49.266,-21.664],[-49.312,-21.616],[-49.338,-21.548],[-49.425,-21.54],[-49.495,-21.494],[-49.587,-21.376],[-49.639,-21.352],[-49.696,-21.363],[-49.699,-21.338],[-49.727,-21.346],[-49.746,-21.312],[-49.744,-21.295],[-49.724,-21.302],[-49.711,-21.288],[-49.726,-21.256],[-49.681,-21.224],[-49.682,-21.173],[-49.611,-21.12],[-49.576,-21.115],[-49.559,-21.027],[-49.501,-20.943],[-49.446,-20.985],[-49.464,-21.04],[-49.459,-21.087],[-49.496,-21.138],[-49.461,-21.16],[-49.461,-21.177],[-49.435,-21.192],[-49.384,-21.175],[-49.382,-21.152],[-49.351,-21.16],[-49.327,-21.129],[-49.231,-21.124],[-49.19,-21.138],[-49.186,-21.167],[-49.153,-21.185],[-49.133,-21.156],[-49.137,-21.135],[-49.122,-21.133],[-49.131,-21.045],[-49.106,-21.022],[-49.129,-21.0],[-49.119,-20.993],[-49.133,-20.968],[-49.106,-20.933],[-49.109,-20.903],[-49.091,-20.877],[-49.104,-20.862],[-49.074,-20.811]]]]}},{"type":"Feature","properties":{"codigo_area_atuacao":"C.078.SP.1999","sigla":"CPFL SANTA CRUZ","num_municipios":46,"populacao_estimada_2018":1108556,"area_km2":20249.70885064,"tipo_outorga":"CONCESSIONÁRIA","uf":"SP","regiao":"SUDESTE","num_unidades_consumidoras":473255,"cnpj":"53.859.112/0001-69","razao_social":"COMPANHIA JAGUARI DE ENERGIA","ato_legal":"ECT 015/1999-6 de 22/01/2018","inicio_vigencia_epoch_ms":1514775600000,"cnpj_digits":"53859112000169","subsystem_id":"SE/CO","subsystem_mapping_method":"GEOGRAPHIC_REGION_PROXY_MVP"},"geometry":{"type":"MultiPolygon","coordinates":[[[[-49.638,-22.444],[-49.609,-22.486],[-49.607,-22.535],[-49.566,-22.576],[-49.506,-22.512],[-49.454,-22.568],[-49.444,-22.6],[-49.353,-22.639],[-49.362,-22.655],[-49.336,-22.676],[-49.384,-22.709],[-49.386,-22.763],[-49.367,-22.783],[-49.325,-22.764],[-49.277,-22.772],[-49.249,-22.749],[-49.228,-22.76],[-49.198,-22.722],[-49.174,-22.73],[-49.153,-22.685],[-49.095,-22.667],[-49.092,-22.706],[-49.027,-22.772],[-49.028,-22.835],[-49.014,-22.841],[-48.996,-22.819],[-48.983,-22.841],[-48.95,-22.825],[-48.88,-22.852],[-48.803,-22.845],[-48.787,-22.872],[-48.829,-22.892],[-48.827,-22.91],[-48.852,-22.932],[-48.847,-22.949],[-48.776,-22.966],[-48.761,-22.993],[-48.779,-23.054],[-48.741,-23.09],[-48.751,-23.115],[-48.734,-23.147],[-48.744,-23.166],[-48.735,-23.209],[-48.745,-23.251],[-48.772,-23.266],[-48.774,-23.302],[-48.709,-23.319],[-48.706,-23.341],[-48.647,-23.329],[-48.631,-23.347],[-48.633,-23.398],[-48.656,-23.414],[-48.643,-23.471],[-48.615,-23.491],[-48.63,-23.489],[-48.633,-23.522],[-48.652,-23.538],[-48.622,-23.538],[-48.63,-23.56],[-48.615,-23.562],[-48.609,-23.592],[-48.678,-23.588],[-48.767,-23.614],[-48.781,-23.643],[-48.841,-23.594],[-48.925,-23.626],[-48.978,-23.623],[-49.026,-23.65],[-49.033,-23.678],[-49.133,-23.721],[-49.135,-23.662],[-49.177,-23.649],[-49.222,-23.668],[-49.245,-23.655],[-49.264,-23.628],[-49.244,-23.629],[-49.258,-23.611],[-49.339,-23.55],[-49.318,-23.538],[-49.331,-23.525],[-49.478,-23.54],[-49.44,-23.49],[-49.457,-23.46],[-49.439,-23.438],[-49.448,-23.421],[-49.398,-23.4],[-49.395,-23.356],[-49.468,-23.311],[-49.479,-23.321],[-49.52,-23.307],[-49.525,-23.272],[-49.545,-23.279],[-49.561,-23.259],[-49.624,-23.279],[-49.622,-23.332],[-49.644,-23.363],[-49.686,-23.351],[-49.717,-23.371],[-49.739,-23.364],[-49.75,-23.392],[-49.79,-23.39],[-49.82,-23.407],[-49.801,-23.433],[-49.825,-23.442],[-49.871,-23.378],[-49.865,-23.352],[-49.894,-23.325],[-49.915,-23.33],[-49.911,-23.315],[-49.95,-23.293],[-49.967,-23.255],[-49.956,-23.248],[-49.988,-23.228],[-50.004,-23.234],[-50.03,-23.203],[-50.04,-23.21],[-50.036,-23.193],[-50.055,-23.196],[-50.057,-23.174],[-50.072,-23.198],[-50.072,-23.18],[-50.102,-23.171],[-50.123,-23.184],[-50.137,-23.131],[-50.15,-23.145],[-50.161,-23.124],[-50.201,-23.147],[-50.229,-23.123],[-50.243,-23.134],[-50.234,-23.105],[-50.254,-23.093],[-50.241,-23.072],[-50.133,-23.081],[-50.112,-23.067],[-50.089,-23.089],[-50.051,-23.094],[-50.048,-23.073],[-50.008,-23.057],[-50.006,-23.039],[-49.971,-23.017],[-49.974,-22.954],[-49.952,-22.956],[-49.888,-22.907],[-49.886,-22.814],[-49.837,-22.765],[-49.848,-22.726],[-49.871,-22.7],[-49.891,-22.7],[-49.902,-22.667],[-49.888,-22.641],[-49.885,-22.506],[-49.819,-22.527],[-49.761,-22.504],[-49.705,-22.44],[-49.674,-22.469],[-49.647,-22.437],[-49.638,-22.444]]],[[[-48.291,-23.26],[-48.273,-23.288],[-48.241,-23.28],[-48.211,-23.303],[-48.162,-23.262],[-48.141,-23.266],[-48.103,-23.321],[-48.081,-23.327],[-48.092,-23.355],[-48.053,-23.389],[-48.046,-23.432],[-47.949,-23.408],[-47.932,-23.42],[-47.936,-23.462],[-47.87,-23.446],[-47.847,-23.483],[-47.811,-23.483],[-47.745,-23.576],[-47.765,-23.594],[-47.748,-23.611],[-47.732,-23.602],[-47.729,-23.631],[-47.719,-23.62],[-47.686,-23.64],[-47.682,-23.692],[-47.642,-23.685],[-47.634,-23.708],[-47.665,-23.743],[-47.715,-23.711],[-47.758,-23.741],[-47.783,-23.735],[-47.816,-23.766],[-47.852,-23.751],[-47.864,-23.813],[-47.834,-23.869],[-47.866,-23.88],[-47.877,-23.922],[-47.862,-23.953],[-47.818,-23.953],[-47.814,-23.97],[-47.863,-24.004],[-47.852,-24.022],[-47.872,-24.05],[-47.889,-24.048],[-47.88,-24.06],[-47.906,-24.066],[-47.902,-24.094],[-47.938,-24.099],[-47.951,-24.12],[-47.98,-24.076],[-48.062,-24.014],[-48.084,-24.004],[-48.125,-24.014],[-48.121,-23.965],[-48.167,-23.922],[-48.173,-23.89],[-48.191,-23.887],[-48.191,-23.854],[-48.269,-23.857],[-48.296,-23.825],[-48.322,-23.832],[-48.322,-23.855],[-48.341,-23.855],[-48.331,-23.841],[-48.355,-23.824],[-48.366,-23.836],[-48.375,-23.814],[-48.353,-23.806],[-48.383,-23.791],[-48.38,-23.778],[-48.4,-23.777],[-48.399,-23.762],[-48.372,-23.765],[-48.409,-23.749],[-48.406,-23.736],[-48.389,-23.741],[-48.407,-23.713],[-48.364,-23.66],[-48.382,-23.58],[-48.363,-23.568],[-48.334,-23.577],[-48.329,-23.597],[-48.304,-23.59],[-48.297,-23.565],[-48.273,-23.576],[-48.25,-23.532],[-48.192,-23.496],[-48.227,-23.472],[-48.267,-23.467],[-48.268,-23.45],[-48.294,-23.445],[-48.302,-23.416],[-48.328,-23.433],[-48.371,-23.407],[-48.356,-23.376],[-48.368,-23.344],[-48.387,-23.344],[-48.38,-23.316],[-48.357,-23.287],[-48.335,-23.284],[-48.342,-23.27],[-48.291,-23.26]]],[[[-47.006,-22.634],[-46.987,-22.636],[-46.98,-22.654],[-46.939,-22.658],[-46.944,-22.675],[-46.914,-22.7],[-46.91,-22.687],[-46.88,-22.691],[-46.885,-22.716],[-46.835,-22.776],[-46.837,-22.843],[-46.891,-22.817],[-46.901,-22.767],[-46.957,-22.729],[-46.985,-22.746],[-47.069,-22.73],[-47.101,-22.75],[-47.101,-22.722],[-47.06,-22.698],[-47.079,-22.679],[-47.068,-22.657],[-47.05,-22.646],[-47.041,-22.661],[-47.016,-22.657],[-47.031,-22.619],[-47.015,-22.609],[-47.006,-22.634]]],[[[-47.023,-21.004],[-46.926,-21.067],[-46.905,-21.073],[-46.862,-21.053],[-46.859,-21.077],[-46.811,-21.084],[-46.792,-21.103],[-46.785,-21.152],[-46.804,-21.152],[-46.839,-21.199],[-46.864,-21.253],[-46.862,-21.287],[-46.892,-21.305],[-46.884,-21.336],[-46.873,-21.332],[-46.899,-21.366],[-46.883,-21.374],[-46.894,-21.383],[-46.885,-21.407],[-46.842,-21.389],[-46.831,-21.366],[-46.792,-21.374],[-46.765,-21.36],[-46.759,-21.379],[-46.707,-21.405],[-46.667,-21.361],[-46.648,-21.364],[-46.649,-21.392],[-46.615,-21.441],[-46.577,-21.427],[-46.519,-21.449],[-46.509,-21.489],[-46.523,-21.53],[-46.5,-21.555],[-46.522,-21.585],[-46.518,-21.613],[-46.566,-21.657],[-46.565,-21.679],[-46.622,-21.676],[-46.626,-21.766],[-46.654,-21.779],[-46.691,-21.838],[-46.726,-21.819],[-46.751,-21.834],[-46.77,-21.826],[-46.829,-21.754],[-46.923,-21.814],[-46.963,-21.817],[-46.961,-21.835],[-46.988,-21.848],[-46.982,-21.87],[-47.004,-21.919],[-46.982,-21.968],[-47.008,-21.976],[-47.012,-22.008],[-47.031,-22.011],[-47.037,-21.991],[-47.117,-21.973],[-47.163,-21.988],[-47.195,-21.974],[-47.16,-21.953],[-47.198,-21.908],[-47.186,-21.791],[-47.198,-21.792],[-47.211,-21.756],[-47.241,-21.75],[-47.165,-21.666],[-47.158,-21.63],[-47.124,-21.624],[-47.124,-21.592],[-47.083,-21.549],[-47.105,-21.527],[-47.131,-21.524],[-47.131,-21.494],[-47.199,-21.491],[-47.213,-21.477],[-47.206,-21.464],[-47.221,-21.459],[-47.248,-21.467],[-47.231,-21.422],[-47.219,-21.429],[-47.208,-21.414],[-47.171,-21.313],[-47.145,-21.294],[-47.128,-21.329],[-47.09,-21.297],[-47.095,-21.286],[-47.044,-21.267],[-47.052,-21.247],[-47.077,-21.24],[-47.062,-21.209],[-47.099,-21.214],[-47.119,-21.186],[-47.119,-21.149],[-47.134,-21.133],[-47.113,-21.105],[-47.142,-21.088],[-47.148,-21.035],[-47.108,-21.015],[-47.023,-21.004]]]]}},{"type":"Feature","properties":{"codigo_area_atuacao":"P.019.SC.2008","sigla":"CEJAMA","num_municipios":1,"populacao_estimada_2018":10093,"area_km2":430.70732098,"tipo_outorga":"PERMISSIONÁRIA","uf":"SC","regiao":"SUL","num_unidades_consumidoras":5275,"cnpj":"85.665.990/0001-30","razao_social":"COOPERATIVA DE ELETRICIDADE JACINTO MACHADO","ato_legal":"ECT 21/2008","inicio_vigencia_epoch_ms":1514775600000,"cnpj_digits":"85665990000130","subsystem_id":"S","subsystem_mapping_method":"GEOGRAPHIC_REGION_PROXY_MVP"},"geometry":{"type":"Polygon","coordinates":[[[-49.958,-28.963],[-49.949,-28.925],[-49.893,-28.888],[-49.812,-28.886],[-49.762,-28.917],[-49.768,-28.945],[-49.707,-28.966],[-49.726,-29.003],[-49.699,-29.02],[-49.799,-29.068],[-49.805,-29.084],[-49.822,-29.08],[-49.832,-29.122],[-49.875,-29.094],[-49.915,-29.103],[-49.955,-29.073],[-49.946,-29.056],[-50.004,-29.072],[-49.961,-29.051],[-49.941,-29.022],[-49.966,-29.022],[-49.942,-28.981],[-49.92,-28.979],[-49.958,-28.963]]]}},{"type":"Feature","properties":{"codigo_area_atuacao":"P.043.PR.2018","sigla":"CASTRO-DIS","num_municipios":1,"populacao_estimada_2018":1488,"area_km2":2531.52092296,"tipo_outorga":"PERMISSIONÁRIA","uf":"PR","regiao":"SUL","num_unidades_consumidoras":618,"cnpj":"30.460.297/0001-39","razao_social":"COOPERATIVA DE DISTRIBUIÇÃO DE ENERGIA ELÉTRICA DE CASTRO","ato_legal":"ECT 06/2018","inicio_vigencia_epoch_ms":1546311600000,"cnpj_digits":"30460297000139","subsystem_id":"S","subsystem_mapping_method":"GEOGRAPHIC_REGION_PROXY_MVP"},"geometry":{"type":"Polygon","coordinates":[[[-50.171,-24.761],[-50.246,-24.765],[-50.158,-24.691],[-50.19,-24.653],[-50.156,-24.63],[-50.179,-24.604],[-50.159,-24.592],[-50.185,-24.564],[-50.135,-24.541],[-50.08,-24.604],[-49.993,-24.646],[-49.969,-24.611],[-49.94,-24.626],[-49.911,-24.584],[-49.881,-24.569],[-49.874,-24.588],[-49.843,-24.591],[-49.826,-24.609],[-49.817,-24.594],[-49.732,-24.611],[-49.674,-24.604],[-49.629,-24.681],[-49.573,-24.668],[-49.53,-24.716],[-49.567,-24.797],[-49.538,-24.818],[-49.499,-24.905],[-49.529,-24.909],[-49.549,-24.941],[-49.573,-24.94],[-49.602,-24.987],[-49.617,-24.98],[-49.639,-25.008],[-49.668,-24.999],[-49.712,-25.022],[-49.705,-25.03],[-49.724,-25.044],[-49.767,-25.041],[-49.788,-25.058],[-49.802,-25.048],[-49.808,-25.07],[-49.833,-25.038],[-49.874,-25.034],[-49.919,-25.065],[-49.958,-25.069],[-49.973,-25.065],[-49.979,-25.021],[-49.959,-25.013],[-49.94,-24.946],[-49.98,-24.943],[-49.992,-24.915],[-50.009,-24.919],[-50.033,-24.873],[-50.074,-24.854],[-50.067,-24.838],[-50.093,-24.808],[-50.146,-24.813],[-50.149,-24.783],[-50.171,-24.761]]]}},{"type":"Feature","properties":{"codigo_area_atuacao":"P.045.SC.2018","sigla":"CEGERO","num_municipios":1,"populacao_estimada_2018":13165,"area_km2":107.68826321,"tipo_outorga":"PERMISSIONÁRIA","uf":"SC","regiao":"SUL","num_unidades_consumidoras":6171,"cnpj":"86.444.163/0001-89","razao_social":"COOPERATIVA DE ELETRICIDADE DE SÃO LUDGERO","ato_legal":"ECT 08/2018, REH 330/2006","inicio_vigencia_epoch_ms":1546311600000,"cnpj_digits":"86444163000189","subsystem_id":"S","subsystem_mapping_method":"GEOGRAPHIC_REGION_PROXY_MVP"},"geometry":{"type":"Polygon","coordinates":[[[-49.213,-28.334],[-49.226,-28.297],[-49.202,-28.288],[-49.159,-28.299],[-49.156,-28.318],[-49.125,-28.319],[-49.101,-28.363],[-49.138,-28.414],[-49.157,-28.401],[-49.181,-28.414],[-49.198,-28.38],[-49.224,-28.381],[-49.213,-28.334]]]}},{"type":"Feature","properties":{"codigo_area_atuacao":"P.041.RS.2018","sigla":"CERFOX","num_municipios":1,"populacao_estimada_2018":10357,"area_km2":583.46925883,"tipo_outorga":"PERMISSIONÁRIA","uf":"RS","regiao":"SUL","num_unidades_consumidoras":15719,"cnpj":"97.505.838/0001-79","razao_social":"COOPERATIVA DE DISTRIBUIÇÃO DE ENERGIA FONTOURA XAVIER","ato_legal":"ECT 04/2018, REA 7208/2018","inicio_vigencia_epoch_ms":1546311600000,"cnpj_digits":"97505838000179","subsystem_id":"S","subsystem_mapping_method":"GEOGRAPHIC_REGION_PROXY_MVP"},"geometry":{"type":"Polygon","coordinates":[[[-52.318,-28.874],[-52.279,-28.887],[-52.289,-28.896],[-52.261,-28.933],[-52.261,-28.96],[-52.227,-28.972],[-52.232,-28.999],[-52.214,-29.011],[-52.23,-29.018],[-52.215,-29.027],[-52.226,-29.038],[-52.304,-29.004],[-52.334,-29.022],[-52.337,-29.059],[-52.283,-29.128],[-52.292,-29.164],[-52.342,-29.141],[-52.427,-29.157],[-52.478,-29.106],[-52.475,-29.086],[-52.499,-29.077],[-52.488,-29.056],[-52.504,-28.95],[-52.486,-28.938],[-52.498,-28.918],[-52.487,-28.902],[-52.404,-28.881],[-52.318,-28.874]]]}},{"type":"Feature","properties":{"codigo_area_atuacao":"P.046.SC.2018","sigla":"CERSAD","num_municipios":1,"populacao_estimada_2018":1843,"area_km2":374.20799847,"tipo_outorga":"PERMISSIONÁRIA","uf":"SC","regiao":"SUL","num_unidades_consumidoras":1257,"cnpj":"11.615.872/0001-80","razao_social":"COOPERATIVA DE DISTRIBUIÇÃO DE ENERGIA ELÉTRICA SALTO DONNER","ato_legal":"ECT 09/2018, REH 1044/2010","inicio_vigencia_epoch_ms":1546311600000,"cnpj_digits":"11615872000180","subsystem_id":"S","subsystem_mapping_method":"GEOGRAPHIC_REGION_PROXY_MVP"},"geometry":{"type":"Polygon","coordinates":[[[-49.554,-26.566],[-49.509,-26.576],[-49.507,-26.599],[-49.486,-26.611],[-49.502,-26.655],[-49.448,-26.715],[-49.447,-26.759],[-49.518,-26.799],[-49.547,-26.858],[-49.567,-26.784],[-49.644,-26.78],[-49.682,-26.707],[-49.665,-26.693],[-49.618,-26.704],[-49.619,-26.643],[-49.586,-26.625],[-49.58,-26.58],[-49.554,-26.566]]]}},{"type":"Feature","properties":{"codigo_area_atuacao":"P.042.RS.2018","sigla":"CERTHIL","num_municipios":1,"populacao_estimada_2018":10984,"area_km2":423.57078993,"tipo_outorga":"PERMISSIONÁRIA","uf":"RS","regiao":"SUL","num_unidades_consumidoras":8194,"cnpj":"98.042.963/0001-52","razao_social":"COOPERATIVA DE DISTRIBUIÇÃO DE ENERGIA ENTRE RIOS LTDA","ato_legal":"ECT 05/2018, REA 7209/2018","inicio_vigencia_epoch_ms":1546311600000,"cnpj_digits":"98042963000152","subsystem_id":"S","subsystem_mapping_method":"GEOGRAPHIC_REGION_PROXY_MVP"},"geometry":{"type":"Polygon","coordinates":[[[-54.2,-27.591],[-54.201,-27.609],[-54.142,-27.625],[-54.181,-27.623],[-54.181,-27.641],[-54.166,-27.631],[-54.142,-27.643],[-54.164,-27.645],[-54.143,-27.651],[-54.175,-27.667],[-54.163,-27.675],[-54.169,-27.704],[-54.197,-27.731],[-54.168,-27.77],[-54.147,-27.759],[-54.147,-27.74],[-54.135,-27.76],[-54.107,-27.758],[-54.143,-27.775],[-54.119,-27.782],[-54.131,-27.786],[-54.123,-27.799],[-54.193,-27.803],[-54.202,-27.824],[-54.277,-27.821],[-54.294,-27.807],[-54.312,-27.833],[-54.337,-27.821],[-54.364,-27.842],[-54.366,-27.819],[-54.383,-27.82],[-54.357,-27.81],[-54.384,-27.794],[-54.357,-27.774],[-54.372,-27.781],[-54.405,-27.761],[-54.391,-27.749],[-54.416,-27.739],[-54.4,-27.73],[-54.424,-27.725],[-54.421,-27.702],[-54.287,-27.681],[-54.264,-27.631],[-54.2,-27.591]]]}},{"type":"Feature","properties":{"codigo_area_atuacao":"P.048.SP.2018","sigla":"CERVAM","num_municipios":1,"populacao_estimada_2018":9162,"area_km2":244.90815392,"tipo_outorga":"PERMISSIONÁRIA","uf":"SP","regiao":"SUDESTE","num_unidades_consumidoras":4045,"cnpj":"55.188.502/0001-80","razao_social":"COOPERATIVA DE ENERGIZAÇÃO E DE DESENVOLVIMENTO DO VALE DO MOGI","ato_legal":"ECT 11/2018, REH 055/2005","inicio_vigencia_epoch_ms":1546311600000,"cnpj_digits":"55188502000180","subsystem_id":"SE/CO","subsystem_mapping_method":"GEOGRAPHIC_REGION_PROXY_MVP"},"geometry":{"type":"Polygon","coordinates":[[[-47.534,-21.867],[-47.555,-21.837],[-47.543,-21.821],[-47.524,-21.802],[-47.44,-21.785],[-47.444,-21.765],[-47.428,-21.756],[-47.367,-21.779],[-47.335,-21.814],[-47.341,-21.838],[-47.397,-21.858],[-47.393,-21.888],[-47.413,-21.918],[-47.497,-21.918],[-47.512,-21.936],[-47.527,-21.926],[-47.51,-21.881],[-47.534,-21.867]]]}},{"type":"Feature","properties":{"codigo_area_atuacao":"P.047.SC.2018","sigla":"CODESAM","num_municipios":1,"populacao_estimada_2018":3893,"area_km2":387.94256989,"tipo_outorga":"PERMISSIONÁRIA","uf":"SC","regiao":"SUL","num_unidades_consumidoras":1299,"cnpj":"11.810.343/0001-38","razao_social":"COOPERATIVA DE DISTRIBUIÇÃO DE ENERGIA ELÉTRICA SANTA MARIA","ato_legal":"ECT 10/2018","inicio_vigencia_epoch_ms":1546311600000,"cnpj_digits":"11810343000138","subsystem_id":"S","subsystem_mapping_method":"GEOGRAPHIC_REGION_PROXY_MVP"},"geometry":{"type":"Polygon","coordinates":[[[-49.479,-26.649],[-49.449,-26.648],[-49.368,-26.695],[-49.333,-26.735],[-49.328,-26.773],[-49.33,-26.808],[-49.465,-26.94],[-49.547,-26.892],[-49.553,-26.868],[-49.518,-26.799],[-49.447,-26.759],[-49.448,-26.715],[-49.475,-26.698],[-49.472,-26.678],[-49.487,-26.665],[-49.479,-26.649]]]}},{"type":"Feature","properties":{"codigo_area_atuacao":"C.040.SC.1999","sigla":"IENERGIA","num_municipios":8,"populacao_estimada_2018":90253,"area_km2":685.16370728,"tipo_outorga":"CONCESSIONÁRIA","uf":"SC","regiao":"SUL","num_unidades_consumidoras":36873,"cnpj":"83.855.973/0001-30","razao_social":"IGUAÇU DISTRIBUIDORA DE ENERGIA ELÉTRICA LTDA.","ato_legal":"ECT 050/1999 de 28/06/1999","inicio_vigencia_epoch_ms":915159600000,"cnpj_digits":"83855973000130","subsystem_id":"S","subsystem_mapping_method":"GEOGRAPHIC_REGION_PROXY_MVP"},"geometry":{"type":"Polygon","coordinates":[[[-52.473,-26.85],[-52.528,-26.83],[-52.55,-26.795],[-52.589,-26.799],[-52.612,-26.771],[-52.601,-26.763],[-52.623,-26.771],[-52.647,-26.75],[-52.629,-26.743],[-52.637,-26.728],[-52.597,-26.725],[-52.602,-26.702],[-52.617,-26.7],[-52.605,-26.668],[-52.559,-26.671],[-52.576,-26.661],[-52.57,-26.649],[-52.526,-26.661],[-52.543,-26.619],[-52.462,-26.69],[-52.436,-26.658],[-52.397,-26.658],[-52.415,-26.699],[-52.368,-26.726],[-52.386,-26.761],[-52.367,-26.751],[-52.296,-26.888],[-52.323,-26.943],[-52.354,-26.943],[-52.351,-26.969],[-52.37,-26.968],[-52.428,-27.013],[-52.454,-26.996],[-52.48,-26.921],[-52.467,-26.892],[-52.473,-26.85]]]}},{"type":"Feature","properties":{"codigo_area_atuacao":"C.044.PR.1999","sigla":"FORCEL","num_municipios":1,"populacao_estimada_2018":16764,"area_km2":227.89284399,"tipo_outorga":"CONCESSIONÁRIA","uf":"PR","regiao":"SUL","num_unidades_consumidoras":8192,"cnpj":"79.850.574/0001-09","razao_social":"FORÇA E LUZ CORONEL VIVIDA LTDA","ato_legal":"ECT 069/1999 de 26/08/1999","inicio_vigencia_epoch_ms":915159600000,"cnpj_digits":"79850574000109","subsystem_id":"S","subsystem_mapping_method":"GEOGRAPHIC_REGION_PROXY_MVP"},"geometry":{"type":"Polygon","coordinates":[[[-52.6,-25.972],[-52.642,-25.922],[-52.667,-25.93],[-52.686,-25.885],[-52.606,-25.877],[-52.559,-25.927],[-52.475,-25.948],[-52.449,-25.941],[-52.464,-25.975],[-52.537,-25.992],[-52.524,-26.017],[-52.547,-26.006],[-52.565,-26.021],[-52.535,-26.092],[-52.569,-26.102],[-52.591,-26.07],[-52.647,-26.054],[-52.619,-26.024],[-52.637,-26.0],[-52.6,-25.972]]]}},{"type":"Feature","properties":{"codigo_area_atuacao":"P.010.RJ.2008","sigla":"CERES","num_municipios":5,"populacao_estimada_2018":10136,"area_km2":342.39812492,"tipo_outorga":"PERMISSIONÁRIA","uf":"RJ","regiao":"SUDESTE","num_unidades_consumidoras":5562,"cnpj":"31.465.487/0001-01","razao_social":"COOPERATIVA DE ELETRIFICAÇÃO RURAL DE RESENDE LTDA","ato_legal":"ECT 10/2008, REA 1345/2008","inicio_vigencia_epoch_ms":1199156400000,"cnpj_digits":"31465487000101","subsystem_id":"SE/CO","subsystem_mapping_method":"GEOGRAPHIC_REGION_PROXY_MVP"},"geometry":{"type":"MultiPolygon","coordinates":[[[[-44.657,-22.54],[-44.621,-22.51],[-44.623,-22.543],[-44.59,-22.564],[-44.528,-22.5],[-44.503,-22.495],[-44.489,-22.56],[-44.471,-22.558],[-44.511,-22.583],[-44.473,-22.613],[-44.511,-22.637],[-44.538,-22.632],[-44.528,-22.619],[-44.55,-22.605],[-44.575,-22.603],[-44.584,-22.626],[-44.6,-22.609],[-44.638,-22.611],[-44.642,-22.559],[-44.674,-22.561],[-44.679,-22.542],[-44.657,-22.54]]],[[[-44.447,-22.521],[-44.445,-22.503],[-44.404,-22.498],[-44.379,-22.572],[-44.319,-22.592],[-44.403,-22.591],[-44.433,-22.609],[-44.451,-22.582],[-44.447,-22.521]]],[[[-44.505,-22.372],[-44.475,-22.341],[-44.448,-22.347],[-44.425,-22.405],[-44.451,-22.404],[-44.429,-22.388],[-44.457,-22.377],[-44.436,-22.367],[-44.452,-22.351],[-44.528,-22.378],[-44.505,-22.372]]],[[[-44.524,-22.317],[-44.5,-22.299],[-44.5,-22.281],[-44.476,-22.281],[-44.457,-22.227],[-44.418,-22.226],[-44.418,-22.253],[-44.397,-22.259],[-44.413,-22.282],[-44.507,-22.337],[-44.536,-22.33],[-44.524,-22.317]]],[[[-44.557,-22.448],[-44.534,-22.446],[-44.554,-22.43],[-44.552,-22.408],[-44.51,-22.441],[-44.542,-22.457],[-44.557,-22.448]]],[[[-44.577,-22.385],[-44.535,-22.385],[-44.504,-22.407],[-44.568,-22.402],[-44.577,-22.385]]]]}},{"type":"Feature","properties":{"codigo_area_atuacao":"P.006.SP.2008","sigla":"CERMC","num_municipios":2,"populacao_estimada_2018":7051,"area_km2":107.74576189,"tipo_outorga":"PERMISSIONÁRIA","uf":"SP","regiao":"SUDESTE","num_unidades_consumidoras":2779,"cnpj":"52.548.732/0001-14","razao_social":"COOPERATIVA DE ELETRIFICAÇÃO E DESENVOLVIMENTO DA REGIÃO DE MOGI DAS CRUZES","ato_legal":"ECT 06/2008, REA 1347/2008","inicio_vigencia_epoch_ms":1199156400000,"cnpj_digits":"52548732000114","subsystem_id":"SE/CO","subsystem_mapping_method":"GEOGRAPHIC_REGION_PROXY_MVP"},"geometry":{"type":"Polygon","coordinates":[[[-46.236,-23.601],[-46.228,-23.623],[-46.204,-23.622],[-46.198,-23.651],[-46.246,-23.697],[-46.246,-23.757],[-46.28,-23.769],[-46.294,-23.749],[-46.322,-23.745],[-46.326,-23.711],[-46.289,-23.698],[-46.266,-23.716],[-46.283,-23.702],[-46.254,-23.652],[-46.274,-23.622],[-46.27,-23.589],[-46.236,-23.601]]]}},{"type":"Feature","properties":{"codigo_area_atuacao":"P.008.SP.2008","sigla":"CETRIL","num_municipios":2,"populacao_estimada_2018":46163,"area_km2":939.00552495,"tipo_outorga":"PERMISSIONÁRIA","uf":"SP","regiao":"SUDESTE","num_unidades_consumidoras":27993,"cnpj":"49.313.653/0001-10","razao_social":"COOPERATIVA DE ELETRIFICAÇÃO DE IBIÚNA E REGIÃO","ato_legal":"ECT 08/2008, REA 1343/2008","inicio_vigencia_epoch_ms":1199156400000,"cnpj_digits":"49313653000110","subsystem_id":"SE/CO","subsystem_mapping_method":"GEOGRAPHIC_REGION_PROXY_MVP"},"geometry":{"type":"Polygon","coordinates":[[[-47.261,-23.615],[-47.232,-23.617],[-47.225,-23.642],[-47.247,-23.656],[-47.221,-23.693],[-47.17,-23.671],[-47.168,-23.646],[-47.145,-23.661],[-47.133,-23.649],[-47.133,-23.69],[-47.1,-23.708],[-47.11,-23.73],[-47.092,-23.739],[-47.099,-23.775],[-47.016,-23.835],[-47.029,-23.846],[-47.037,-23.835],[-47.116,-23.84],[-47.16,-23.936],[-47.191,-23.928],[-47.2,-23.939],[-47.194,-23.953],[-47.209,-23.965],[-47.189,-23.991],[-47.221,-24.014],[-47.253,-24.023],[-47.253,-24.007],[-47.272,-24.017],[-47.286,-24.006],[-47.355,-24.022],[-47.388,-23.983],[-47.364,-23.914],[-47.376,-23.904],[-47.351,-23.871],[-47.307,-23.857],[-47.304,-23.824],[-47.329,-23.791],[-47.301,-23.787],[-47.296,-23.754],[-47.355,-23.681],[-47.395,-23.659],[-47.411,-23.621],[-47.367,-23.635],[-47.336,-23.612],[-47.312,-23.623],[-47.277,-23.597],[-47.261,-23.615]],[[-47.133,-23.884],[-47.133,-23.884],[-47.133,-23.884],[-47.133,-23.884]],[[-47.193,-23.998],[-47.193,-23.999],[-47.193,-23.998],[-47.193,-23.998]],[[-47.196,-24.001],[-47.196,-24.001],[-47.195,-24.0],[-47.196,-24.001]]]}},{"type":"Feature","properties":{"codigo_area_atuacao":"P.002.SP.2008","sigla":"CEDRI","num_municipios":4,"populacao_estimada_2018":7668,"area_km2":535.92699597,"tipo_outorga":"PERMISSIONÁRIA","uf":"SP","regiao":"SUDESTE","num_unidades_consumidoras":3754,"cnpj":"50.105.865/0001-90","razao_social":"COOPERATIVA DE ELETRIFICAÇÃO E DISTRIBUIÇÃO DA REGIÃO DE ITARIRI","ato_legal":"ECT 02/2008, REA 1349/2008, REH 63/2005, ECT 187/1998, ECT 162/1998","inicio_vigencia_epoch_ms":1199156400000,"cnpj_digits":"50105865000190","subsystem_id":"SE/CO","subsystem_mapping_method":"GEOGRAPHIC_REGION_PROXY_MVP"},"geometry":{"type":"MultiPolygon","coordinates":[[[[-46.799,-23.939],[-46.758,-23.972],[-46.771,-24.008],[-46.681,-23.987],[-46.634,-24.007],[-46.772,-24.067],[-46.751,-24.102],[-46.776,-24.105],[-46.801,-24.146],[-46.831,-24.153],[-46.822,-24.135],[-46.835,-24.114],[-46.842,-24.125],[-46.883,-24.098],[-46.871,-23.979],[-46.799,-23.939]]],[[[-47.083,-24.214],[-47.075,-24.241],[-47.095,-24.264],[-47.083,-24.291],[-47.005,-24.334],[-47.122,-24.367],[-47.237,-24.377],[-47.255,-24.361],[-47.237,-24.359],[-47.237,-24.334],[-47.215,-24.326],[-47.212,-24.306],[-47.186,-24.298],[-47.193,-24.286],[-47.331,-24.315],[-47.321,-24.304],[-47.342,-24.286],[-47.23,-24.283],[-47.201,-24.255],[-47.182,-24.294],[-47.154,-24.294],[-47.174,-24.299],[-47.147,-24.309],[-47.139,-24.34],[-47.149,-24.299],[-47.131,-24.295],[-47.151,-24.291],[-47.151,-24.267],[-47.122,-24.232],[-47.137,-24.221],[-47.083,-24.214]]],[[[-46.995,-24.25],[-46.958,-24.268],[-47.005,-24.277],[-47.054,-24.261],[-47.035,-24.247],[-47.03,-24.214],[-46.988,-24.23],[-46.995,-24.25]]],[[[-47.017,-24.366],[-47.025,-24.381],[-47.035,-24.373],[-47.017,-24.366]]]]}},{"type":"Feature","properties":{"codigo_area_atuacao":"P.004.SP.2008","sigla":"CERIPA","num_municipios":10,"populacao_estimada_2018":25751,"area_km2":2499.6819491,"tipo_outorga":"PERMISSIONÁRIA","uf":"SP","regiao":"SUDESTE","num_unidades_consumidoras":11378,"cnpj":"49.606.312/0001-32","razao_social":"COOPERATIVA DE ELETRIFICAÇÃO RURAL DE ITAÍ-PARANAPANEMA-AVARÉ LTDA","ato_legal":"ECT 04/2008","inicio_vigencia_epoch_ms":1199156400000,"cnpj_digits":"49606312000132","subsystem_id":"SE/CO","subsystem_mapping_method":"GEOGRAPHIC_REGION_PROXY_MVP"},"geometry":{"type":"MultiPolygon","coordinates":[[[[-48.833,-23.598],[-48.96,-23.623],[-48.936,-23.637],[-48.96,-23.69],[-49.0,-23.709],[-49.041,-23.709],[-49.054,-23.686],[-49.135,-23.702],[-49.134,-23.66],[-49.169,-23.63],[-49.157,-23.595],[-49.172,-23.586],[-49.154,-23.589],[-49.155,-23.567],[-49.187,-23.571],[-49.209,-23.556],[-49.155,-23.565],[-49.155,-23.553],[-49.213,-23.547],[-49.192,-23.511],[-49.225,-23.483],[-49.213,-23.461],[-49.219,-23.484],[-49.203,-23.501],[-49.165,-23.45],[-49.153,-23.461],[-49.104,-23.414],[-49.094,-23.432],[-49.08,-23.41],[-49.214,-23.373],[-49.202,-23.312],[-49.217,-23.299],[-49.198,-23.287],[-49.211,-23.246],[-49.081,-23.265],[-49.035,-23.194],[-48.998,-23.168],[-48.996,-23.137],[-48.981,-23.15],[-48.988,-23.176],[-48.971,-23.162],[-48.975,-23.179],[-48.927,-23.202],[-48.924,-23.187],[-48.939,-23.183],[-48.905,-23.168],[-48.906,-23.227],[-48.87,-23.231],[-48.879,-23.204],[-48.827,-23.224],[-48.817,-23.156],[-48.826,-23.139],[-48.844,-23.132],[-48.848,-23.147],[-48.868,-23.134],[-48.812,-23.11],[-48.8,-23.124],[-48.814,-23.151],[-48.798,-23.175],[-48.745,-23.185],[-48.735,-23.209],[-48.752,-23.255],[-48.656,-23.314],[-48.663,-23.333],[-48.703,-23.342],[-48.701,-23.359],[-48.75,-23.377],[-48.732,-23.384],[-48.806,-23.394],[-48.774,-23.302],[-48.805,-23.268],[-48.866,-23.282],[-48.856,-23.372],[-48.827,-23.35],[-48.817,-23.401],[-48.869,-23.425],[-48.834,-23.449],[-48.806,-23.434],[-48.71,-23.474],[-48.63,-23.477],[-48.615,-23.491],[-48.63,-23.489],[-48.633,-23.522],[-48.652,-23.538],[-48.622,-23.538],[-48.63,-23.559],[-48.607,-23.576],[-48.612,-23.593],[-48.678,-23.588],[-48.767,-23.614],[-48.748,-23.63],[-48.751,-23.649],[-48.8,-23.639],[-48.833,-23.598]],[[-49.157,-23.549],[-49.157,-23.549],[-49.156,-23.549],[-49.157,-23.549]],[[-48.993,-23.185],[-48.993,-23.185],[-48.993,-23.185],[-48.993,-23.185]],[[-48.773,-23.266],[-48.772,-23.266],[-48.772,-23.266],[-48.773,-23.266]],[[-48.831,-23.597],[-48.83,-23.597],[-48.83,-23.597],[-48.831,-23.597]],[[-48.985,-23.288],[-48.985,-23.288],[-48.985,-23.288],[-48.985,-23.288]]],[[[-49.311,-23.57],[-49.378,-23.632],[-49.4,-23.537],[-49.324,-23.518],[-49.28,-23.543],[-49.263,-23.508],[-49.252,-23.53],[-49.274,-23.547],[-49.268,-23.561],[-49.242,-23.558],[-49.245,-23.59],[-49.222,-23.588],[-49.228,-23.542],[-49.199,-23.585],[-49.252,-23.598],[-49.221,-23.642],[-49.183,-23.653],[-49.164,-23.715],[-49.181,-23.701],[-49.213,-23.722],[-49.199,-23.741],[-49.226,-23.72],[-49.234,-23.747],[-49.254,-23.74],[-49.235,-23.721],[-49.253,-23.697],[-49.24,-23.68],[-49.291,-23.66],[-49.292,-23.647],[-49.248,-23.646],[-49.264,-23.628],[-49.244,-23.628],[-49.311,-23.57]],[[-49.329,-23.528],[-49.329,-23.528],[-49.329,-23.528],[-49.329,-23.528]],[[-49.324,-23.561],[-49.324,-23.561],[-49.324,-23.561],[-49.324,-23.561]],[[-49.233,-23.708],[-49.233,-23.708],[-49.233,-23.708],[-49.233,-23.708]],[[-49.325,-23.528],[-49.325,-23.529],[-49.325,-23.529],[-49.325,-23.528]],[[-49.177,-23.701],[-49.177,-23.701],[-49.177,-23.7],[-49.177,-23.701]],[[-49.319,-23.568],[-49.319,-23.568],[-49.318,-23.568],[-49.319,-23.568]]]]}},{"type":"Feature","properties":{"codigo_area_atuacao":"P.012.SP.2008","sigla":"CERRP","num_municipios":12,"populacao_estimada_2018":19042,"area_km2":4.42746613,"tipo_outorga":"PERMISSIONÁRIA","uf":"SP","regiao":"SUDESTE","num_unidades_consumidoras":10279,"cnpj":"46.598.678/0001-19","razao_social":"COOPERATIVA DE ELETRIFICAÇÃO E DESENVOLVIMENTO DA REGIÃO DE SÃO JOSÉ DO RIO PRETO-CERRP","ato_legal":"ECT 13/2008, REA 1396/2008","inicio_vigencia_epoch_ms":1199156400000,"cnpj_digits":"46598678000119","subsystem_id":"SE/CO","subsystem_mapping_method":"GEOGRAPHIC_REGION_PROXY_MVP"},"geometry":{"type":"Polygon","coordinates":[[[-49.409,-20.751],[-49.423,-20.763],[-49.433,-20.744],[-49.409,-20.751]]]}},{"type":"Feature","properties":{"codigo_area_atuacao":"P.025.SC.2008","sigla":"CERAL","num_municipios":2,"populacao_estimada_2018":5372,"area_km2":743.48919697,"tipo_outorga":"PERMISSIONÁRIA","uf":"SC","regiao":"SUL","num_unidades_consumidoras":3433,"cnpj":"75.826.404/0001-38","razao_social":"COOPERATIVA DE DISTRIBUIÇÃO DE ENERGIA ELÉTRICA DE ANITÁPOLIS - CERAL","ato_legal":"ECT 27/2008, REA 1649/2008","inicio_vigencia_epoch_ms":1199156400000,"cnpj_digits":"75826404000138","subsystem_id":"S","subsystem_mapping_method":"GEOGRAPHIC_REGION_PROXY_MVP"},"geometry":{"type":"Polygon","coordinates":[[[-49.031,-27.742],[-49.035,-27.824],[-49.007,-27.88],[-49.045,-27.936],[-49.033,-27.955],[-49.049,-27.974],[-49.043,-28.019],[-49.064,-28.041],[-49.057,-28.059],[-49.083,-28.046],[-49.155,-28.089],[-49.191,-28.073],[-49.183,-28.066],[-49.223,-28.021],[-49.28,-28.022],[-49.313,-27.956],[-49.273,-27.856],[-49.194,-27.813],[-49.193,-27.786],[-49.156,-27.743],[-49.126,-27.747],[-49.115,-27.77],[-49.079,-27.751],[-49.052,-27.772],[-49.031,-27.742]]]}},{"type":"Feature","properties":{"codigo_area_atuacao":"P.011.SP.2008","sigla":"CERNHE","num_municipios":7,"populacao_estimada_2018":8666,"area_km2":931.74932017,"tipo_outorga":"PERMISSIONÁRIA","uf":"SP","regiao":"SUDESTE","num_unidades_consumidoras":4310,"cnpj":"53.176.038/0001-86","razao_social":"COOPERATIVA DE ELETRIFICAÇÃO E DESENVOLVIMENTO RURAL DA REGIÃO DE NOVO HORIZONTE","ato_legal":"ECT 12/2008, REA 1395/2008","inicio_vigencia_epoch_ms":1199156400000,"cnpj_digits":"53176038000186","subsystem_id":"SE/CO","subsystem_mapping_method":"GEOGRAPHIC_REGION_PROXY_MVP"},"geometry":{"type":"Polygon","coordinates":[[[-49.396,-21.54],[-49.423,-21.542],[-49.488,-21.501],[-49.547,-21.423],[-49.52,-21.448],[-49.443,-21.429],[-49.414,-21.378],[-49.369,-21.347],[-49.328,-21.35],[-49.321,-21.314],[-49.281,-21.286],[-49.23,-21.313],[-49.22,-21.356],[-49.187,-21.363],[-49.172,-21.412],[-49.081,-21.408],[-49.068,-21.436],[-49.118,-21.515],[-49.149,-21.529],[-49.179,-21.59],[-49.241,-21.622],[-49.216,-21.673],[-49.278,-21.655],[-49.312,-21.616],[-49.338,-21.548],[-49.396,-21.54]]]}},{"type":"Feature","properties":{"codigo_area_atuacao":"P.028.RS.2010","sigla":"CERMISSÕES","num_municipios":25,"populacao_estimada_2018":56054,"area_km2":5702.13968018,"tipo_outorga":"PERMISSIONÁRIA","uf":"RS","regiao":"SUL","num_unidades_consumidoras":27498,"cnpj":"97.081.434/0001-03","razao_social":"COOPERATIVA DE DISTRIBUIÇÃO E GERAÇÃO DE ENERGIA DAS MISSÕES","ato_legal":"ECT 30/2010, REA 2272/2010","inicio_vigencia_epoch_ms":1262314800000,"cnpj_digits":"97081434000103","subsystem_id":"S","subsystem_mapping_method":"GEOGRAPHIC_REGION_PROXY_MVP"},"geometry":{"type":"MultiPolygon","coordinates":[[[[-54.77,-28.186],[-54.735,-28.178],[-54.745,-28.21],[-54.714,-28.206],[-54.703,-28.235],[-54.69,-28.229],[-54.696,-28.2],[-54.674,-28.228],[-54.662,-28.196],[-54.561,-28.236],[-54.584,-28.299],[-54.544,-28.27],[-54.533,-28.278],[-54.54,-28.301],[-54.508,-28.317],[-54.52,-28.288],[-54.509,-28.275],[-54.496,-28.317],[-54.49,-28.292],[-54.462,-28.295],[-54.458,-28.314],[-54.473,-28.31],[-54.484,-28.329],[-54.466,-28.319],[-54.445,-28.34],[-54.433,-28.319],[-54.419,-28.338],[-54.395,-28.314],[-54.394,-28.349],[-54.373,-28.337],[-54.369,-28.35],[-54.389,-28.358],[-54.366,-28.356],[-54.375,-28.436],[-54.463,-28.49],[-54.421,-28.521],[-54.394,-28.567],[-54.434,-28.563],[-54.448,-28.581],[-54.418,-28.6],[-54.441,-28.651],[-54.413,-28.654],[-54.41,-28.668],[-54.35,-28.666],[-54.413,-28.732],[-54.398,-28.726],[-54.392,-28.791],[-54.358,-28.787],[-54.358,-28.889],[-54.33,-28.92],[-54.378,-29.004],[-54.41,-28.922],[-54.435,-28.897],[-54.459,-28.876],[-54.524,-28.871],[-54.547,-28.854],[-54.54,-28.845],[-54.577,-28.838],[-54.575,-28.817],[-54.596,-28.806],[-54.579,-28.805],[-54.593,-28.793],[-54.583,-28.789],[-54.627,-28.769],[-54.61,-28.746],[-54.657,-28.739],[-54.666,-28.716],[-54.714,-28.795],[-54.708,-28.837],[-54.794,-28.875],[-54.844,-28.851],[-54.842,-28.834],[-54.883,-28.843],[-54.897,-28.816],[-54.902,-28.829],[-54.931,-28.826],[-54.996,-28.778],[-55.008,-28.796],[-55.034,-28.798],[-55.044,-28.762],[-55.071,-28.776],[-55.073,-28.761],[-55.112,-28.743],[-55.155,-28.737],[-55.187,-28.762],[-55.192,-28.728],[-55.232,-28.699],[-55.226,-28.666],[-55.253,-28.691],[-55.321,-28.655],[-55.345,-28.667],[-55.356,-28.649],[-55.381,-28.669],[-55.4,-28.649],[-55.437,-28.65],[-55.44,-28.674],[-55.486,-28.662],[-55.493,-28.695],[-55.517,-28.707],[-55.532,-28.686],[-55.55,-28.707],[-55.572,-28.694],[-55.573,-28.676],[-55.591,-28.691],[-55.717,-28.658],[-55.7,-28.626],[-55.733,-28.623],[-55.771,-28.592],[-55.734,-28.573],[-55.679,-28.498],[-55.59,-28.488],[-55.529,-28.458],[-55.5,-28.366],[-55.525,-28.343],[-55.504,-28.331],[-55.479,-28.266],[-55.444,-28.249],[-55.41,-28.295],[-55.384,-28.305],[-55.327,-28.209],[-55.3,-28.23],[-55.286,-28.208],[-55.287,-28.256],[-55.328,-28.251],[-55.314,-28.266],[-55.326,-28.278],[-55.283,-28.278],[-55.282,-28.305],[-55.312,-28.307],[-55.232,-28.308],[-55.22,-28.292],[-55.2,-28.349],[-55.177,-28.353],[-55.209,-28.396],[-55.181,-28.409],[-55.164,-28.397],[-55.162,-28.433],[-55.134,-28.448],[-55.123,-28.479],[-55.1,-28.464],[-55.039,-28.486],[-54.908,-28.498],[-54.905,-28.525],[-54.927,-28.559],[-54.911,-28.562],[-54.916,-28.591],[-54.895,-28.572],[-54.894,-28.587],[-54.874,-28.591],[-54.843,-28.565],[-54.862,-28.588],[-54.846,-28.585],[-54.821,-28.62],[-54.81,-28.612],[-54.805,-28.639],[-54.79,-28.609],[-54.767,-28.619],[-54.771,-28.609],[-54.752,-28.61],[-54.748,-28.594],[-54.705,-28.583],[-54.683,-28.559],[-54.667,-28.439],[-54.587,-28.482],[-54.57,-28.454],[-54.575,-28.411],[-54.537,-28.404],[-54.562,-28.361],[-54.587,-28.389],[-54.598,-28.439],[-54.634,-28.432],[-54.652,-28.417],[-54.651,-28.398],[-54.686,-28.381],[-54.686,-28.344],[-54.699,-28.338],[-54.738,-28.366],[-54.847,-28.362],[-54.866,-28.376],[-54.865,-28.344],[-54.845,-28.336],[-54.876,-28.277],[-54.903,-28.29],[-54.922,-28.266],[-54.959,-28.187],[-54.946,-28.18],[-54.929,-28.201],[-54.899,-28.164],[-54.882,-28.202],[-54.859,-28.187],[-54.856,-28.161],[-54.838,-28.181],[-54.792,-28.189],[-54.779,-28.153],[-54.77,-28.186]]],[[[-54.976,-27.909],[-54.969,-27.935],[-54.939,-27.93],[-54.941,-27.948],[-54.908,-27.95],[-54.921,-27.96],[-54.895,-27.972],[-54.911,-27.991],[-54.861,-27.998],[-54.876,-28.017],[-54.866,-28.01],[-54.866,-28.046],[-54.991,-28.055],[-55.046,-28.003],[-55.073,-28.012],[-55.08,-27.942],[-55.049,-27.942],[-55.049,-27.923],[-55.016,-27.925],[-55.006,-27.908],[-54.976,-27.909]]]]}},{"type":"Feature","properties":{"codigo_area_atuacao":"P.031.RS.2010","sigla":"CERTEL","num_municipios":48,"populacao_estimada_2018":139962,"area_km2":1930.4971632,"tipo_outorga":"PERMISSIONÁRIA","uf":"RS","regiao":"SUL","num_unidades_consumidoras":66568,"cnpj":"09.257.558/0001-21","razao_social":"COOPERATIVA DE DISTRIBUIÇÃO DE ENERGIA TEUTÔNIA","ato_legal":"ECT 33/2010, REA 2386/2010","inicio_vigencia_epoch_ms":1262314800000,"cnpj_digits":"09257558000121","subsystem_id":"S","subsystem_mapping_method":"GEOGRAPHIC_REGION_PROXY_MVP"},"geometry":{"type":"MultiPolygon","coordinates":[[[[-52.196,-29.096],[-52.206,-29.112],[-52.188,-29.128],[-52.186,-29.164],[-52.167,-29.174],[-52.171,-29.209],[-52.121,-29.217],[-52.112,-29.271],[-52.073,-29.27],[-52.058,-29.25],[-52.03,-29.267],[-51.977,-29.234],[-51.947,-29.247],[-51.947,-29.272],[-51.919,-29.292],[-51.955,-29.329],[-51.987,-29.301],[-52.034,-29.329],[-52.037,-29.354],[-52.064,-29.354],[-52.051,-29.381],[-52.033,-29.385],[-52.04,-29.402],[-52.028,-29.412],[-52.126,-29.424],[-52.042,-29.445],[-52.053,-29.484],[-52.179,-29.476],[-52.249,-29.449],[-52.302,-29.398],[-52.384,-29.353],[-52.401,-29.366],[-52.431,-29.341],[-52.462,-29.374],[-52.49,-29.344],[-52.535,-29.329],[-52.519,-29.248],[-52.439,-29.229],[-52.425,-29.147],[-52.408,-29.157],[-52.342,-29.141],[-52.292,-29.164],[-52.29,-29.13],[-52.252,-29.119],[-52.247,-29.102],[-52.196,-29.096]]],[[[-51.632,-29.294],[-51.646,-29.372],[-51.577,-29.382],[-51.562,-29.359],[-51.534,-29.352],[-51.397,-29.352],[-51.404,-29.433],[-51.472,-29.438],[-51.458,-29.453],[-51.455,-29.471],[-51.472,-29.481],[-51.457,-29.496],[-51.48,-29.493],[-51.472,-29.502],[-51.486,-29.51],[-51.494,-29.485],[-51.511,-29.496],[-51.498,-29.505],[-51.521,-29.511],[-51.532,-29.495],[-51.541,-29.504],[-51.574,-29.478],[-51.608,-29.474],[-51.69,-29.488],[-51.691,-29.508],[-51.731,-29.508],[-51.733,-29.524],[-51.81,-29.519],[-51.872,-29.544],[-51.842,-29.424],[-51.803,-29.397],[-51.816,-29.388],[-51.777,-29.388],[-51.768,-29.367],[-51.728,-29.362],[-51.729,-29.334],[-51.702,-29.334],[-51.701,-29.323],[-51.729,-29.316],[-51.693,-29.296],[-51.632,-29.294]]]]}},{"type":"Feature","properties":{"codigo_area_atuacao":"P.030.RS.2010","sigla":"COOPERLUZ","num_municipios":18,"populacao_estimada_2018":31563,"area_km2":1050.94046192,"tipo_outorga":"PERMISSIONÁRIA","uf":"RS","regiao":"SUL","num_unidades_consumidoras":15968,"cnpj":"95.824.322/0001-61","razao_social":"COOPERATIVA DISTRIBUIDORA DE ENERGIA FRONTEIRA NOROESTE","ato_legal":"ECT 32/2010, REA 2403/2010","inicio_vigencia_epoch_ms":1262314800000,"cnpj_digits":"95824322000161","subsystem_id":"S","subsystem_mapping_method":"GEOGRAPHIC_REGION_PROXY_MVP"},"geometry":{"type":"MultiPolygon","coordinates":[[[[-54.825,-27.838],[-54.808,-27.857],[-54.78,-27.841],[-54.78,-27.863],[-54.766,-27.856],[-54.747,-27.871],[-54.702,-27.867],[-54.625,-27.929],[-54.616,-28.012],[-54.738,-28.008],[-54.748,-28.07],[-54.75,-28.043],[-54.816,-28.052],[-54.811,-28.021],[-54.835,-28.023],[-54.837,-28.035],[-54.849,-28.014],[-54.876,-28.017],[-54.861,-27.998],[-54.911,-27.991],[-54.897,-27.965],[-54.921,-27.96],[-54.908,-27.95],[-54.93,-27.94],[-54.941,-27.948],[-54.94,-27.911],[-54.891,-27.91],[-54.892,-27.856],[-54.862,-27.876],[-54.833,-27.872],[-54.825,-27.838]]],[[[-54.778,-27.584],[-54.723,-27.563],[-54.736,-27.583],[-54.699,-27.594],[-54.713,-27.619],[-54.672,-27.617],[-54.685,-27.629],[-54.663,-27.643],[-54.68,-27.651],[-54.656,-27.659],[-54.681,-27.666],[-54.661,-27.673],[-54.679,-27.685],[-54.674,-27.698],[-54.757,-27.723],[-54.784,-27.762],[-54.813,-27.739],[-54.832,-27.742],[-54.837,-27.788],[-54.852,-27.776],[-54.878,-27.785],[-54.92,-27.818],[-54.941,-27.807],[-54.956,-27.821],[-54.948,-27.801],[-54.963,-27.79],[-54.981,-27.787],[-54.988,-27.804],[-54.993,-27.776],[-54.949,-27.779],[-54.907,-27.73],[-54.907,-27.642],[-54.848,-27.621],[-54.81,-27.53],[-54.795,-27.535],[-54.778,-27.584]]],[[[-54.984,-27.906],[-54.978,-27.909],[-54.986,-27.906],[-54.984,-27.906]],[[-55.004,-27.908],[-55.004,-27.909],[-55.004,-27.909],[-55.004,-27.908]]],[[[-54.977,-27.918],[-54.98,-27.915],[-54.976,-27.909],[-54.977,-27.918]]],[[[-54.969,-27.933],[-54.966,-27.918],[-54.964,-27.922],[-54.969,-27.933]],[[-55.032,-27.924],[-55.032,-27.924],[-55.032,-27.924],[-55.032,-27.924]]],[[[-54.952,-27.936],[-54.953,-27.936],[-54.955,-27.935],[-54.952,-27.936]],[[-54.962,-27.937],[-54.962,-27.937],[-54.962,-27.937],[-54.962,-27.937]]],[[[-54.582,-27.953],[-54.556,-27.981],[-54.513,-27.981],[-54.493,-27.966],[-54.456,-28.007],[-54.461,-28.029],[-54.479,-28.03],[-54.516,-28.073],[-54.534,-28.114],[-54.585,-28.094],[-54.596,-27.945],[-54.582,-27.953]]]]}},{"type":"Feature","properties":{"codigo_area_atuacao":"P.029.RS.2010","sigla":"COPREL","num_municipios":81,"populacao_estimada_2018":115598,"area_km2":4472.20379701,"tipo_outorga":"PERMISSIONÁRIA","uf":"RS","regiao":"SUL","num_unidades_consumidoras":53005,"cnpj":"90.660.754/0001-60","razao_social":"COPREL COOPERATIVA DE ENERGIA","ato_legal":"ECT 31/2010, REA 2245/2010","inicio_vigencia_epoch_ms":1262314800000,"cnpj_digits":"90660754000160","subsystem_id":"S","subsystem_mapping_method":"GEOGRAPHIC_REGION_PROXY_MVP"},"geometry":{"type":"MultiPolygon","coordinates":[[[[-53.239,-28.683],[-53.173,-28.726],[-53.146,-28.699],[-53.03,-28.691],[-53.013,-28.715],[-53.033,-28.729],[-53.035,-28.764],[-53.004,-28.774],[-53.01,-28.758],[-52.985,-28.749],[-52.962,-28.763],[-52.952,-28.753],[-52.963,-28.744],[-52.934,-28.747],[-52.927,-28.778],[-52.938,-28.789],[-52.927,-28.788],[-52.924,-28.81],[-52.967,-28.815],[-52.939,-28.847],[-52.947,-28.875],[-52.963,-28.87],[-52.966,-28.881],[-52.922,-28.922],[-52.937,-28.935],[-53.015,-28.914],[-53.016,-28.947],[-52.953,-28.956],[-52.855,-29.043],[-52.829,-29.031],[-52.803,-29.043],[-52.817,-29.084],[-52.791,-29.118],[-52.841,-29.141],[-52.884,-29.206],[-52.907,-29.203],[-52.904,-29.188],[-52.948,-29.176],[-52.964,-29.154],[-52.987,-29.157],[-52.988,-29.142],[-53.011,-29.139],[-53.017,-29.156],[-53.076,-29.125],[-53.074,-29.079],[-53.14,-29.027],[-53.171,-29.031],[-53.194,-28.987],[-53.213,-28.98],[-53.216,-28.955],[-53.242,-28.968],[-53.259,-28.959],[-53.317,-29.021],[-53.348,-28.998],[-53.341,-28.984],[-53.371,-28.975],[-53.413,-29.007],[-53.416,-29.039],[-53.449,-29.047],[-53.454,-29.093],[-53.462,-29.076],[-53.507,-29.064],[-53.507,-29.034],[-53.53,-29.007],[-53.546,-29.009],[-53.52,-28.986],[-53.527,-28.967],[-53.567,-28.963],[-53.572,-28.941],[-53.547,-28.905],[-53.561,-28.898],[-53.544,-28.887],[-53.586,-28.793],[-53.565,-28.733],[-53.516,-28.774],[-53.464,-28.738],[-53.448,-28.756],[-53.443,-28.744],[-53.429,-28.759],[-53.408,-28.752],[-53.405,-28.78],[-53.384,-28.791],[-53.367,-28.774],[-53.331,-28.786],[-53.325,-28.752],[-53.291,-28.726],[-53.261,-28.73],[-53.265,-28.711],[-53.239,-28.683]]],[[[-52.012,-27.886],[-51.938,-27.886],[-51.92,-27.924],[-51.931,-27.932],[-51.911,-27.932],[-51.908,-27.964],[-51.927,-27.967],[-51.908,-27.99],[-51.944,-28.002],[-51.963,-27.981],[-51.972,-28.012],[-51.988,-28.015],[-52.083,-27.984],[-52.094,-27.929],[-52.068,-27.932],[-52.083,-27.916],[-52.051,-27.907],[-52.043,-27.885],[-52.012,-27.886]]],[[[-52.697,-27.92],[-52.651,-27.948],[-52.609,-27.937],[-52.605,-27.951],[-52.579,-27.946],[-52.574,-27.969],[-52.553,-27.964],[-52.499,-28.046],[-52.513,-28.062],[-52.492,-28.068],[-52.502,-28.089],[-52.491,-28.105],[-52.507,-28.11],[-52.492,-28.125],[-52.527,-28.139],[-52.572,-28.124],[-52.596,-28.15],[-52.652,-28.171],[-52.659,-28.123],[-52.691,-28.113],[-52.752,-28.038],[-52.828,-28.037],[-52.817,-28.001],[-52.763,-27.974],[-52.737,-27.926],[-52.697,-27.92]]],[[[-52.113,-28.022],[-52.082,-28.064],[-52.1,-28.084],[-52.085,-28.086],[-52.095,-28.095],[-52.085,-28.106],[-52.103,-28.117],[-52.043,-28.118],[-52.022,-28.132],[-51.984,-28.128],[-51.971,-28.106],[-51.89,-28.115],[-51.877,-28.142],[-51.797,-28.166],[-51.799,-28.213],[-51.847,-28.247],[-51.903,-28.211],[-51.914,-28.241],[-51.958,-28.254],[-51.972,-28.29],[-52.072,-28.306],[-52.062,-28.327],[-52.079,-28.344],[-52.098,-28.317],[-52.163,-28.346],[-52.202,-28.339],[-52.214,-28.354],[-52.279,-28.324],[-52.305,-28.302],[-52.264,-28.25],[-52.276,-28.228],[-52.266,-28.208],[-52.23,-28.174],[-52.19,-28.173],[-52.189,-28.147],[-52.171,-28.146],[-52.189,-28.108],[-52.172,-28.104],[-52.187,-28.09],[-52.155,-28.077],[-52.16,-28.057],[-52.113,-28.022]]],[[[-51.808,-28.25],[-51.822,-28.298],[-51.752,-28.289],[-51.749,-28.308],[-51.705,-28.311],[-51.696,-28.357],[-51.786,-28.382],[-51.833,-28.357],[-51.818,-28.338],[-51.858,-28.252],[-51.808,-28.25]]],[[[-52.563,-28.319],[-52.513,-28.353],[-52.507,-28.412],[-52.462,-28.38],[-52.445,-28.394],[-52.445,-28.416],[-52.512,-28.476],[-52.449,-28.472],[-52.432,-28.486],[-52.392,-28.468],[-52.373,-28.479],[-52.386,-28.489],[-52.377,-28.51],[-52.349,-28.53],[-52.371,-28.569],[-52.429,-28.55],[-52.457,-28.566],[-52.494,-28.55],[-52.51,-28.575],[-52.535,-28.531],[-52.544,-28.565],[-52.582,-28.589],[-52.58,-28.605],[-52.557,-28.606],[-52.544,-28.625],[-52.565,-28.654],[-52.663,-28.613],[-52.636,-28.587],[-52.651,-28.539],[-52.632,-28.518],[-52.62,-28.524],[-52.623,-28.491],[-52.589,-28.43],[-52.613,-28.406],[-52.638,-28.407],[-52.633,-28.387],[-52.649,-28.372],[-52.62,-28.366],[-52.621,-28.346],[-52.563,-28.319]]],[[[-54.415,-29.461],[-54.415,-29.459],[-54.412,-29.456],[-54.415,-29.461]]]]}},{"type":"Feature","properties":{"codigo_area_atuacao":"P.051.SP.2019","sigla":"CEMIRIM","num_municipios":1,"populacao_estimada_2018":14493,"area_km2":65.57744443,"tipo_outorga":"PERMISSIONÁRIA","uf":"SP","regiao":"SUDESTE","num_unidades_consumidoras":14257,"cnpj":"52.777.034/0001-90","razao_social":"COOPERATIVA DE ELETRIFICAÇÃO E DESENVOLVIMENTO DA REGIÃO DE MOGI MIRIM","ato_legal":"ECT 01/2019, REA 7716/2019","inicio_vigencia_epoch_ms":1546311600000,"cnpj_digits":"52777034000190","subsystem_id":"SE/CO","subsystem_mapping_method":"GEOGRAPHIC_REGION_PROXY_MVP"},"geometry":{"type":"Polygon","coordinates":[[[-47.092,-22.64],[-47.079,-22.611],[-47.089,-22.587],[-47.049,-22.57],[-47.016,-22.657],[-47.056,-22.647],[-47.074,-22.68],[-47.103,-22.69],[-47.116,-22.656],[-47.092,-22.64]]]}},{"type":"Feature","properties":{"codigo_area_atuacao":"P.049.RS.2018","sigla":"COOPERNORTE","num_municipios":1,"populacao_estimada_2018":18171,"area_km2":1495.94696433,"tipo_outorga":"PERMISSIONÁRIA","uf":"RS","regiao":"SUL","num_unidades_consumidoras":6117,"cnpj":"88.022.918/0001-82","razao_social":"COOPERATIVA REGIONAL DE DISTRIBUIÇÃO DE ENERGIA DO LITORAL NORTE - COOPERNORTE","ato_legal":"ECT 12/2018, REH 213/2005","inicio_vigencia_epoch_ms":1546311600000,"cnpj_digits":"88022918000182","subsystem_id":"S","subsystem_mapping_method":"GEOGRAPHIC_REGION_PROXY_MVP"},"geometry":{"type":"Polygon","coordinates":[[[-51.12,-30.065],[-51.101,-30.048],[-51.051,-30.05],[-51.054,-30.029],[-51.034,-30.023],[-51.04,-30.007],[-50.973,-29.995],[-50.95,-29.966],[-50.922,-30.0],[-50.869,-30.016],[-50.718,-29.979],[-50.685,-30.052],[-50.653,-30.038],[-50.653,-30.059],[-50.636,-30.055],[-50.621,-30.198],[-50.659,-30.2],[-50.669,-30.255],[-50.655,-30.284],[-50.673,-30.297],[-50.772,-30.297],[-50.785,-30.285],[-50.795,-30.317],[-50.776,-30.334],[-50.844,-30.321],[-50.922,-30.332],[-50.939,-30.394],[-50.927,-30.434],[-50.899,-30.442],[-50.917,-30.441],[-50.998,-30.395],[-51.06,-30.386],[-51.041,-30.366],[-51.068,-30.354],[-51.034,-30.337],[-51.02,-30.297],[-51.035,-30.272],[-51.069,-30.269],[-51.054,-30.26],[-51.047,-30.223],[-51.012,-30.199],[-51.079,-30.179],[-51.12,-30.065]]]}},{"type":"Feature","properties":{"codigo_area_atuacao":"P.050.RS.2018","sigla":"COOPERSUL","num_municipios":1,"populacao_estimada_2018":4858,"area_km2":1551.35119106,"tipo_outorga":"PERMISSIONÁRIA","uf":"RS","regiao":"SUL","num_unidades_consumidoras":5298,"cnpj":"87.462.750/0001-63","razao_social":"COOPERATIVA REGIONAL DE ELETRIFICAÇÃO RURAL FRONTEIRA SUL LTDA","ato_legal":"ECT 13/2018, REA 7488/2018, REH 48/2005","inicio_vigencia_epoch_ms":1546311600000,"cnpj_digits":"87462750000163","subsystem_id":"S","subsystem_mapping_method":"GEOGRAPHIC_REGION_PROXY_MVP"},"geometry":{"type":"Polygon","coordinates":[[[-54.326,-31.582],[-54.275,-31.51],[-54.223,-31.516],[-54.182,-31.484],[-54.143,-31.482],[-54.114,-31.429],[-54.071,-31.456],[-54.029,-31.504],[-54.042,-31.523],[-54.014,-31.538],[-53.958,-31.493],[-53.992,-31.538],[-53.958,-31.614],[-53.98,-31.757],[-53.906,-31.808],[-53.928,-31.806],[-53.907,-31.838],[-53.932,-31.875],[-53.932,-31.905],[-53.955,-31.925],[-53.944,-31.952],[-53.971,-31.943],[-53.969,-31.918],[-54.033,-31.895],[-54.09,-31.935],[-54.455,-31.653],[-54.418,-31.645],[-54.377,-31.593],[-54.326,-31.582]]]}},{"type":"Feature","properties":{"codigo_area_atuacao":"P.039.RJ.2018","sigla":"CERCI","num_municipios":1,"populacao_estimada_2018":27307,"area_km2":954.75535524,"tipo_outorga":"PERMISSIONÁRIA","uf":"RJ","regiao":"SUDESTE","num_unidades_consumidoras":16046,"cnpj":"27.707.397/0001-02","razao_social":"COOPERATIVA DE ELETRIFICAÇÃO RURAL CACHOEIRAS ITABORAÍ LTDA","ato_legal":"ECT 02/2018, REA 7051/2018","inicio_vigencia_epoch_ms":1546311600000,"cnpj_digits":"27707397000102","subsystem_id":"SE/CO","subsystem_mapping_method":"GEOGRAPHIC_REGION_PROXY_MVP"},"geometry":{"type":"Polygon","coordinates":[[[-42.87,-22.438],[-42.852,-22.417],[-42.811,-22.405],[-42.803,-22.379],[-42.768,-22.384],[-42.728,-22.355],[-42.694,-22.389],[-42.651,-22.396],[-42.585,-22.355],[-42.564,-22.359],[-42.556,-22.424],[-42.576,-22.44],[-42.55,-22.457],[-42.603,-22.541],[-42.565,-22.62],[-42.626,-22.657],[-42.641,-22.641],[-42.693,-22.643],[-42.699,-22.663],[-42.747,-22.687],[-42.79,-22.635],[-42.907,-22.655],[-42.907,-22.601],[-42.865,-22.568],[-42.899,-22.52],[-42.889,-22.505],[-42.923,-22.469],[-42.918,-22.451],[-42.89,-22.459],[-42.87,-22.438]]]}},{"type":"Feature","properties":{"codigo_area_atuacao":"P.040.RJ.2018","sigla":"CERAL ARARUAMA","num_municipios":1,"populacao_estimada_2018":10126,"area_km2":638.15431643,"tipo_outorga":"PERMISSIONÁRIA","uf":"RJ","regiao":"SUDESTE","num_unidades_consumidoras":6291,"cnpj":"28.610.236/0001-69","razao_social":"COOPERATIVA DE ELETRIFICAÇÃO RURAL DE ARARUAMA LTDA","ato_legal":"ECT 03/2018","inicio_vigencia_epoch_ms":1546311600000,"cnpj_digits":"28610236000169","subsystem_id":"SE/CO","subsystem_mapping_method":"GEOGRAPHIC_REGION_PROXY_MVP"},"geometry":{"type":"Polygon","coordinates":[[[-42.376,-22.859],[-42.37,-22.835],[-42.447,-22.823],[-42.442,-22.73],[-42.417,-22.736],[-42.332,-22.704],[-42.301,-22.629],[-42.275,-22.606],[-42.236,-22.609],[-42.182,-22.551],[-42.132,-22.653],[-42.167,-22.68],[-42.218,-22.77],[-42.254,-22.792],[-42.237,-22.864],[-42.283,-22.9],[-42.281,-22.939],[-42.382,-22.936],[-42.376,-22.859]]]}},{"type":"Feature","properties":{"codigo_area_atuacao":"P.022.SC.2008","sigla":"CERAÇÁ","num_municipios":18,"populacao_estimada_2018":25092,"area_km2":791.11943631,"tipo_outorga":"PERMISSIONÁRIA","uf":"SC","regiao":"SUL","num_unidades_consumidoras":11510,"cnpj":"09.364.804/0001-44","razao_social":"COOPERATIVA DISTRIBUIDORA DE ENERGIA VALE DO ARAÇÁ","ato_legal":"ECT 24/2008, REA 1628/2008, DSP 1954/2018","inicio_vigencia_epoch_ms":1199156400000,"cnpj_digits":"09364804000144","subsystem_id":"S","subsystem_mapping_method":"GEOGRAPHIC_REGION_PROXY_MVP"},"geometry":{"type":"MultiPolygon","coordinates":[[[[-53.291,-26.741],[-53.193,-26.726],[-53.195,-26.706],[-53.151,-26.681],[-53.163,-26.631],[-53.096,-26.644],[-53.097,-26.663],[-53.155,-26.697],[-53.141,-26.721],[-53.101,-26.73],[-53.103,-26.748],[-53.06,-26.782],[-53.052,-26.802],[-53.063,-26.786],[-53.084,-26.79],[-53.096,-26.821],[-53.018,-26.829],[-53.057,-26.852],[-53.044,-26.855],[-53.044,-26.877],[-53.015,-26.87],[-52.998,-26.889],[-53.011,-26.935],[-52.989,-26.932],[-52.992,-26.9],[-52.97,-26.866],[-52.891,-26.911],[-52.876,-26.942],[-52.904,-26.94],[-52.917,-26.917],[-52.921,-26.936],[-52.894,-26.974],[-52.943,-26.965],[-52.937,-26.946],[-52.958,-26.955],[-53.02,-27.03],[-53.008,-27.068],[-53.074,-27.032],[-53.105,-27.044],[-53.128,-26.997],[-53.114,-26.994],[-53.107,-26.959],[-53.13,-26.934],[-53.168,-26.946],[-53.181,-26.914],[-53.16,-26.913],[-53.13,-26.879],[-53.092,-26.875],[-53.09,-26.854],[-53.121,-26.873],[-53.15,-26.851],[-53.134,-26.879],[-53.176,-26.884],[-53.173,-26.864],[-53.187,-26.89],[-53.234,-26.832],[-53.209,-26.83],[-53.184,-26.803],[-53.131,-26.809],[-53.128,-26.798],[-53.164,-26.782],[-53.188,-26.794],[-53.162,-26.779],[-53.117,-26.782],[-53.106,-26.765],[-53.13,-26.755],[-53.162,-26.767],[-53.152,-26.752],[-53.173,-26.733],[-53.162,-26.71],[-53.172,-26.707],[-53.186,-26.719],[-53.177,-26.732],[-53.218,-26.755],[-53.203,-26.794],[-53.246,-26.804],[-53.255,-26.795],[-53.244,-26.793],[-53.243,-26.759],[-53.269,-26.745],[-53.263,-26.763],[-53.291,-26.741]]],[[[-53.072,-26.672],[-53.039,-26.7],[-53.04,-26.677],[-53.012,-26.676],[-53.016,-26.653],[-52.985,-26.685],[-52.995,-26.704],[-52.983,-26.728],[-52.965,-26.702],[-52.915,-26.717],[-52.898,-26.741],[-52.924,-26.761],[-52.917,-26.783],[-52.942,-26.776],[-52.929,-26.797],[-52.944,-26.795],[-52.918,-26.802],[-52.917,-26.819],[-53.026,-26.807],[-53.002,-26.798],[-53.009,-26.776],[-53.042,-26.768],[-53.017,-26.74],[-53.072,-26.672]]],[[[-53.011,-26.827],[-52.933,-26.809],[-52.906,-26.864],[-52.89,-26.85],[-52.876,-26.863],[-52.894,-26.875],[-52.876,-26.895],[-52.846,-26.893],[-52.861,-26.909],[-52.854,-26.924],[-52.932,-26.887],[-52.971,-26.86],[-52.972,-26.843],[-53.011,-26.827]]],[[[-53.229,-26.663],[-53.173,-26.677],[-53.201,-26.696],[-53.229,-26.663]]],[[[-53.077,-26.7],[-53.061,-26.693],[-53.055,-26.706],[-53.066,-26.725],[-53.055,-26.767],[-53.077,-26.7]]]]}},{"type":"Feature","properties":{"codigo_area_atuacao":"P.013.PR.2008","sigla":"CERAL-DIS","num_municipios":3,"populacao_estimada_2018":2559,"area_km2":907.76358641,"tipo_outorga":"PERMISSIONÁRIA","uf":"PR","regiao":"SUL","num_unidades_consumidoras":1043,"cnpj":"10.532.365/0001-10","razao_social":"COOPERATIVA DE DISTRIBUIÇÃO DE ENERGIA ELÉTRICA DE ARAPOTI","ato_legal":"ECT 14/2008, DSP 1955/2018","inicio_vigencia_epoch_ms":1199156400000,"cnpj_digits":"10532365000110","subsystem_id":"S","subsystem_mapping_method":"GEOGRAPHIC_REGION_PROXY_MVP"},"geometry":{"type":"Polygon","coordinates":[[[-49.965,-24.232],[-50.021,-24.254],[-50.024,-24.294],[-49.999,-24.328],[-50.028,-24.334],[-50.033,-24.256],[-50.074,-24.281],[-50.103,-24.281],[-50.142,-24.218],[-50.083,-24.154],[-50.093,-24.149],[-49.973,-24.073],[-49.861,-24.075],[-49.859,-24.032],[-49.84,-24.048],[-49.855,-24.08],[-49.842,-24.09],[-49.787,-24.052],[-49.957,-23.962],[-49.941,-23.933],[-49.896,-23.985],[-49.857,-23.978],[-49.854,-23.963],[-49.792,-24.038],[-49.653,-24.075],[-49.651,-24.122],[-49.714,-24.141],[-49.711,-24.167],[-49.746,-24.224],[-49.779,-24.241],[-49.797,-24.284],[-49.902,-24.313],[-49.917,-24.231],[-49.965,-24.232]]]}},{"type":"Feature","properties":{"codigo_area_atuacao":"P.009.SE.2008","sigla":"CERCOS","num_municipios":1,"populacao_estimada_2018":15023,"area_km2":66.85715424,"tipo_outorga":"PERMISSIONÁRIA","uf":"SE","regiao":"NORDESTE","num_unidades_consumidoras":6516,"cnpj":"13.107.842/0001-99","razao_social":"COOPERATIVA DE ELETRIFICAÇÃO E DESENVOLVIMENTO RURAL CENTRO SUL DE SERGIPE LTDA","ato_legal":"ECT 9/2008, REA 1412/2008,","inicio_vigencia_epoch_ms":1199156400000,"cnpj_digits":"13107842000199","subsystem_id":"NE","subsystem_mapping_method":"GEOGRAPHIC_REGION_PROXY_MVP"},"geometry":{"type":"Polygon","coordinates":[[[-37.574,-10.98],[-37.571,-10.97],[-37.616,-10.954],[-37.571,-10.938],[-37.588,-10.912],[-37.58,-10.905],[-37.516,-10.956],[-37.531,-11.009],[-37.554,-11.013],[-37.575,-11.042],[-37.574,-10.98]]]}},{"type":"Feature","properties":{"codigo_area_atuacao":"P.001.SP.2008","sigla":"CEDRAP","num_municipios":5,"populacao_estimada_2018":13536,"area_km2":939.73047374,"tipo_outorga":"PERMISSIONÁRIA","uf":"SP","regiao":"SUDESTE","num_unidades_consumidoras":6718,"cnpj":"60.196.987/0001-93","razao_social":"COOPERATIVA DE ELETRIFICAÇÃO DA REGIÃO DO ALTO PARAÍBA","ato_legal":"ECT 01/2008, REA 1344/2008, ECT 202/1998, ECT 187/1998","inicio_vigencia_epoch_ms":1199156400000,"cnpj_digits":"60196987000193","subsystem_id":"SE/CO","subsystem_mapping_method":"GEOGRAPHIC_REGION_PROXY_MVP"},"geometry":{"type":"Polygon","coordinates":[[[-45.615,-23.24],[-45.646,-23.291],[-45.612,-23.305],[-45.677,-23.34],[-45.663,-23.352],[-45.684,-23.37],[-45.624,-23.42],[-45.563,-23.417],[-45.554,-23.453],[-45.522,-23.459],[-45.499,-23.509],[-45.503,-23.535],[-45.482,-23.552],[-45.463,-23.545],[-45.449,-23.565],[-45.457,-23.577],[-45.446,-23.569],[-45.459,-23.583],[-45.501,-23.583],[-45.524,-23.605],[-45.541,-23.597],[-45.581,-23.647],[-45.631,-23.657],[-45.623,-23.629],[-45.667,-23.62],[-45.698,-23.638],[-45.706,-23.602],[-45.744,-23.602],[-45.731,-23.574],[-45.746,-23.566],[-45.756,-23.511],[-45.791,-23.506],[-45.789,-23.491],[-45.87,-23.374],[-45.839,-23.335],[-45.804,-23.341],[-45.806,-23.303],[-45.745,-23.253],[-45.712,-23.276],[-45.62,-23.226],[-45.615,-23.24]]]}},{"type":"Feature","properties":{"codigo_area_atuacao":"P.003.SP.2008","sigla":"CERIM","num_municipios":7,"populacao_estimada_2018":23770,"area_km2":282.83504315,"tipo_outorga":"PERMISSIONÁRIA","uf":"SP","regiao":"SUDESTE","num_unidades_consumidoras":11934,"cnpj":"50.235.449/0001-07","razao_social":"COOPERATIVA DE ELETRIFICAÇÃO RURAL ITU-MAIRINQUE","ato_legal":"ECT 03/2008, REA 1348/2008","inicio_vigencia_epoch_ms":1199156400000,"cnpj_digits":"50235449000107","subsystem_id":"SE/CO","subsystem_mapping_method":"GEOGRAPHIC_REGION_PROXY_MVP"},"geometry":{"type":"Polygon","coordinates":[[[-47.253,-23.509],[-47.315,-23.515],[-47.317,-23.469],[-47.297,-23.459],[-47.321,-23.46],[-47.339,-23.435],[-47.329,-23.436],[-47.332,-23.411],[-47.267,-23.411],[-47.329,-23.398],[-47.293,-23.353],[-47.211,-23.359],[-47.205,-23.309],[-47.169,-23.294],[-47.171,-23.338],[-47.113,-23.358],[-47.109,-23.372],[-47.123,-23.402],[-47.162,-23.399],[-47.191,-23.41],[-47.167,-23.422],[-47.203,-23.419],[-47.216,-23.461],[-47.161,-23.468],[-47.184,-23.497],[-47.253,-23.509]]]}},{"type":"Feature","properties":{"codigo_area_atuacao":"P.005.SP.2008","sigla":"CERIS","num_municipios":5,"populacao_estimada_2018":15159,"area_km2":236.6790597,"tipo_outorga":"PERMISSIONÁRIA","uf":"SP","regiao":"SUDESTE","num_unidades_consumidoras":6092,"cnpj":"57.384.943/0001-82","razao_social":"COOPERATIVA DE ELETRIFICAÇÃO DA REGIÃO DE ITAPECERICA DA SERRA","ato_legal":"ECT 05/2008, REA 1350/200","inicio_vigencia_epoch_ms":1199156400000,"cnpj_digits":"57384943000182","subsystem_id":"SE/CO","subsystem_mapping_method":"GEOGRAPHIC_REGION_PROXY_MVP"},"geometry":{"type":"MultiPolygon","coordinates":[[[[-46.837,-23.79],[-46.827,-23.818],[-46.841,-23.827],[-46.838,-23.853],[-46.9,-23.901],[-46.87,-23.937],[-46.881,-23.995],[-46.946,-24.01],[-46.966,-23.945],[-46.993,-23.937],[-46.962,-23.907],[-46.968,-23.893],[-46.938,-23.879],[-46.941,-23.857],[-46.888,-23.856],[-46.905,-23.838],[-46.893,-23.81],[-46.847,-23.799],[-46.846,-23.781],[-46.837,-23.79]]],[[[-47.021,-23.977],[-47.041,-23.972],[-47.027,-23.941],[-47.012,-23.967],[-47.021,-23.977]]],[[[-46.879,-23.798],[-46.901,-23.801],[-46.878,-23.782],[-46.879,-23.798]]],[[[-46.966,-23.777],[-46.959,-23.793],[-46.922,-23.786],[-46.934,-23.817],[-46.982,-23.816],[-47.017,-23.836],[-47.015,-23.815],[-46.987,-23.808],[-46.966,-23.777]]],[[[-46.823,-23.76],[-46.81,-23.773],[-46.838,-23.764],[-46.823,-23.76]]],[[[-46.917,-23.743],[-46.921,-23.776],[-46.933,-23.741],[-46.917,-23.743]]],[[[-46.897,-23.767],[-46.892,-23.735],[-46.873,-23.744],[-46.88,-23.766],[-46.897,-23.767]]],[[[-46.822,-23.729],[-46.803,-23.747],[-46.841,-23.744],[-46.822,-23.729]]],[[[-46.742,-23.731],[-46.759,-23.732],[-46.747,-23.722],[-46.742,-23.731]]],[[[-46.895,-23.71],[-46.907,-23.722],[-46.904,-23.712],[-46.895,-23.71]]],[[[-46.886,-23.695],[-46.887,-23.706],[-46.9,-23.696],[-46.886,-23.695]]]]}},{"type":"Feature","properties":{"codigo_area_atuacao":"P.007.SP.2008","sigla":"CERPRO","num_municipios":11,"populacao_estimada_2018":4485,"area_km2":773.61673674,"tipo_outorga":"PERMISSIONÁRIA","uf":"SP","regiao":"SUDESTE","num_unidades_consumidoras":1773,"cnpj":"44.560.381/0001-39","razao_social":"COOPERATIVA DE ELETRIFICAÇÃO RURAL DA REGIÃO DE PROMISSÃO","ato_legal":"ECT 07/2008, REA 1342/2008","inicio_vigencia_epoch_ms":1199156400000,"cnpj_digits":"44560381000139","subsystem_id":"SE/CO","subsystem_mapping_method":"GEOGRAPHIC_REGION_PROXY_MVP"},"geometry":{"type":"MultiPolygon","coordinates":[[[[-50.136,-21.605],[-50.141,-21.547],[-50.101,-21.56],[-50.087,-21.587],[-49.987,-21.577],[-49.977,-21.554],[-50.003,-21.52],[-49.998,-21.504],[-49.951,-21.516],[-49.916,-21.476],[-49.898,-21.476],[-49.868,-21.501],[-49.901,-21.523],[-49.858,-21.555],[-49.886,-21.604],[-49.849,-21.659],[-49.909,-21.719],[-50.08,-21.705],[-50.104,-21.699],[-50.1,-21.639],[-50.139,-21.623],[-50.136,-21.605]]],[[[-49.84,-21.556],[-49.782,-21.535],[-49.803,-21.489],[-49.836,-21.545],[-49.849,-21.532],[-49.831,-21.488],[-49.815,-21.495],[-49.804,-21.433],[-49.853,-21.366],[-49.821,-21.354],[-49.817,-21.405],[-49.789,-21.424],[-49.812,-21.446],[-49.804,-21.464],[-49.741,-21.428],[-49.757,-21.411],[-49.728,-21.4],[-49.708,-21.473],[-49.784,-21.592],[-49.827,-21.584],[-49.855,-21.563],[-49.84,-21.556]]],[[[-50.262,-21.655],[-50.224,-21.624],[-50.206,-21.643],[-50.201,-21.703],[-50.244,-21.708],[-50.258,-21.664],[-50.281,-21.66],[-50.262,-21.655]]],[[[-50.314,-21.439],[-50.303,-21.399],[-50.275,-21.373],[-50.249,-21.387],[-50.299,-21.474],[-50.322,-21.461],[-50.314,-21.439]]],[[[-50.466,-21.481],[-50.435,-21.499],[-50.405,-21.476],[-50.332,-21.51],[-50.381,-21.509],[-50.461,-21.558],[-50.482,-21.507],[-50.466,-21.481]]]]}},{"type":"Feature","properties":{"codigo_area_atuacao":"P.038.RS.2010","sigla":"CRERAL","num_municipios":37,"populacao_estimada_2018":14942,"area_km2":1778.29625023,"tipo_outorga":"PERMISSIONÁRIA","uf":"RS","regiao":"SUL","num_unidades_consumidoras":7541,"cnpj":"89.435.598/0001-55","razao_social":"COOPERATIVA REGIONAL DE ELETRIFICAÇÃO RURAL DO ALTO URUGUAI","ato_legal":"ECT 41/2010","inicio_vigencia_epoch_ms":1262314800000,"cnpj_digits":"89435598000155","subsystem_id":"S","subsystem_mapping_method":"GEOGRAPHIC_REGION_PROXY_MVP"},"geometry":{"type":"MultiPolygon","coordinates":[[[[-51.88,-27.752],[-51.87,-27.771],[-51.896,-27.755],[-51.896,-27.779],[-51.914,-27.784],[-51.883,-27.792],[-51.881,-27.814],[-51.824,-27.848],[-51.793,-27.82],[-51.75,-27.879],[-51.792,-27.944],[-51.813,-27.94],[-51.798,-27.914],[-51.816,-27.905],[-51.816,-27.869],[-51.879,-27.882],[-51.825,-27.88],[-51.819,-27.899],[-51.84,-27.907],[-51.784,-28.031],[-51.799,-28.043],[-51.844,-28.003],[-51.93,-28.022],[-51.942,-28.014],[-51.929,-28.009],[-51.933,-27.992],[-51.908,-27.99],[-51.927,-27.967],[-51.908,-27.964],[-51.911,-27.932],[-51.931,-27.932],[-51.92,-27.924],[-51.937,-27.886],[-52.043,-27.885],[-52.082,-27.916],[-52.149,-27.924],[-52.198,-27.909],[-52.176,-27.949],[-52.206,-27.968],[-52.253,-27.951],[-52.241,-27.909],[-52.199,-27.908],[-52.202,-27.893],[-52.141,-27.878],[-52.173,-27.796],[-52.247,-27.817],[-52.256,-27.765],[-52.199,-27.746],[-52.174,-27.761],[-52.183,-27.778],[-52.157,-27.789],[-52.16,-27.76],[-52.142,-27.761],[-52.121,-27.778],[-52.07,-27.773],[-52.069,-27.812],[-51.958,-27.818],[-51.993,-27.741],[-51.893,-27.718],[-51.925,-27.705],[-51.925,-27.677],[-51.889,-27.67],[-51.873,-27.689],[-51.891,-27.699],[-51.868,-27.722],[-51.88,-27.752]]],[[[-52.75,-27.259],[-52.746,-27.273],[-52.715,-27.272],[-52.705,-27.286],[-52.73,-27.311],[-52.76,-27.314],[-52.76,-27.339],[-52.795,-27.354],[-52.778,-27.374],[-52.843,-27.44],[-52.908,-27.438],[-52.893,-27.468],[-52.855,-27.46],[-52.84,-27.474],[-52.885,-27.476],[-52.876,-27.521],[-52.955,-27.483],[-52.909,-27.471],[-52.932,-27.434],[-52.919,-27.382],[-52.785,-27.331],[-52.797,-27.277],[-52.779,-27.219],[-52.75,-27.259]]],[[[-52.619,-27.35],[-52.605,-27.387],[-52.564,-27.356],[-52.522,-27.345],[-52.489,-27.356],[-52.513,-27.369],[-52.496,-27.395],[-52.559,-27.372],[-52.576,-27.386],[-52.573,-27.441],[-52.655,-27.383],[-52.665,-27.344],[-52.619,-27.35]]],[[[-52.362,-27.418],[-52.364,-27.433],[-52.402,-27.378],[-52.42,-27.374],[-52.416,-27.359],[-52.374,-27.359],[-52.362,-27.418]]],[[[-52.09,-27.387],[-52.102,-27.389],[-52.103,-27.425],[-52.122,-27.422],[-52.115,-27.377],[-52.09,-27.387]]],[[[-52.745,-27.433],[-52.666,-27.454],[-52.649,-27.495],[-52.672,-27.507],[-52.713,-27.485],[-52.704,-27.464],[-52.723,-27.474],[-52.721,-27.495],[-52.676,-27.513],[-52.713,-27.536],[-52.721,-27.517],[-52.761,-27.523],[-52.757,-27.513],[-52.802,-27.501],[-52.794,-27.473],[-52.776,-27.482],[-52.783,-27.464],[-52.753,-27.458],[-52.745,-27.433]]],[[[-52.129,-27.547],[-52.168,-27.544],[-52.166,-27.53],[-52.15,-27.521],[-52.129,-27.547]]],[[[-52.306,-27.538],[-52.331,-27.538],[-52.326,-27.525],[-52.306,-27.538]]],[[[-51.972,-27.579],[-51.962,-27.596],[-51.998,-27.598],[-52.012,-27.552],[-51.99,-27.534],[-51.973,-27.545],[-51.972,-27.579]]],[[[-52.271,-27.543],[-52.296,-27.548],[-52.296,-27.539],[-52.271,-27.543]]],[[[-52.292,-27.564],[-52.299,-27.57],[-52.309,-27.563],[-52.292,-27.564]]],[[[-51.563,-27.646],[-51.576,-27.668],[-51.61,-27.653],[-51.648,-27.623],[-51.661,-27.578],[-51.563,-27.646]]],[[[-52.649,-27.595],[-52.625,-27.61],[-52.632,-27.638],[-52.56,-27.689],[-52.567,-27.705],[-52.61,-27.681],[-52.622,-27.692],[-52.648,-27.655],[-52.652,-27.696],[-52.681,-27.716],[-52.63,-27.749],[-52.543,-27.725],[-52.551,-27.777],[-52.669,-27.84],[-52.676,-27.797],[-52.705,-27.798],[-52.709,-27.736],[-52.737,-27.744],[-52.733,-27.699],[-52.76,-27.691],[-52.734,-27.655],[-52.74,-27.632],[-52.701,-27.617],[-52.709,-27.605],[-52.649,-27.595]]],[[[-51.456,-27.688],[-51.455,-27.71],[-51.47,-27.724],[-51.456,-27.688]]],[[[-52.602,-27.7],[-52.618,-27.712],[-52.608,-27.695],[-52.602,-27.7]]],[[[-52.316,-27.757],[-52.24,-27.879],[-52.251,-27.901],[-52.286,-27.898],[-52.292,-27.853],[-52.305,-27.847],[-52.336,-27.887],[-52.312,-27.904],[-52.337,-27.929],[-52.334,-27.948],[-52.41,-27.944],[-52.413,-27.927],[-52.458,-27.919],[-52.406,-27.947],[-52.405,-27.965],[-52.37,-27.967],[-52.37,-27.98],[-52.404,-27.991],[-52.47,-27.978],[-52.477,-27.959],[-52.534,-27.938],[-52.466,-27.871],[-52.401,-27.895],[-52.36,-27.857],[-52.404,-27.855],[-52.407,-27.827],[-52.348,-27.827],[-52.346,-27.797],[-52.316,-27.757]]],[[[-51.624,-27.847],[-51.605,-27.877],[-51.593,-27.856],[-51.562,-27.867],[-51.603,-27.905],[-51.604,-27.928],[-51.654,-27.912],[-51.638,-27.875],[-51.661,-27.871],[-51.662,-27.854],[-51.624,-27.847]]]]}},{"type":"Feature","properties":{"codigo_area_atuacao":"P.026.SC.2008","sigla":"CEREJ","num_municipios":15,"populacao_estimada_2018":26673,"area_km2":1704.42124927,"tipo_outorga":"PERMISSIONÁRIA","uf":"SC","regiao":"SUL","num_unidades_consumidoras":14525,"cnpj":"82.574.864/0001-81","razao_social":"COOPERATIVA DE PRESTAÇÃO DE SERVIÇOS PÚBLICOS DE DISTRIBUIÇÃO DE ENERGIA ELÉTRICA SENADOR ESTEVES JÚNIOR","ato_legal":"ECT 28/2008 de 30/12/2008, REA 1676/2008 de 18/11/2008, REH 467/2007 de 29/05/2007","inicio_vigencia_epoch_ms":1199156400000,"cnpj_digits":"82574864000181","subsystem_id":"S","subsystem_mapping_method":"GEOGRAPHIC_REGION_PROXY_MVP"},"geometry":{"type":"Polygon","coordinates":[[[-49.137,-27.589],[-49.12,-27.598],[-49.122,-27.645],[-49.1,-27.66],[-49.086,-27.651],[-49.088,-27.687],[-49.053,-27.696],[-49.046,-27.732],[-49.017,-27.738],[-48.996,-27.709],[-48.981,-27.72],[-48.952,-27.713],[-48.982,-27.671],[-48.968,-27.679],[-48.955,-27.661],[-48.972,-27.635],[-48.942,-27.641],[-48.935,-27.585],[-48.959,-27.597],[-48.973,-27.579],[-48.937,-27.541],[-48.953,-27.541],[-48.954,-27.514],[-48.978,-27.486],[-48.87,-27.436],[-48.836,-27.398],[-48.697,-27.399],[-48.681,-27.384],[-48.697,-27.36],[-48.682,-27.345],[-48.684,-27.238],[-48.833,-27.199],[-48.774,-27.135],[-48.749,-27.149],[-48.69,-27.14],[-48.684,-27.196],[-48.652,-27.212],[-48.667,-27.248],[-48.683,-27.239],[-48.681,-27.346],[-48.672,-27.356],[-48.642,-27.343],[-48.648,-27.374],[-48.599,-27.4],[-48.583,-27.428],[-48.563,-27.419],[-48.579,-27.434],[-48.605,-27.424],[-48.603,-27.409],[-48.649,-27.375],[-48.697,-27.399],[-48.668,-27.47],[-48.757,-27.496],[-48.783,-27.519],[-48.811,-27.488],[-48.857,-27.531],[-48.897,-27.484],[-48.921,-27.557],[-48.888,-27.555],[-48.853,-27.575],[-48.833,-27.562],[-48.806,-27.584],[-48.791,-27.567],[-48.789,-27.595],[-48.724,-27.599],[-48.727,-27.62],[-48.745,-27.642],[-48.795,-27.603],[-48.794,-27.586],[-48.853,-27.596],[-48.915,-27.626],[-48.936,-27.669],[-48.873,-27.692],[-48.908,-27.759],[-48.681,-27.808],[-48.682,-27.792],[-48.64,-27.804],[-48.636,-27.782],[-48.617,-27.788],[-48.636,-27.796],[-48.644,-27.839],[-48.679,-27.83],[-48.681,-27.809],[-48.908,-27.759],[-48.927,-27.819],[-48.949,-27.816],[-49.023,-27.865],[-49.019,-27.839],[-49.036,-27.824],[-49.018,-27.74],[-49.046,-27.734],[-49.088,-27.756],[-49.125,-27.733],[-49.106,-27.707],[-49.119,-27.682],[-49.101,-27.66],[-49.122,-27.645],[-49.143,-27.664],[-49.168,-27.639],[-49.196,-27.654],[-49.229,-27.618],[-49.229,-27.641],[-49.273,-27.643],[-49.32,-27.601],[-49.327,-27.557],[-49.26,-27.509],[-49.285,-27.505],[-49.3,-27.481],[-49.294,-27.439],[-49.311,-27.396],[-49.295,-27.356],[-49.265,-27.386],[-49.199,-27.329],[-49.227,-27.318],[-49.203,-27.293],[-49.076,-27.271],[-48.986,-27.288],[-48.976,-27.278],[-48.958,-27.291],[-49.028,-27.371],[-49.009,-27.376],[-48.984,-27.357],[-48.957,-27.416],[-48.999,-27.401],[-49.051,-27.444],[-49.04,-27.468],[-49.104,-27.516],[-49.084,-27.52],[-49.094,-27.546],[-49.137,-27.589]],[[-49.23,-27.618],[-49.23,-27.618],[-49.23,-27.618],[-49.23,-27.618]],[[-49.197,-27.33],[-49.194,-27.334],[-49.194,-27.33],[-49.197,-27.33]],[[-48.91,-27.515],[-48.91,-27.515],[-48.91,-27.515],[-48.91,-27.515]]]}},{"type":"Feature","properties":{"codigo_area_atuacao":"P.024.SC.2008","sigla":"COORSEL","num_municipios":7,"populacao_estimada_2018":17604,"area_km2":548.88339252,"tipo_outorga":"PERMISSIONÁRIA","uf":"SC","regiao":"SUL","num_unidades_consumidoras":8481,"cnpj":"86.448.057/0001-73","razao_social":"COOPERATIVA REGIONAL SUL DE ELETRIFICAÇÃO RURAL","ato_legal":"ECT 26/2008, REA 1650/2008","inicio_vigencia_epoch_ms":1199156400000,"cnpj_digits":"86448057000173","subsystem_id":"S","subsystem_mapping_method":"GEOGRAPHIC_REGION_PROXY_MVP"},"geometry":{"type":"MultiPolygon","coordinates":[[[[-49.267,-28.504],[-49.245,-28.492],[-49.259,-28.467],[-49.235,-28.456],[-49.223,-28.424],[-49.245,-28.396],[-49.256,-28.406],[-49.247,-28.382],[-49.268,-28.384],[-49.265,-28.398],[-49.272,-28.385],[-49.254,-28.379],[-49.271,-28.369],[-49.257,-28.367],[-49.257,-28.344],[-49.241,-28.354],[-49.253,-28.356],[-49.252,-28.381],[-49.235,-28.376],[-49.184,-28.427],[-49.199,-28.415],[-49.218,-28.426],[-49.199,-28.439],[-49.209,-28.436],[-49.214,-28.465],[-49.184,-28.467],[-49.181,-28.451],[-49.154,-28.46],[-49.143,-28.43],[-49.14,-28.452],[-49.106,-28.454],[-49.123,-28.478],[-49.09,-28.471],[-49.095,-28.486],[-49.139,-28.484],[-49.058,-28.499],[-49.086,-28.519],[-49.059,-28.53],[-49.061,-28.545],[-49.073,-28.527],[-49.094,-28.53],[-49.057,-28.556],[-49.031,-28.549],[-49.182,-28.642],[-49.25,-28.593],[-49.242,-28.535],[-49.278,-28.519],[-49.267,-28.504]]],[[[-49.056,-28.517],[-49.053,-28.514],[-49.059,-28.521],[-49.056,-28.517]]],[[[-49.491,-28.228],[-49.459,-28.164],[-49.398,-28.189],[-49.369,-28.183],[-49.368,-28.225],[-49.349,-28.24],[-49.291,-28.237],[-49.282,-28.259],[-49.24,-28.273],[-49.272,-28.264],[-49.267,-28.275],[-49.28,-28.271],[-49.301,-28.302],[-49.292,-28.292],[-49.307,-28.299],[-49.307,-28.279],[-49.338,-28.279],[-49.297,-28.347],[-49.314,-28.334],[-49.351,-28.342],[-49.348,-28.36],[-49.367,-28.344],[-49.406,-28.347],[-49.4,-28.313],[-49.427,-28.309],[-49.427,-28.295],[-49.497,-28.279],[-49.467,-28.243],[-49.491,-28.228]]]]}},{"type":"Feature","properties":{"codigo_area_atuacao":"P.015.SC.2008","sigla":"CERGAL","num_municipios":4,"populacao_estimada_2018":30935,"area_km2":221.86250839,"tipo_outorga":"PERMISSIONÁRIA","uf":"SC","regiao":"SUL","num_unidades_consumidoras":18648,"cnpj":"86.439.510/0001-85","razao_social":"COOPERATIVA DE ELETRIFICAÇÃO  ANITA GARIBALDI LTDA","ato_legal":"ECT 16/2008, REA 1566/2008","inicio_vigencia_epoch_ms":1199156400000,"cnpj_digits":"86439510000185","subsystem_id":"S","subsystem_mapping_method":"GEOGRAPHIC_REGION_PROXY_MVP"},"geometry":{"type":"Polygon","coordinates":[[[-49.07,-28.439],[-49.065,-28.391],[-49.0,-28.418],[-49.026,-28.457],[-49.0,-28.493],[-48.973,-28.468],[-48.949,-28.502],[-48.878,-28.54],[-48.859,-28.558],[-48.855,-28.616],[-48.983,-28.678],[-49.009,-28.662],[-48.951,-28.625],[-48.987,-28.602],[-48.952,-28.602],[-48.993,-28.579],[-49.006,-28.55],[-49.021,-28.552],[-49.009,-28.508],[-48.993,-28.515],[-49.004,-28.479],[-49.033,-28.471],[-49.028,-28.447],[-49.059,-28.442],[-49.064,-28.454],[-49.07,-28.439]]]}},{"type":"Feature","properties":{"codigo_area_atuacao":"P.021.SC.2008","sigla":"CERPALO","num_municipios":4,"populacao_estimada_2018":22618,"area_km2":531.93793142,"tipo_outorga":"PERMISSIONÁRIA","uf":"SC","regiao":"SUL","num_unidades_consumidoras":14561,"cnpj":"85.318.640/0001-05","razao_social":"COOPERATIVA DE ELETRICIDADE DE PAULO LOPES","ato_legal":"ECT 23/2008, REA 1630/2008","inicio_vigencia_epoch_ms":1199156400000,"cnpj_digits":"85318640000105","subsystem_id":"S","subsystem_mapping_method":"GEOGRAPHIC_REGION_PROXY_MVP"},"geometry":{"type":"Polygon","coordinates":[[[-48.893,-28.079],[-48.843,-28.006],[-48.845,-27.906],[-48.824,-27.892],[-48.846,-27.866],[-48.821,-27.825],[-48.759,-27.842],[-48.759,-27.812],[-48.739,-27.797],[-48.748,-27.828],[-48.723,-27.894],[-48.607,-27.917],[-48.584,-27.904],[-48.616,-27.937],[-48.619,-27.962],[-48.653,-27.97],[-48.725,-28.057],[-48.707,-28.066],[-48.694,-28.12],[-48.67,-28.134],[-48.649,-28.116],[-48.635,-28.138],[-48.679,-28.183],[-48.733,-28.18],[-48.762,-28.09],[-48.771,-28.118],[-48.817,-28.074],[-48.893,-28.079]]]}},{"type":"Feature","properties":{"codigo_area_atuacao":"C.084.RS.1997","sigla":"RGE","num_municipios":647,"populacao_estimada_2018":6730953,"area_km2":187686.40486268,"tipo_outorga":"CONCESSIONÁRIA","uf":"RS","regiao":"SUL","num_unidades_consumidoras":3000526,"cnpj":"02.016.440/0001-62","razao_social":"RGE SUL DISTRIBUIDORA DE ENERGIA S.A.","ato_legal":"ECT 012/1997-7 de 10/04/2019","inicio_vigencia_epoch_ms":1546311600000,"cnpj_digits":"02016440000162","subsystem_id":"S","subsystem_mapping_method":"GEOGRAPHIC_REGION_PROXY_MVP"},"geometry":{"type":"MultiPolygon","coordinates":[[[[-53.032,-27.159],[-52.992,-27.141],[-52.983,-27.165],[-53.003,-27.198],[-52.984,-27.221],[-52.97,-27.216],[-52.957,-27.163],[-52.938,-27.171],[-52.929,-27.204],[-52.849,-27.171],[-52.843,-27.21],[-52.764,-27.211],[-52.758,-27.257],[-52.716,-27.236],[-52.695,-27.284],[-52.664,-27.237],[-52.633,-27.265],[-52.55,-27.238],[-52.535,-27.261],[-52.482,-27.267],[-52.48,-27.236],[-52.44,-27.216],[-52.43,-27.222],[-52.439,-27.264],[-52.398,-27.293],[-52.4,-27.257],[-52.386,-27.254],[-52.375,-27.305],[-52.345,-27.288],[-52.296,-27.318],[-52.305,-27.263],[-52.255,-27.256],[-52.235,-27.271],[-52.278,-27.3],[-52.241,-27.304],[-52.216,-27.333],[-52.168,-27.271],[-52.168,-27.312],[-52.114,-27.305],[-52.103,-27.347],[-52.045,-27.347],[-52.015,-27.331],[-52.017,-27.368],[-51.952,-27.38],[-51.952,-27.395],[-51.991,-27.389],[-52.008,-27.404],[-51.936,-27.429],[-51.958,-27.474],[-51.902,-27.461],[-51.892,-27.52],[-51.875,-27.518],[-51.88,-27.487],[-51.863,-27.475],[-51.844,-27.483],[-51.851,-27.525],[-51.822,-27.513],[-51.793,-27.531],[-51.799,-27.491],[-51.754,-27.487],[-51.72,-27.514],[-51.692,-27.478],[-51.66,-27.519],[-51.643,-27.491],[-51.622,-27.495],[-51.626,-27.545],[-51.58,-27.524],[-51.587,-27.566],[-51.57,-27.583],[-51.548,-27.559],[-51.487,-27.561],[-51.477,-27.599],[-51.437,-27.63],[-51.435,-27.654],[-51.383,-27.625],[-51.373,-27.669],[-51.315,-27.675],[-51.31,-27.718],[-51.276,-27.724],[-51.274,-27.75],[-51.247,-27.76],[-51.241,-27.778],[-51.191,-27.776],[-51.135,-27.804],[-51.129,-27.832],[-51.082,-27.834],[-51.079,-27.862],[-51.053,-27.87],[-51.056,-27.904],[-51.016,-27.926],[-51.011,-27.963],[-50.984,-27.94],[-50.926,-27.969],[-50.923,-28.012],[-50.875,-28.04],[-50.904,-28.086],[-50.876,-28.095],[-50.872,-28.137],[-50.832,-28.118],[-50.82,-28.14],[-50.788,-28.14],[-50.789,-28.197],[-50.762,-28.191],[-50.753,-28.246],[-50.697,-28.268],[-50.695,-28.289],[-50.659,-28.323],[-50.665,-28.338],[-50.628,-28.365],[-50.626,-28.392],[-50.591,-28.382],[-50.543,-28.428],[-50.529,-28.427],[-50.527,-28.404],[-50.457,-28.411],[-50.381,-28.447],[-50.36,-28.42],[-50.346,-28.464],[-50.33,-28.434],[-50.273,-28.457],[-50.251,-28.449],[-50.264,-28.444],[-50.247,-28.428],[-50.223,-28.463],[-50.203,-28.444],[-50.178,-28.452],[-50.156,-28.498],[-50.139,-28.494],[-50.161,-28.46],[-50.128,-28.429],[-50.111,-28.444],[-50.126,-28.475],[-50.101,-28.486],[-50.086,-28.473],[-50.039,-28.48],[-50.019,-28.451],[-49.989,-28.457],[-49.975,-28.439],[-49.967,-28.456],[-49.953,-28.45],[-49.944,-28.483],[-49.929,-28.451],[-49.902,-28.465],[-49.889,-28.459],[-49.893,-28.44],[-49.855,-28.444],[-49.878,-28.455],[-49.864,-28.463],[-49.867,-28.489],[-49.841,-28.486],[-49.841,-28.496],[-49.826,-28.478],[-49.811,-28.484],[-49.813,-28.468],[-49.782,-28.497],[-49.765,-28.459],[-49.771,-28.494],[-49.743,-28.495],[-49.727,-28.518],[-49.749,-28.546],[-49.712,-28.572],[-49.71,-28.604],[-49.692,-28.623],[-49.75,-28.629],[-49.757,-28.615],[-49.779,-28.629],[-49.784,-28.61],[-49.817,-28.638],[-49.816,-28.658],[-49.839,-28.667],[-49.838,-28.69],[-49.813,-28.687],[-49.842,-28.714],[-49.872,-28.703],[-49.875,-28.745],[-49.896,-28.739],[-49.883,-28.717],[-49.914,-28.724],[-49.905,-28.708],[-49.935,-28.726],[-49.922,-28.746],[-49.961,-28.772],[-49.951,-28.802],[-49.963,-28.799],[-49.956,-28.859],[-49.97,-28.876],[-49.932,-28.872],[-49.969,-28.922],[-49.95,-28.929],[-49.958,-28.963],[-49.92,-28.979],[-49.942,-28.981],[-49.966,-29.022],[-49.941,-29.022],[-49.961,-29.051],[-50.004,-29.072],[-49.942,-29.058],[-49.968,-29.084],[-49.963,-29.117],[-49.993,-29.118],[-49.982,-29.139],[-50.013,-29.127],[-50.006,-29.15],[-50.029,-29.172],[-50.015,-29.187],[-50.033,-29.175],[-50.068,-29.195],[-50.06,-29.175],[-50.075,-29.188],[-50.093,-29.168],[-50.057,-29.158],[-50.1,-29.16],[-50.091,-29.22],[-50.047,-29.217],[-50.084,-29.215],[-50.113,-29.24],[-50.093,-29.213],[-50.14,-29.192],[-50.162,-29.204],[-50.134,-29.208],[-50.151,-29.225],[-50.141,-29.238],[-50.178,-29.249],[-50.139,-29.254],[-50.145,-29.294],[-50.129,-29.304],[-50.123,-29.282],[-50.112,-29.306],[-50.066,-29.322],[-50.069,-29.343],[-50.047,-29.34],[-50.041,-29.355],[-50.071,-29.361],[-50.085,-29.332],[-50.106,-29.336],[-50.109,-29.323],[-50.203,-29.368],[-50.191,-29.341],[-50.207,-29.331],[-50.221,-29.342],[-50.216,-29.327],[-50.253,-29.333],[-50.238,-29.347],[-50.239,-29.396],[-50.219,-29.39],[-50.221,-29.41],[-50.199,-29.407],[-50.25,-29.412],[-50.223,-29.433],[-50.225,-29.452],[-50.209,-29.443],[-50.211,-29.461],[-50.203,-29.455],[-50.219,-29.482],[-50.188,-29.489],[-50.166,-29.464],[-50.151,-29.475],[-50.188,-29.506],[-50.168,-29.536],[-50.222,-29.511],[-50.197,-29.495],[-50.214,-29.486],[-50.248,-29.485],[-50.251,-29.5],[-50.276,-29.484],[-50.292,-29.506],[-50.265,-29.455],[-50.292,-29.468],[-50.283,-29.451],[-50.297,-29.458],[-50.288,-29.446],[-50.313,-29.449],[-50.316,-29.434],[-50.332,-29.466],[-50.323,-29.474],[-50.357,-29.508],[-50.337,-29.537],[-50.355,-29.552],[-50.351,-29.571],[-50.326,-29.588],[-50.349,-29.589],[-50.331,-29.611],[-50.359,-29.631],[-50.35,-29.662],[-50.321,-29.656],[-50.314,-29.675],[-50.359,-29.716],[-50.383,-29.719],[-50.45,-29.681],[-50.447,-29.693],[-50.491,-29.688],[-50.49,-29.7],[-50.507,-29.696],[-50.526,-29.719],[-50.548,-29.713],[-50.572,-29.734],[-50.575,-29.711],[-50.681,-29.672],[-50.699,-29.714],[-50.687,-29.746],[-50.713,-29.755],[-50.699,-29.796],[-50.752,-29.789],[-50.682,-29.847],[-50.679,-29.886],[-50.706,-29.926],[-50.686,-29.955],[-50.702,-29.976],[-50.863,-30.016],[-50.922,-30.0],[-50.949,-29.96],[-51.084,-29.972],[-51.126,-29.954],[-51.201,-29.971],[-51.246,-29.933],[-51.412,-29.988],[-51.507,-29.928],[-51.75,-29.96],[-51.868,-29.96],[-51.939,-29.949],[-51.945,-29.931],[-51.984,-29.942],[-51.997,-29.973],[-52.015,-29.938],[-52.033,-29.957],[-52.068,-29.932],[-52.101,-29.947],[-52.135,-29.937],[-52.155,-29.977],[-52.146,-30.02],[-52.17,-30.126],[-52.148,-30.162],[-52.161,-30.205],[-52.136,-30.228],[-52.177,-30.277],[-52.159,-30.317],[-52.174,-30.326],[-52.21,-30.26],[-52.278,-30.264],[-52.278,-30.183],[-52.294,-30.156],[-52.257,-30.142],[-52.328,-30.143],[-52.335,-30.165],[-52.377,-30.128],[-52.392,-30.082],[-52.489,-30.091],[-52.475,-30.105],[-52.495,-30.112],[-52.512,-30.095],[-52.558,-30.172],[-52.532,-30.219],[-52.532,-30.279],[-52.559,-30.285],[-52.557,-30.345],[-52.536,-30.355],[-52.544,-30.362],[-52.581,-30.373],[-52.609,-30.34],[-52.619,-30.262],[-52.657,-30.209],[-52.688,-30.273],[-52.689,-30.342],[-52.714,-30.366],[-52.791,-30.341],[-52.791,-30.302],[-52.811,-30.335],[-52.843,-30.336],[-52.862,-30.359],[-52.865,-30.341],[-52.878,-30.344],[-52.883,-30.407],[-52.87,-30.418],[-52.893,-30.438],[-52.883,-30.488],[-52.912,-30.543],[-52.906,-30.574],[-52.931,-30.606],[-52.975,-30.604],[-52.975,-30.672],[-52.995,-30.684],[-52.979,-30.724],[-52.949,-30.74],[-52.963,-30.76],[-52.948,-30.787],[-52.965,-30.815],[-52.951,-30.84],[-52.961,-30.859],[-52.986,-30.855],[-52.985,-30.872],[-53.015,-30.897],[-53.024,-30.988],[-53.087,-30.969],[-53.131,-30.99],[-53.123,-31.006],[-53.147,-31.03],[-53.223,-30.991],[-53.236,-31.01],[-53.251,-30.999],[-53.262,-31.011],[-53.282,-30.993],[-53.299,-31.004],[-53.325,-30.986],[-53.344,-30.998],[-53.361,-30.979],[-53.392,-30.987],[-53.436,-30.95],[-53.454,-30.968],[-53.461,-30.945],[-53.48,-30.969],[-53.519,-30.934],[-53.542,-30.954],[-53.532,-30.943],[-53.559,-30.941],[-53.543,-30.927],[-53.564,-30.932],[-53.574,-30.908],[-53.602,-30.919],[-53.588,-30.897],[-53.61,-30.898],[-53.601,-30.858],[-53.66,-30.871],[-53.652,-30.841],[-53.672,-30.842],[-53.691,-30.826],[-53.684,-30.813],[-53.701,-30.816],[-53.745,-30.773],[-53.772,-30.8],[-53.805,-30.788],[-53.804,-30.765],[-53.821,-30.749],[-53.804,-30.729],[-53.812,-30.71],[-53.797,-30.706],[-53.8,-30.649],[-53.788,-30.639],[-53.804,-30.633],[-53.779,-30.63],[-53.787,-30.607],[-53.738,-30.57],[-53.736,-30.549],[-53.745,-30.514],[-53.819,-30.519],[-53.859,-30.476],[-53.935,-30.575],[-53.987,-30.616],[-53.981,-30.639],[-54.005,-30.65],[-54.018,-30.693],[-54.061,-30.687],[-54.132,-30.708],[-54.157,-30.778],[-54.322,-30.719],[-54.346,-30.737],[-54.374,-30.677],[-54.439,-30.623],[-54.504,-30.631],[-54.527,-30.614],[-54.608,-30.623],[-54.676,-30.605],[-54.69,-30.629],[-54.7,-30.597],[-54.72,-30.596],[-54.733,-30.631],[-54.771,-30.66],[-54.778,-30.695],[-54.844,-30.735],[-54.915,-30.719],[-54.972,-30.734],[-55.012,-30.725],[-55.04,-30.794],[-55.029,-30.855],[-55.04,-30.877],[-55.102,-30.908],[-55.14,-30.962],[-55.145,-30.985],[-55.115,-31.012],[-55.095,-31.119],[-55.068,-31.159],[-55.08,-31.211],[-55.033,-31.288],[-55.06,-31.332],[-55.122,-31.313],[-55.169,-31.269],[-55.24,-31.261],[-55.25,-31.206],[-55.283,-31.194],[-55.271,-31.177],[-55.291,-31.164],[-55.291,-31.142],[-55.34,-31.131],[-55.327,-31.088],[-55.36,-31.067],[-55.349,-31.039],[-55.374,-31.019],[-55.4,-31.029],[-55.424,-31.018],[-55.441,-30.96],[-55.487,-30.948],[-55.489,-30.925],[-55.546,-30.891],[-55.579,-30.833],[-55.658,-30.864],[-55.642,-30.912],[-55.666,-30.954],[-55.724,-30.943],[-55.728,-30.979],[-55.773,-30.997],[-55.777,-31.016],[-55.812,-31.015],[-55.882,-31.077],[-55.899,-31.067],[-55.934,-31.087],[-55.979,-31.073],[-56.011,-31.082],[-56.015,-30.945],[-55.99,-30.859],[-56.023,-30.786],[-56.062,-30.775],[-56.073,-30.745],[-56.088,-30.758],[-56.107,-30.732],[-56.128,-30.74],[-56.13,-30.717],[-56.151,-30.705],[-56.137,-30.684],[-56.181,-30.631],[-56.171,-30.615],[-56.22,-30.607],[-56.233,-30.575],[-56.262,-30.585],[-56.258,-30.562],[-56.282,-30.56],[-56.292,-30.521],[-56.323,-30.532],[-56.357,-30.492],[-56.383,-30.499],[-56.406,-30.469],[-56.398,-30.448],[-56.454,-30.423],[-56.445,-30.412],[-56.461,-30.386],[-56.491,-30.398],[-56.519,-30.36],[-56.546,-30.361],[-56.542,-30.313],[-56.558,-30.319],[-56.575,-30.289],[-56.619,-30.301],[-56.609,-30.269],[-56.639,-30.259],[-56.624,-30.247],[-56.669,-30.218],[-56.647,-30.204],[-56.682,-30.194],[-56.697,-30.205],[-56.706,-30.176],[-56.777,-30.163],[-56.78,-30.127],[-56.824,-30.096],[-56.885,-30.087],[-56.905,-30.113],[-56.918,-30.096],[-56.956,-30.101],[-56.993,-30.086],[-57.045,-30.106],[-57.068,-30.101],[-57.069,-30.086],[-57.091,-30.122],[-57.116,-30.114],[-57.106,-30.135],[-57.129,-30.141],[-57.168,-30.198],[-57.155,-30.234],[-57.22,-30.289],[-57.25,-30.289],[-57.262,-30.267],[-57.285,-30.294],[-57.314,-30.258],[-57.352,-30.284],[-57.37,-30.273],[-57.392,-30.305],[-57.421,-30.301],[-57.416,-30.278],[-57.464,-30.265],[-57.487,-30.267],[-57.5,-30.289],[-57.525,-30.285],[-57.566,-30.259],[-57.563,-30.209],[-57.65,-30.189],[-57.633,-30.175],[-57.57,-30.172],[-57.465,-30.11],[-57.418,-30.038],[-57.338,-29.99],[-57.33,-29.888],[-57.282,-29.817],[-57.235,-29.781],[-57.172,-29.781],[-57.1,-29.748],[-57.001,-29.652],[-56.971,-29.643],[-56.968,-29.602],[-56.902,-29.534],[-56.822,-29.49],[-56.78,-29.437],[-56.768,-29.378],[-56.7,-29.356],[-56.651,-29.264],[-56.646,-29.2],[-56.589,-29.12],[-56.416,-29.069],[-56.399,-29.017],[-56.416,-29.001],[-56.406,-28.973],[-56.327,-28.928],[-56.3,-28.896],[-56.289,-28.794],[-56.188,-28.772],[-56.119,-28.681],[-56.01,-28.606],[-56.002,-28.578],[-56.026,-28.535],[-56.011,-28.507],[-55.884,-28.479],[-55.903,-28.408],[-55.879,-28.362],[-55.757,-28.369],[-55.734,-28.381],[-55.713,-28.426],[-55.695,-28.423],[-55.67,-28.334],[-55.733,-28.286],[-55.773,-28.274],[-55.778,-28.248],[-55.693,-28.219],[-55.634,-28.178],[-55.611,-28.117],[-55.587,-28.12],[-55.585,-28.148],[-55.558,-28.165],[-55.496,-28.077],[-55.443,-28.094],[-55.369,-28.027],[-55.382,-27.979],[-55.34,-27.967],[-55.319,-27.922],[-55.266,-27.93],[-55.203,-27.858],[-55.172,-27.861],[-55.133,-27.896],[-55.114,-27.849],[-55.03,-27.855],[-55.028,-27.83],[-55.083,-27.797],[-55.08,-27.778],[-55.051,-27.769],[-55.014,-27.797],[-54.989,-27.772],[-54.937,-27.77],[-54.902,-27.716],[-54.907,-27.642],[-54.848,-27.621],[-54.81,-27.53],[-54.795,-27.535],[-54.778,-27.584],[-54.739,-27.561],[-54.681,-27.575],[-54.675,-27.506],[-54.642,-27.545],[-54.627,-27.544],[-54.581,-27.453],[-54.525,-27.506],[-54.506,-27.482],[-54.446,-27.472],[-54.47,-27.426],[-54.411,-27.405],[-54.352,-27.467],[-54.335,-27.451],[-54.339,-27.403],[-54.283,-27.448],[-54.264,-27.399],[-54.214,-27.382],[-54.174,-27.255],[-54.157,-27.263],[-54.155,-27.297],[-54.082,-27.299],[-54.024,-27.252],[-54.008,-27.198],[-53.963,-27.198],[-53.947,-27.151],[-53.902,-27.174],[-53.875,-27.126],[-53.82,-27.176],[-53.77,-27.149],[-53.745,-27.193],[-53.668,-27.162],[-53.644,-27.22],[-53.618,-27.187],[-53.562,-27.172],[-53.493,-27.203],[-53.504,-27.136],[-53.458,-27.157],[-53.418,-27.144],[-53.376,-27.091],[-53.348,-27.12],[-53.312,-27.12],[-53.294,-27.136],[-53.316,-27.219],[-53.242,-27.172],[-53.186,-27.192],[-53.162,-27.141],[-53.132,-27.18],[-53.077,-27.163],[-53.078,-27.111],[-53.048,-27.084],[-53.017,-27.095],[-53.045,-27.134],[-53.032,-27.159]],[[-52.149,-27.735],[-52.114,-27.763],[-52.149,-27.734],[-52.149,-27.735]],[[-52.108,-27.773],[-52.097,-27.775],[-52.117,-27.766],[-52.108,-27.773]],[[-52.097,-27.775],[-52.097,-27.778],[-52.097,-27.777],[-52.097,-27.775]],[[-52.097,-27.779],[-52.096,-27.782],[-52.096,-27.781],[-52.097,-27.779]]],[[[-52.093,-27.789],[-52.092,-27.791],[-52.097,-27.784],[-52.093,-27.789]],[[-52.089,-27.797],[-52.084,-27.8],[-52.091,-27.794],[-52.089,-27.797]],[[-53.085,-27.929],[-53.156,-27.943],[-53.193,-27.994],[-53.244,-28.008],[-53.235,-28.032],[-53.191,-28.045],[-53.194,-28.066],[-53.302,-28.081],[-53.249,-28.142],[-53.256,-28.164],[-53.223,-28.146],[-53.197,-28.159],[-53.183,-28.204],[-53.119,-28.258],[-53.135,-28.286],[-53.12,-28.298],[-53.092,-28.278],[-53.021,-28.317],[-53.042,-28.376],[-52.99,-28.371],[-53.057,-28.397],[-53.047,-28.435],[-53.079,-28.492],[-53.044,-28.551],[-53.018,-28.563],[-53.028,-28.579],[-53.015,-28.603],[-53.038,-28.645],[-53.025,-28.665],[-53.035,-28.686],[-53.013,-28.715],[-53.033,-28.729],[-53.035,-28.764],[-52.998,-28.774],[-53.01,-28.758],[-52.955,-28.76],[-52.963,-28.744],[-52.923,-28.719],[-52.942,-28.7],[-52.928,-28.674],[-52.942,-28.671],[-52.922,-28.652],[-52.936,-28.62],[-52.92,-28.614],[-52.92,-28.579],[-52.932,-28.573],[-52.915,-28.569],[-52.928,-28.554],[-52.914,-28.546],[-52.938,-28.524],[-52.92,-28.521],[-52.924,-28.507],[-52.946,-28.496],[-52.943,-28.446],[-52.924,-28.421],[-52.941,-28.38],[-52.838,-28.386],[-52.778,-28.368],[-52.692,-28.469],[-52.642,-28.439],[-52.642,-28.423],[-52.631,-28.428],[-52.625,-28.411],[-52.649,-28.372],[-52.62,-28.366],[-52.63,-28.354],[-52.603,-28.341],[-52.59,-28.31],[-52.611,-28.296],[-52.637,-28.301],[-52.677,-28.269],[-52.649,-28.266],[-52.608,-28.234],[-52.608,-28.206],[-52.638,-28.191],[-52.632,-28.171],[-52.654,-28.171],[-52.659,-28.123],[-52.691,-28.113],[-52.752,-28.038],[-52.776,-28.029],[-52.816,-28.043],[-52.83,-28.029],[-52.839,-28.061],[-52.854,-28.056],[-52.862,-28.071],[-52.883,-28.07],[-52.889,-28.054],[-52.896,-28.069],[-52.904,-28.052],[-52.941,-28.057],[-52.959,-28.034],[-52.966,-28.05],[-52.973,-28.033],[-52.982,-28.042],[-53.009,-28.027],[-53.011,-28.04],[-53.059,-27.956],[-53.033,-27.964],[-53.034,-27.954],[-53.07,-27.943],[-53.072,-27.924],[-53.085,-27.929]],[[-52.092,-27.998],[-52.113,-28.0],[-52.101,-28.016],[-52.129,-28.015],[-52.088,-28.04],[-52.099,-28.051],[-52.082,-28.064],[-52.1,-28.084],[-52.083,-28.1],[-52.103,-28.117],[-52.043,-28.118],[-52.022,-28.132],[-51.984,-28.128],[-51.971,-28.106],[-51.89,-28.115],[-51.877,-28.142],[-51.797,-28.166],[-51.783,-28.203],[-51.756,-28.215],[-51.729,-28.21],[-51.732,-28.184],[-51.693,-28.191],[-51.705,-28.161],[-51.693,-28.141],[-51.623,-28.132],[-51.635,-28.113],[-51.603,-28.097],[-51.629,-28.091],[-51.614,-28.063],[-51.634,-28.048],[-51.692,-28.092],[-51.704,-28.138],[-51.769,-28.059],[-51.776,-28.028],[-51.803,-28.04],[-51.853,-28.009],[-51.907,-28.008],[-51.929,-27.991],[-51.951,-28.0],[-51.963,-27.981],[-51.985,-28.015],[-52.089,-27.977],[-52.1,-27.982],[-52.092,-27.998]],[[-53.862,-28.537],[-53.817,-28.483],[-53.781,-28.488],[-53.772,-28.434],[-53.838,-28.389],[-53.82,-28.369],[-53.822,-28.285],[-53.796,-28.279],[-53.807,-28.26],[-53.816,-28.283],[-53.832,-28.276],[-53.825,-28.263],[-53.848,-28.259],[-53.832,-28.237],[-53.847,-28.212],[-53.837,-28.168],[-53.791,-28.087],[-53.815,-28.055],[-53.931,-28.119],[-53.913,-28.156],[-53.917,-28.215],[-53.926,-28.24],[-53.954,-28.226],[-53.967,-28.291],[-53.993,-28.283],[-54.017,-28.306],[-54.013,-28.286],[-54.033,-28.274],[-54.076,-28.314],[-54.065,-28.317],[-54.073,-28.336],[-54.041,-28.36],[-54.028,-28.319],[-54.027,-28.338],[-54.006,-28.351],[-53.994,-28.337],[-53.975,-28.466],[-53.956,-28.461],[-53.947,-28.473],[-53.962,-28.472],[-53.959,-28.488],[-53.934,-28.496],[-53.932,-28.477],[-53.915,-28.507],[-53.907,-28.499],[-53.862,-28.537]],[[-53.617,-28.123],[-53.614,-28.203],[-53.646,-28.226],[-53.634,-28.239],[-53.644,-28.273],[-53.657,-28.264],[-53.66,-28.282],[-53.67,-28.261],[-53.68,-28.287],[-53.691,-28.268],[-53.693,-28.287],[-53.722,-28.287],[-53.669,-28.3],[-53.625,-28.362],[-53.61,-28.359],[-53.61,-28.382],[-53.543,-28.41],[-53.545,-28.37],[-53.516,-28.379],[-53.511,-28.397],[-53.483,-28.391],[-53.476,-28.415],[-53.495,-28.477],[-53.46,-28.492],[-53.414,-28.444],[-53.418,-28.412],[-53.373,-28.387],[-53.4,-28.243],[-53.331,-28.233],[-53.311,-28.204],[-53.315,-28.179],[-53.346,-28.17],[-53.353,-28.129],[-53.403,-28.136],[-53.418,-28.116],[-53.412,-28.087],[-53.436,-28.077],[-53.476,-28.088],[-53.51,-28.148],[-53.521,-28.099],[-53.54,-28.084],[-53.527,-28.066],[-53.568,-28.041],[-53.605,-28.058],[-53.622,-28.092],[-53.617,-28.123]],[[-53.44,-29.345],[-53.495,-29.358],[-53.523,-29.384],[-53.513,-29.388],[-53.533,-29.4],[-53.501,-29.422],[-53.499,-29.442],[-53.518,-29.471],[-53.552,-29.441],[-53.571,-29.481],[-53.612,-29.463],[-53.619,-29.486],[-53.655,-29.508],[-53.626,-29.572],[-53.602,-29.564],[-53.583,-29.577],[-53.649,-29.619],[-53.619,-29.649],[-53.633,-29.671],[-53.586,-29.695],[-53.557,-29.688],[-53.534,-29.755],[-53.518,-29.765],[-53.565,-29.813],[-53.549,-29.832],[-53.549,-29.867],[-53.469,-29.88],[-53.403,-29.932],[-53.345,-29.927],[-53.316,-29.946],[-53.317,-29.935],[-53.293,-29.935],[-53.241,-29.969],[-53.238,-29.959],[-53.09,-29.966],[-53.099,-29.949],[-53.082,-29.931],[-53.12,-29.923],[-53.11,-29.85],[-53.161,-29.813],[-53.163,-29.777],[-53.18,-29.774],[-53.201,-29.837],[-53.275,-29.8],[-53.266,-29.783],[-53.291,-29.779],[-53.254,-29.73],[-53.289,-29.733],[-53.282,-29.692],[-53.295,-29.673],[-53.314,-29.685],[-53.353,-29.671],[-53.36,-29.653],[-53.348,-29.626],[-53.33,-29.635],[-53.287,-29.616],[-53.334,-29.553],[-53.31,-29.538],[-53.299,-29.49],[-53.281,-29.478],[-53.293,-29.45],[-53.264,-29.446],[-53.286,-29.436],[-53.261,-29.435],[-53.238,-29.412],[-53.315,-29.437],[-53.365,-29.355],[-53.44,-29.345]]],[[[-54.415,-29.459],[-54.412,-29.456],[-54.416,-29.461],[-54.415,-29.459]]]]}},{"type":"Feature","properties":{"codigo_area_atuacao":"P.101.RS.2020","sigla":"CELETRO","num_municipios":1,"populacao_estimada_2018":null,"area_km2":3735.19055667,"tipo_outorga":"PERMISSIONÁRIA","uf":"RS","regiao":"SUL","num_unidades_consumidoras":23000,"cnpj":"87.776.043/0001-41","razao_social":"COOPERATIVA DE ELETRIFICAÇÃO CENTRO JACUÍ LTDA","ato_legal":"ECT 01/2020","inicio_vigencia_epoch_ms":1577847600000,"cnpj_digits":"87776043000141","subsystem_id":"S","subsystem_mapping_method":"GEOGRAPHIC_REGION_PROXY_MVP"},"geometry":{"type":"Polygon","coordinates":[[[-53.079,-29.794],[-53.058,-29.823],[-52.999,-29.809],[-52.97,-29.812],[-52.964,-29.834],[-52.905,-29.84],[-52.871,-29.875],[-52.85,-29.927],[-52.788,-29.905],[-52.712,-29.909],[-52.71,-29.957],[-52.687,-29.999],[-52.644,-29.995],[-52.605,-30.027],[-52.666,-30.025],[-52.691,-30.061],[-52.675,-30.079],[-52.676,-30.134],[-52.662,-30.141],[-52.669,-30.188],[-52.653,-30.2],[-52.688,-30.273],[-52.689,-30.342],[-52.72,-30.368],[-52.75,-30.363],[-52.765,-30.342],[-52.791,-30.341],[-52.791,-30.302],[-52.811,-30.335],[-52.843,-30.336],[-52.862,-30.359],[-52.865,-30.341],[-52.878,-30.344],[-52.883,-30.407],[-52.87,-30.418],[-52.893,-30.438],[-52.883,-30.488],[-52.912,-30.543],[-52.906,-30.574],[-52.931,-30.606],[-52.975,-30.604],[-52.981,-30.678],[-53.052,-30.663],[-53.055,-30.647],[-53.123,-30.609],[-53.163,-30.538],[-53.189,-30.532],[-53.186,-30.49],[-53.217,-30.447],[-53.189,-30.411],[-53.199,-30.399],[-53.177,-30.394],[-53.17,-30.374],[-53.17,-30.35],[-53.189,-30.339],[-53.181,-30.313],[-53.216,-30.298],[-53.223,-30.327],[-53.281,-30.346],[-53.337,-30.319],[-53.352,-30.248],[-53.287,-30.116],[-53.24,-30.09],[-53.166,-29.994],[-53.09,-29.966],[-53.099,-29.949],[-53.082,-29.931],[-53.12,-29.923],[-53.121,-29.896],[-53.079,-29.794]]]}},{"type":"Feature","properties":{"codigo_area_atuacao":"P.044.SC.2018","sigla":"COOPERZEM","num_municipios":1,"populacao_estimada_2018":8405,"area_km2":173.7,"tipo_outorga":"PERMISSIONÁRIA","uf":"SC","regiao":"SUL","num_unidades_consumidoras":7990,"cnpj":"78.829.843/0001-92","razao_social":"COOPERZEM COOPERATIVA DE DISTRIBUIÇÃO DE ENERGIA ELÉTRICA","ato_legal":"ECT 07/2018, REH 323/2006 de 18/04/2006","inicio_vigencia_epoch_ms":1546311600000,"cnpj_digits":"78829843000192","subsystem_id":"S","subsystem_mapping_method":"GEOGRAPHIC_REGION_PROXY_MVP"},"geometry":{"type":"Polygon","coordinates":[[[-49.034,-28.149],[-49.065,-28.116],[-49.064,-28.041],[-49.043,-28.019],[-49.051,-27.983],[-49.033,-27.954],[-49.044,-27.945],[-49.016,-27.908],[-49.017,-27.864],[-48.95,-27.816],[-48.887,-27.81],[-48.914,-27.841],[-48.873,-27.875],[-48.844,-27.861],[-48.825,-27.893],[-48.846,-27.907],[-48.842,-28.001],[-48.894,-28.079],[-48.868,-28.077],[-48.884,-28.151],[-48.917,-28.151],[-48.911,-28.18],[-48.926,-28.187],[-48.91,-28.234],[-48.956,-28.269],[-48.951,-28.289],[-48.99,-28.264],[-49.017,-28.32],[-49.046,-28.287],[-49.076,-28.291],[-49.084,-28.254],[-49.07,-28.232],[-49.074,-28.192],[-49.024,-28.183],[-49.034,-28.149]]]}}],"name":"areas_distribuicao_brasil_wgs84","crs":{"type":"name","properties":{"name":"EPSG:4326"}},"metadata":{"predicta_note":"subsystem_id is an MVP proxy derived from geographic macroregion; replace with an ONS-authoritative distributor/subsystem mapping when available."}}